,HDFCBANK.NS,INFY.NS,RELIANCE.NS,TCS.NS
HDFCBANK.NS,1.0,0.9306301394354555,0.833426735771564,0.9394609507978784
INFY.NS,0.9306301394354555,1.0,0.880105765673127,0.9680084022826371
RELIANCE.NS,0.833426735771564,0.8801057656731271,1.0,0.817332528679206
TCS.NS,0.9394609507978784,0.9680084022826371,0.817332528679206,1.0
