,AAPL,MSFT,NVDA,TSLA
AAPL,1.0,0.9597095233339413,0.9142229140295959,0.9907385377702415
MSFT,0.9597095233339413,1.0,0.8401802192055037,0.9320675255270336
NVDA,0.9142229140295959,0.8401802192055037,1.0,0.9155248697258833
TSLA,0.9907385377702415,0.9320675255270336,0.9155248697258833,1.0
