,AAPL,MSFT,NVDA,TSLA
AAPL,1.0,0.9717481008721348,0.9461215594678133,0.9460150966865123
MSFT,0.9717481008721348,1.0,0.9055356153687237,0.8971527247118427
NVDA,0.9461215594678132,0.9055356153687237,1.0,0.9726146946040298
TSLA,0.9460150966865123,0.8971527247118428,0.9726146946040298,1.0
