,AAPL,MSFT,NVDA,TSLA
AAPL,1.0,0.9429134267736426,0.9117728771332421,0.9643305667180503
MSFT,0.9429134267736428,1.0,0.9019438230426786,0.9330820993042006
NVDA,0.911772877133242,0.9019438230426786,1.0,0.9484663800084637
TSLA,0.9643305667180502,0.9330820993042006,0.9484663800084637,1.0
