,AAPL,AMZN,BABA,GOOGL,JPM,MSFT,NVDA,TSLA,V
AAPL,1.0,0.9788517326761559,0.9352541704637737,0.9424594292616287,0.9673566009921595,0.9698164350722114,0.9356935899121099,0.9540600843617645,0.9304582953529397
AMZN,0.9788517326761559,1.0,0.9325516393585525,0.9302496449254637,0.9770081440539313,0.989430381297163,0.9375386193903192,0.9521011721332162,0.9467126097530175
BABA,0.9352541704637737,0.9325516393585525,1.0,0.9083391353106498,0.8973826105887631,0.9169902565469493,0.9471629366870247,0.9744053013887759,0.904068169380287
GOOGL,0.9424594292616287,0.9302496449254637,0.9083391353106497,1.0,0.9021559680903567,0.9188003176420847,0.9233247912604384,0.9515110217885098,0.8583771102636355
JPM,0.9673566009921595,0.9770081440539314,0.8973826105887632,0.9021559680903566,1.0,0.9755509667154483,0.9074441656835383,0.9244307628647721,0.9407152694343186
MSFT,0.9698164350722114,0.989430381297163,0.9169902565469493,0.9188003176420847,0.9755509667154484,1.0,0.9115729877269277,0.9416652885817062,0.9372603229129657
NVDA,0.93569358991211,0.9375386193903192,0.9471629366870248,0.9233247912604384,0.9074441656835383,0.9115729877269277,1.0,0.9485936805935036,0.910814975559159
TSLA,0.9540600843617644,0.9521011721332162,0.9744053013887758,0.9515110217885099,0.9244307628647721,0.9416652885817062,0.9485936805935036,1.0,0.9320576673783102
V,0.9304582953529397,0.9467126097530175,0.904068169380287,0.8583771102636355,0.9407152694343185,0.9372603229129657,0.9108149755591589,0.9320576673783101,1.0
