,HDFCBANK.NS,INFY.NS,RELIANCE.NS,TCS.NS
HDFCBANK.NS,1.0,0.9394165108503213,0.9390832626222434,0.9573937679681281
INFY.NS,0.9394165108503212,1.0,0.961633464097487,0.9474322020136586
RELIANCE.NS,0.9390832626222434,0.9616334640974871,1.0,0.9428410594200752
TCS.NS,0.9573937679681281,0.9474322020136586,0.9428410594200752,1.0
