date,kdcode,dt,open,high,low,close,adj_close,volume
2025-02-01,TVSMOTOR.NS,2025-02-01,,,,,,
2025-02-01,HEROMOTOCO.NS,2025-02-01,4330.0,4522.9501953125,4236.0498046875,4402.14990234375,4230.4326171875,1141242.0
2025-02-01,LAURUSLABS.NS,2025-02-01,582.0,608.0,574.4000244140625,595.5999755859375,594.2975463867188,2449827.0
2025-02-01,SIEMENS.NS,2025-02-01,3597.1328125,3607.69873046875,3316.547119140625,3374.2197265625,3374.2197265625,866946.0
2025-02-01,HAPPSTMNDS.NS,2025-02-01,699.1500244140625,711.4500122070312,691.0499877929688,696.2999877929688,688.7456665039062,177800.0
2025-02-01,BIOCON.NS,2025-02-01,361.25,375.6499938964844,358.5,370.4500122070313,369.9553527832031,2156378.0
2025-02-01,IDFCFIRSTB.NS,2025-02-01,63.22999954223633,63.5,61.630001068115234,61.95000076293945,61.747894287109375,22662533.0
2025-02-01,ICICIBANK.NS,2025-02-01,1251.1500244140625,1261.3499755859375,1233.800048828125,1255.550048828125,1245.936279296875,3011914.0
2025-02-01,CAMS.NS,2025-02-01,3619.949951171875,3707.85009765625,3471.35009765625,3537.300048828125,3481.01904296875,660530.0
2025-02-01,BPCL.NS,2025-02-01,261.75,262.04998779296875,248.0,255.6499938964844,246.723876953125,11464565.0
2025-02-01,JSWSTEEL.NS,2025-02-01,947.8499755859376,955.2000122070312,911.6500244140624,934.25,931.740966796875,1339508.0
2025-02-01,BDL.NS,2025-02-01,,,,,,
2025-02-01,ITC.NS,2025-02-01,448.0,471.5,439.5499877929688,462.5499877929688,447.1240539550781,30393007.0
2025-02-01,CDSL.NS,2025-02-01,1318.949951171875,1347.0,1264.25,1306.9000244140625,1296.33056640625,4099037.0
2025-02-01,BRITANNIA.NS,2025-02-01,5160.0,5379.0,5051.0,5201.35009765625,5134.06787109375,634040.0
2025-02-01,WIPRO.NS,2025-02-01,312.54998779296875,313.25,303.3500061035156,304.79998779296875,298.9203491210937,6046117.0
2025-02-01,TATACHEM.NS,2025-02-01,985.0,988.9500122070312,952.6500244140624,964.2999877929688,953.2547607421876,349881.0
2025-02-01,ASIANPAINT.NS,2025-02-01,2312.0,2389.0,2285.300048828125,2351.14990234375,2326.02587890625,1318619.0
2025-02-01,EICHERMOT.NS,2025-02-01,5214.7998046875,5423.0498046875,5130.10009765625,5390.14990234375,5321.15283203125,609534.0
2025-02-01,COFORGE.NS,2025-02-01,1660.0,1681.0999755859375,1602.199951171875,1615.27001953125,1604.0709228515625,937265.0
2025-02-01,IIFL.NS,2025-02-01,360.5499877929688,362.7999877929688,348.5,357.8999938964844,357.8999938964844,743428.0
2025-02-01,TCS.NS,2025-02-01,4113.0,4135.89990234375,4056.0,4073.14990234375,4008.65966796875,437172.0
2025-02-01,HAVELLS.NS,2025-02-01,1574.4000244140625,1669.949951171875,1540.9000244140625,1656.199951171875,1649.85595703125,1523321.0
2025-02-01,COALINDIA.NS,2025-02-01,395.8999938964844,399.4500122070313,379.0499877929688,385.2999877929688,364.7497863769531,7015540.0
2025-02-01,SHREECEM.NS,2025-02-01,27918.94921875,27943.849609375,26419.75,27363.75,27184.501953125,30109.0
2025-02-01,SBIN.NS,2025-02-01,774.7999877929688,778.75,752.1500244140625,766.0,750.9218139648438,9363077.0
2025-02-01,AXISBANK.NS,2025-02-01,989.5,1004.9500122070312,982.0,998.1500244140624,997.2977294921876,4830391.0
2025-02-01,IEX.NS,2025-02-01,175.0,175.5500030517578,166.27999877929688,168.36000061035156,167.08119201660156,4720491.0
2025-02-01,SUZLON.NS,2025-02-01,60.5,61.06999969482422,56.5099983215332,58.15999984741211,58.15999984741211,168912946.0
2025-02-01,AARTIIND.NS,2025-02-01,447.7000122070313,463.8500061035156,439.1000061035156,459.6499938964844,458.4278564453125,2427806.0
2025-02-01,PERSISTENT.NS,2025-02-01,6047.75,6138.89990234375,5833.10009765625,5933.5498046875,5917.59521484375,317096.0
2025-02-01,BATAINDIA.NS,2025-02-01,1295.0,1385.1500244140625,1288.050048828125,1377.1500244140625,1366.7459716796875,916732.0
2025-02-01,PIIND.NS,2025-02-01,3500.0,3541.5,3431.5,3481.699951171875,3466.718505859375,108705.0
2025-02-01,GODREJPROP.NS,2025-02-01,2320.0,2402.699951171875,2258.14990234375,2360.14990234375,2360.14990234375,489813.0
2025-02-01,HINDALCO.NS,2025-02-01,594.0,595.4000244140625,582.0,586.4500122070312,582.1806030273438,1740719.0
2025-02-01,MARUTI.NS,2025-02-01,12320.0,13150.0,12228.650390625,12916.5,12778.1962890625,1101170.0
2025-02-01,MCX.NS,2025-02-01,5733.0,5825.0,5644.2001953125,5774.75,5752.77880859375,169167.0
2025-02-01,SAIL.NS,2025-02-01,107.69000244140624,108.3000030517578,104.4000015258789,106.52999877929688,105.21135711669922,12068981.0
2025-02-01,RELIANCE.NS,2025-02-01,1265.0999755859375,1270.550048828125,1241.0,1264.5999755859375,1259.5693359375,7118453.0
2025-02-01,PAGEIND.NS,2025-02-01,44775.0,47168.8984375,43605.0,46572.75,45909.30078125,48216.0
2025-02-01,HDFCAMC.NS,2025-02-01,1934.925048828125,2003.7750244140625,1885.5,1954.050048828125,1918.054931640625,502460.0
2025-02-01,ADANIENT.NS,2025-02-01,,,,,,
2025-02-01,ANGELONE.NS,2025-02-01,2344.800048828125,2520.0,2296.5,2478.89990234375,2445.229736328125,1421743.0
2025-02-01,VOLTAS.NS,2025-02-01,1270.0,1331.800048828125,1135.0,1323.949951171875,1316.6004638671875,5371015.0
2025-02-01,MARICO.NS,2025-02-01,670.6500244140625,736.9000244140625,666.0499877929688,694.2000122070312,683.7173461914062,4446114.0
2025-02-01,TATASTEEL.NS,2025-02-01,135.0,135.5,130.25,132.97000122070312,129.93972778320312,21173846.0
2025-02-01,PIDILITIND.NS,2025-02-01,1432.0,1504.2750244140625,1430.074951171875,1473.625,1463.5809326171875,329360.0
2025-02-01,RITES.NS,2025-02-01,264.3999938964844,272.54998779296875,253.5,254.6499938964844,248.84152221679688,2187814.0
2025-02-01,HCLTECH.NS,2025-02-01,1726.0,1731.949951171875,1688.0,1694.0,1648.5010986328125,569018.0
2025-02-01,RAYMOND.NS,2025-02-01,1518.0,1545.0,1490.3499755859375,1519.6500244140625,1519.6500244140625,167352.0
2025-02-01,POLYCAB.NS,2025-02-01,,,,,,
2025-02-01,SUNPHARMA.NS,2025-02-01,1740.0,1789.0,1733.300048828125,1742.199951171875,1726.0811767578125,1477972.0
2025-02-01,MAXHEALTH.NS,2025-02-01,1073.449951171875,1117.75,1067.25,1108.25,1106.9725341796875,1484218.0
2025-02-01,BEML.NS,2025-02-01,1944.800048828125,1989.5,1816.2750244140625,1834.2249755859373,1822.499755859375,1319506.0
2025-02-01,HINDUNILVR.NS,2025-02-01,2475.0,2602.0,2435.14990234375,2506.050048828125,2460.627197265625,2970999.0
2025-02-01,DATAPATTNS.NS,2025-02-01,2221.050048828125,2333.0,2062.0,2100.199951171875,2093.91748046875,321346.0
2025-02-01,LUPIN.NS,2025-02-01,2080.0,2118.60009765625,2028.699951171875,2056.25,2043.5400390625,252855.0
2025-02-01,POONAWALLA.NS,2025-02-01,,,,,,
2025-02-01,ASHOKLEY.NS,2025-02-01,108.9499969482422,110.53500366210938,102.00499725341795,103.1750030517578,100.6994400024414,27247028.0
2025-02-01,PRESTIGE.NS,2025-02-01,1370.199951171875,1490.800048828125,1370.199951171875,1431.699951171875,1430.053955078125,2982704.0
2025-02-01,TECHM.NS,2025-02-01,1674.5,1685.9000244140625,1636.699951171875,1646.4000244140625,1600.103759765625,410470.0
2025-02-01,INFY.NS,2025-02-01,1880.300048828125,1890.5999755859373,1846.0,1851.3499755859373,1798.1353759765625,1701402.0
2025-02-01,MON100.NS,2025-02-01,209.0,209.0,204.5200042724609,206.5800018310547,206.5800018310547,391743.0
2025-02-01,NAVINFLUOR.NS,2025-02-01,4121.0,4184.0,4038.64990234375,4132.64990234375,4122.30517578125,179862.0
2025-02-01,RAILTEL.NS,2025-02-01,408.5,426.3999938964844,367.6000061035156,378.6499938964844,375.4500427246094,8084800.0
2025-02-01,INDIGO.NS,2025-02-01,4340.0,4516.9501953125,4285.7001953125,4492.39990234375,4484.82080078125,642870.0
2025-02-01,HDFCBANK.NS,2025-02-01,848.75,856.5,838.0250244140625,845.4749755859375,834.1991577148438,5587528.0
2025-02-01,KOTAKBANK.NS,2025-02-01,,,,,,
2025-02-01,OBEROIRLTY.NS,2025-02-01,1813.449951171875,1853.75,1765.0,1844.25,1837.6796875,534832.0
2025-02-01,M&M.NS,2025-02-01,,,,,,
2025-02-01,AUROPHARMA.NS,2025-02-01,1179.449951171875,1179.449951171875,1136.449951171875,1142.5999755859375,1138.3270263671875,404202.0
2025-02-01,PVRINOX.NS,2025-02-01,1097.9000244140625,1139.9000244140625,1062.0999755859375,1123.75,1123.75,551609.0
2025-02-01,MUTHOOTFIN.NS,2025-02-01,2260.0,2275.0,2155.550048828125,2182.449951171875,2156.063720703125,200225.0
2025-02-01,MPHASIS.NS,2025-02-01,2850.0,2869.0,2776.25,2798.5,2743.676513671875,301341.0
2025-02-01,NESTLEIND.NS,2025-02-01,1156.5,1187.0,1128.625,1163.5999755859375,1151.3548583984375,2493130.0
2025-02-01,INDUSTOWER.NS,2025-02-01,346.8999938964844,366.3999938964844,334.0,352.79998779296875,352.79998779296875,7963805.0
2025-02-01,SBICARD.NS,2025-02-01,775.0,833.5,770.0999755859375,824.9500122070312,822.4926147460938,3471634.0
2025-02-01,CESC.NS,2025-02-01,143.0,145.2899932861328,136.14999389648438,138.80999755859375,134.2995147705078,6264331.0
2025-02-01,TITAN.NS,2025-02-01,3527.0,3635.14990234375,3408.0,3552.0,3541.342529296875,2186692.0
2025-02-01,CUMMINSIND.NS,2025-02-01,2944.550048828125,2996.449951171875,2736.800048828125,2797.449951171875,2753.500732421875,1121092.0
2025-02-01,BAJFINANCE.NS,2025-02-01,788.0,810.9949951171875,778.4400024414062,800.010009765625,795.1038208007812,16153780.0
2025-02-01,MRF.NS,2025-02-01,113632.5,114499.953125,112215.203125,114183.453125,114004.390625,4218.0
2025-02-01,ONGC.NS,2025-02-01,259.54998779296875,262.5,253.75,257.54998779296875,245.1938934326172,10921673.0
2025-02-01,GOLDBEES.NS,2025-02-01,70.0,70.0,68.4000015258789,68.94999694824219,68.94999694824219,15755452.0
2025-02-01,BHARATFORG.NS,2025-02-01,,,,,,
2025-02-01,CONCOR.NS,2025-02-01,625.5599975585938,628.760009765625,590.1199951171875,604.760009765625,595.0165405273438,2052607.0
2025-02-01,OIL.NS,2025-02-01,,,,,,
2025-02-01,DIXON.NS,2025-02-01,15127.849609375,15305.0,13610.0,14714.349609375,14707.8046875,524302.0
2025-02-01,DRREDDY.NS,2025-02-01,1220.4000244140625,1220.4000244140625,1200.0999755859375,1204.949951171875,1197.356201171875,1067956.0
2025-02-01,APOLLOTYRE.NS,2025-02-01,440.1499938964844,441.25,421.3500061035156,426.3500061035156,421.8359680175781,1195015.0
2025-02-01,BHARTIARTL.NS,2025-02-01,1627.0,1644.0,1609.199951171875,1623.25,1609.7923583984375,2741589.0
2025-02-01,LALPATHLAB.NS,2025-02-01,2889.0,2893.89990234375,2795.0,2861.60009765625,2837.778564453125,76216.0
2025-02-01,SRF.NS,2025-02-01,2820.0,2862.449951171875,2764.050048828125,2826.050048828125,2818.899169921875,409517.0
2025-02-01,TATACOMM.NS,2025-02-01,1633.5999755859375,1642.699951171875,1592.5999755859375,1616.699951171875,1592.9207763671875,154011.0
2025-02-01,CIPLA.NS,2025-02-01,1479.4000244140625,1486.5,1427.25,1439.5,1424.2852783203125,1306859.0
2025-02-01,BHEL.NS,2025-02-01,209.55999755859372,214.3999938964844,196.6000061035156,200.0200042724609,199.6005859375,24872103.0
2025-02-01,BSOFT.NS,2025-02-01,539.9000244140625,541.75,528.8499755859375,535.0499877929688,526.751220703125,432054.0
2025-02-01,ZENSARTECH.NS,2025-02-01,875.9000244140625,984.9500122070312,860.0499877929688,967.75,955.1743774414062,16374623.0
2025-02-01,TATAELXSI.NS,2025-02-01,6370.0,6400.0,6269.0498046875,6381.25,6309.87109375,80662.0
2025-02-01,GRSE.NS,2025-02-01,1639.5999755859375,1709.75,1561.0999755859375,1596.6500244140625,1580.575927734375,2410489.0
2025-02-01,MAZDOCK.NS,2025-02-01,2509.64990234375,2587.300048828125,2323.050048828125,2379.699951171875,2369.6748046875,7472837.0
2025-02-01,TRIDENT.NS,2025-02-01,31.549999237060547,32.45000076293945,30.549999237060547,30.770000457763672,30.30561637878418,8566938.0
2025-02-01,MANAPPURAM.NS,2025-02-01,,,,,,
2025-02-01,IRCON.NS,2025-02-01,223.0,229.5,199.3999938964844,200.8800048828125,197.6304626464844,31619043.0
2025-02-01,RVNL.NS,2025-02-01,485.0,501.7999877929688,428.2000122070313,433.5499877929688,431.2957458496094,46000882.0
2025-02-01,NIFTYBEES.NS,2025-02-01,261.010009765625,264.70001220703125,261.0,262.1300048828125,262.1300048828125,9097872.0
2025-02-03,TVSMOTOR.NS,2025-02-03,,,,,,
2025-02-03,HEROMOTOCO.NS,2025-02-03,4420.0,4430.0,4228.2001953125,4286.64990234375,4119.43798828125,846135.0
2025-02-03,LAURUSLABS.NS,2025-02-03,590.0999755859375,595.3499755859375,580.5,586.3499755859375,585.0677490234375,1648186.0
2025-02-03,SIEMENS.NS,2025-02-03,3376.421142578125,3386.987060546875,3042.036865234375,3067.6005859375,3067.6005859375,2949638.0
2025-02-03,HAPPSTMNDS.NS,2025-02-03,700.0,727.0,700.0,714.7999877929688,707.0449829101562,1162748.0
2025-02-03,BIOCON.NS,2025-02-03,364.9500122070313,367.7999877929688,359.3999938964844,364.4500122070313,363.96337890625,1613162.0
2025-02-03,IDFCFIRSTB.NS,2025-02-03,61.5,62.77000045776367,60.869998931884766,62.2599983215332,62.05688095092773,20092486.0
2025-02-03,ICICIBANK.NS,2025-02-03,1246.8499755859375,1260.0,1237.800048828125,1253.0,1243.40576171875,6176831.0
2025-02-03,CAMS.NS,2025-02-03,3530.199951171875,3573.949951171875,3382.0,3398.0,3343.935791015625,646917.0
2025-02-03,BPCL.NS,2025-02-03,250.9499969482422,251.8000030517578,242.1999969482422,249.5500030517578,240.8368682861328,21517136.0
2025-02-03,JSWSTEEL.NS,2025-02-03,915.0,937.4500122070312,914.0,933.9500122070312,931.4417724609376,1130056.0
2025-02-03,BDL.NS,2025-02-03,,,,,,
2025-02-03,ITC.NS,2025-02-03,462.0,465.2000122070313,452.2999877929688,454.3500061035156,439.1975708007813,16991730.0
2025-02-03,CDSL.NS,2025-02-03,1300.0,1302.75,1238.5,1247.050048828125,1236.964599609375,3824554.0
2025-02-03,BRITANNIA.NS,2025-02-03,5232.60009765625,5232.60009765625,5015.0,5105.5498046875,5039.5068359375,517520.0
2025-02-03,WIPRO.NS,2025-02-03,303.0,314.0,300.29998779296875,313.6000061035156,307.5506286621094,14877076.0
2025-02-03,TATACHEM.NS,2025-02-03,964.2999877929688,966.9000244140624,937.0,946.5499877929688,935.7080688476562,832855.0
2025-02-03,ASIANPAINT.NS,2025-02-03,2351.14990234375,2364.449951171875,2277.699951171875,2292.25,2267.75537109375,1070382.0
2025-02-03,EICHERMOT.NS,2025-02-03,5575.0,5575.5,5406.89990234375,5485.25,5415.03564453125,1330533.0
2025-02-03,COFORGE.NS,2025-02-03,1595.0,1671.97998046875,1564.030029296875,1668.8199462890625,1657.2496337890625,2057765.0
2025-02-03,IIFL.NS,2025-02-03,350.75,352.95001220703125,341.3999938964844,346.5,346.5,737611.0
2025-02-03,TCS.NS,2025-02-03,4030.89990234375,4077.0,3998.699951171875,4068.64990234375,4004.23046875,1265713.0
2025-02-03,HAVELLS.NS,2025-02-03,1645.0,1712.8499755859375,1635.1500244140625,1660.1500244140625,1653.7908935546875,1872505.0
2025-02-03,COALINDIA.NS,2025-02-03,384.0,384.1499938964844,366.5,374.0,354.0524597167969,7689700.0
2025-02-03,SHREECEM.NS,2025-02-03,27000.0,27723.44921875,26856.55078125,27555.349609375,27374.849609375,31317.0
2025-02-03,SBIN.NS,2025-02-03,762.7999877929688,762.7999877929688,753.1500244140625,760.9500122070312,745.9712524414062,7862190.0
2025-02-03,AXISBANK.NS,2025-02-03,987.0999755859376,1000.5,983.3499755859376,989.4000244140624,988.55517578125,7124605.0
2025-02-03,IEX.NS,2025-02-03,167.1999969482422,172.8000030517578,166.02000427246094,169.67999267578125,168.39114379882812,6074009.0
2025-02-03,SUZLON.NS,2025-02-03,57.77999877929688,59.09999847412109,55.40999984741211,56.369998931884766,56.369998931884766,93425367.0
2025-02-03,AARTIIND.NS,2025-02-03,445.0499877929688,468.3999938964844,428.5,452.6000061035156,451.3966064453125,6114774.0
2025-02-03,PERSISTENT.NS,2025-02-03,5830.0,6107.9501953125,5477.5498046875,6076.75,6060.41015625,557306.0
2025-02-03,BATAINDIA.NS,2025-02-03,1364.050048828125,1424.5999755859375,1351.75,1415.300048828125,1404.6077880859375,998808.0
2025-02-03,PIIND.NS,2025-02-03,3476.10009765625,3692.5,3476.10009765625,3619.449951171875,3603.87548828125,1156135.0
2025-02-03,GODREJPROP.NS,2025-02-03,2339.949951171875,2339.949951171875,2279.0,2319.75,2319.75,596145.0
2025-02-03,HINDALCO.NS,2025-02-03,575.0,576.5999755859375,557.5999755859375,574.0499877929688,569.870849609375,8169543.0
2025-02-03,MARUTI.NS,2025-02-03,12990.0,13461.2001953125,12921.650390625,13139.9501953125,12999.25390625,926127.0
2025-02-03,MCX.NS,2025-02-03,5700.0,5718.39990234375,5577.0498046875,5681.14990234375,5659.53515625,199882.0
2025-02-03,SAIL.NS,2025-02-03,104.0,104.30999755859376,100.3000030517578,102.2699966430664,101.00408172607422,16535047.0
2025-02-03,RELIANCE.NS,2025-02-03,1251.0,1256.0,1237.550048828125,1245.9000244140625,1240.94384765625,9252345.0
2025-02-03,PAGEIND.NS,2025-02-03,46542.8515625,47493.5,45409.5,47278.75,46605.2421875,23382.0
2025-02-03,HDFCAMC.NS,2025-02-03,1950.0,1950.0,1893.0,1905.449951171875,1870.35009765625,815874.0
2025-02-03,ADANIENT.NS,2025-02-03,,,,,,
2025-02-03,ANGELONE.NS,2025-02-03,2423.949951171875,2423.949951171875,2304.75,2325.75,2294.16015625,1129582.0
2025-02-03,VOLTAS.NS,2025-02-03,1315.0999755859375,1406.5999755859375,1276.6500244140625,1401.300048828125,1393.521240234375,7208353.0
2025-02-03,MARICO.NS,2025-02-03,688.4000244140625,690.0499877929688,661.8499755859375,673.3499755859375,663.18212890625,2367737.0
2025-02-03,TATASTEEL.NS,2025-02-03,131.2899932861328,132.50999450683594,127.80999755859376,131.82000732421875,128.81594848632812,27765357.0
2025-02-03,PIDILITIND.NS,2025-02-03,1473.625,1486.300048828125,1455.6500244140625,1480.375,1470.284912109375,494688.0
2025-02-03,RITES.NS,2025-02-03,246.0,249.6000061035156,230.5,232.3999938964844,227.0990295410156,5367975.0
2025-02-03,HCLTECH.NS,2025-02-03,1665.0,1700.5999755859375,1661.5,1692.0,1646.5548095703125,2659929.0
2025-02-03,RAYMOND.NS,2025-02-03,1519.949951171875,1530.050048828125,1489.5,1498.199951171875,1498.199951171875,144948.0
2025-02-03,POLYCAB.NS,2025-02-03,,,,,,
2025-02-03,SUNPHARMA.NS,2025-02-03,1781.449951171875,1785.9000244140625,1710.550048828125,1740.5999755859375,1724.49609375,2210231.0
2025-02-03,MAXHEALTH.NS,2025-02-03,1125.0,1150.0,1090.550048828125,1145.0,1143.68017578125,2635417.0
2025-02-03,BEML.NS,2025-02-03,1810.0,1814.050048828125,1722.5,1733.675048828125,1722.592529296875,495056.0
2025-02-03,HINDUNILVR.NS,2025-02-03,2505.0,2520.0,2416.5,2441.949951171875,2397.68896484375,2528480.0
2025-02-03,DATAPATTNS.NS,2025-02-03,2080.0,2133.300048828125,1993.550048828125,2000.199951171875,1994.216552734375,189417.0
2025-02-03,LUPIN.NS,2025-02-03,2056.25,2074.89990234375,2001.0,2032.25,2019.6884765625,849366.0
2025-02-03,POONAWALLA.NS,2025-02-03,,,,,,
2025-02-03,ASHOKLEY.NS,2025-02-03,103.1750030517578,103.3949966430664,99.81999969482422,101.95500183105467,99.50871276855467,21291626.0
2025-02-03,PRESTIGE.NS,2025-02-03,1421.0,1457.3499755859375,1385.0,1425.1500244140625,1423.511474609375,1116995.0
2025-02-03,TECHM.NS,2025-02-03,1630.0,1664.050048828125,1605.1500244140625,1654.699951171875,1608.170166015625,1415698.0
2025-02-03,INFY.NS,2025-02-03,1836.0,1876.550048828125,1832.4000244140625,1863.300048828125,1809.741943359375,4823228.0
2025-02-03,MON100.NS,2025-02-03,206.5800018310547,206.5800018310547,199.1999969482422,203.38999938964844,203.38999938964844,704336.0
2025-02-03,NAVINFLUOR.NS,2025-02-03,4132.0,4253.89990234375,4059.5,4173.0,4162.5546875,484432.0
2025-02-03,RAILTEL.NS,2025-02-03,370.7000122070313,374.1499938964844,352.1000061035156,358.04998779296875,355.02410888671875,3097479.0
2025-02-03,INDIGO.NS,2025-02-03,4482.9501953125,4498.9501953125,4337.5,4393.7001953125,4386.28759765625,787814.0
2025-02-03,HDFCBANK.NS,2025-02-03,835.0,843.4000244140625,831.7249755859375,839.0,827.8104858398438,20276540.0
2025-02-03,KOTAKBANK.NS,2025-02-03,,,,,,
2025-02-03,OBEROIRLTY.NS,2025-02-03,1840.0,1844.4000244140625,1778.6500244140625,1803.8499755859373,1797.4234619140625,668940.0
2025-02-03,M&M.NS,2025-02-03,,,,,,
2025-02-03,AUROPHARMA.NS,2025-02-03,1135.0,1138.300048828125,1100.0999755859375,1125.4000244140625,1121.19140625,619531.0
2025-02-03,PVRINOX.NS,2025-02-03,1115.550048828125,1132.0,1093.0999755859375,1112.0,1112.0,403857.0
2025-02-03,MUTHOOTFIN.NS,2025-02-03,2163.0,2181.85009765625,2132.449951171875,2172.449951171875,2146.1845703125,323920.0
2025-02-03,MPHASIS.NS,2025-02-03,2790.0,2838.550048828125,2728.10009765625,2817.75,2762.54931640625,606662.0
2025-02-03,NESTLEIND.NS,2025-02-03,1163.5999755859375,1187.0,1155.8499755859375,1158.550048828125,1146.358154296875,2281742.0
2025-02-03,INDUSTOWER.NS,2025-02-03,347.1000061035156,351.25,338.70001220703125,350.1000061035156,350.1000061035156,4618051.0
2025-02-03,SBICARD.NS,2025-02-03,820.5,846.5,819.0499877929688,825.2999877929688,822.841552734375,4840203.0
2025-02-03,CESC.NS,2025-02-03,137.00999450683594,137.24000549316406,132.5800018310547,135.14999389648438,130.75843811035156,5326976.0
2025-02-03,TITAN.NS,2025-02-03,3565.0,3642.550048828125,3551.75,3580.300048828125,3569.5576171875,1543897.0
2025-02-03,CUMMINSIND.NS,2025-02-03,2790.0,2793.5,2660.60009765625,2700.699951171875,2658.2705078125,1133967.0
2025-02-03,BAJFINANCE.NS,2025-02-03,792.219970703125,843.9299926757812,792.10498046875,842.5800170898438,837.4127197265625,43369260.0
2025-02-03,MRF.NS,2025-02-03,114100.0,114990.3515625,113400.0,113793.296875,113614.84375,4291.0
2025-02-03,ONGC.NS,2025-02-03,255.6000061035156,256.3500061035156,244.8500061035156,249.0,237.0541076660156,25719512.0
2025-02-03,GOLDBEES.NS,2025-02-03,70.0,70.0,68.47000122070312,69.63999938964844,69.63999938964844,13682573.0
2025-02-03,BHARATFORG.NS,2025-02-03,,,,,,
2025-02-03,CONCOR.NS,2025-02-03,603.2000122070312,603.2000122070312,571.4000244140625,576.0399780273438,566.7592163085938,1449951.0
2025-02-03,OIL.NS,2025-02-03,,,,,,
2025-02-03,DIXON.NS,2025-02-03,14580.099609375,14700.0,14225.0,14486.150390625,14479.7060546875,331167.0
2025-02-03,DRREDDY.NS,2025-02-03,1200.0,1220.0,1196.800048828125,1203.8499755859375,1196.2630615234375,1407877.0
2025-02-03,APOLLOTYRE.NS,2025-02-03,424.0,428.3999938964844,411.3500061035156,414.6499938964844,410.25982666015625,1118063.0
2025-02-03,BHARTIARTL.NS,2025-02-03,1619.9000244140625,1661.0,1608.0999755859375,1652.3499755859375,1638.6510009765625,4146970.0
2025-02-03,LALPATHLAB.NS,2025-02-03,2850.0,2858.0,2771.300048828125,2817.25,2793.797607421875,139251.0
2025-02-03,SRF.NS,2025-02-03,2875.0,2970.0,2826.050048828125,2942.699951171875,2935.253662109375,2457417.0
2025-02-03,TATACOMM.NS,2025-02-03,1600.199951171875,1600.199951171875,1550.5999755859375,1560.5,1537.5474853515625,161248.0
2025-02-03,CIPLA.NS,2025-02-03,1435.0,1439.300048828125,1406.1500244140625,1420.550048828125,1405.53564453125,1757831.0
2025-02-03,BHEL.NS,2025-02-03,197.82000732421875,197.8999938964844,189.6300048828125,196.2400054931641,195.82850646972656,23794278.0
2025-02-03,BSOFT.NS,2025-02-03,530.0,535.6500244140625,523.4500122070312,531.1500244140625,522.9117431640625,757861.0
2025-02-03,ZENSARTECH.NS,2025-02-03,947.0,947.0,882.0,891.5999755859375,880.013916015625,4322067.0
2025-02-03,TATAELXSI.NS,2025-02-03,6330.0,6420.0,6250.7001953125,6396.25,6324.70361328125,71348.0
2025-02-03,GRSE.NS,2025-02-03,1568.0,1582.5,1474.0,1507.949951171875,1492.768798828125,983607.0
2025-02-03,MAZDOCK.NS,2025-02-03,2330.0,2364.5,2220.10009765625,2234.300048828125,2224.887451171875,3309775.0
2025-02-03,TRIDENT.NS,2025-02-03,30.600000381469727,31.440000534057617,30.299999237060547,30.81999969482422,30.35486221313477,7160051.0
2025-02-03,MANAPPURAM.NS,2025-02-03,,,,,,
2025-02-03,IRCON.NS,2025-02-03,192.8699951171875,198.3999938964844,189.3500061035156,195.52999877929688,192.3669891357422,11415365.0
2025-02-03,RVNL.NS,2025-02-03,415.1499938964844,419.8999938964844,398.0,407.1499938964844,405.0330200195313,22386317.0
2025-02-03,NIFTYBEES.NS,2025-02-03,261.6499938964844,261.6499938964844,260.0,261.4700012207031,261.4700012207031,4023172.0
2025-02-04,TVSMOTOR.NS,2025-02-04,,,,,,
2025-02-04,HEROMOTOCO.NS,2025-02-04,4324.0,4350.0,4220.0,4237.10009765625,4071.8212890625,554233.0
2025-02-04,LAURUSLABS.NS,2025-02-04,590.0,614.5,585.75,611.9500122070312,610.61181640625,3655434.0
2025-02-04,SIEMENS.NS,2025-02-04,3108.162353515625,3190.34228515625,3080.4853515625,3181.860107421875,3181.860107421875,1902872.0
2025-02-04,HAPPSTMNDS.NS,2025-02-04,720.7000122070312,723.75,697.5,708.5,700.8133544921875,228279.0
2025-02-04,BIOCON.NS,2025-02-04,367.0,373.6499938964844,366.5,371.0499877929688,370.5545349121094,2847492.0
2025-02-04,IDFCFIRSTB.NS,2025-02-04,62.310001373291016,63.369998931884766,61.77000045776367,62.119998931884766,61.91733932495117,22510221.0
2025-02-04,ICICIBANK.NS,2025-02-04,1262.800048828125,1280.5,1260.0,1268.199951171875,1258.4893798828125,14839077.0
2025-02-04,CAMS.NS,2025-02-04,3429.0,3528.199951171875,3411.10009765625,3513.85009765625,3457.942138671875,683646.0
2025-02-04,BPCL.NS,2025-02-04,250.6499938964844,256.6499938964844,250.1999969482422,255.9499969482422,247.01341247558597,7000612.0
2025-02-04,JSWSTEEL.NS,2025-02-04,936.3499755859376,949.4500122070312,934.2999877929688,944.25,941.714111328125,1262634.0
2025-02-04,BDL.NS,2025-02-04,,,,,,
2025-02-04,ITC.NS,2025-02-04,458.0,460.3500061035156,448.75,455.1499938964844,439.9708557128906,18923681.0
2025-02-04,CDSL.NS,2025-02-04,1266.0,1293.949951171875,1258.0999755859375,1290.5,1280.0631103515625,2894579.0
2025-02-04,BRITANNIA.NS,2025-02-04,5118.0,5118.0,4990.2998046875,5028.35009765625,4963.3056640625,434664.0
2025-02-04,WIPRO.NS,2025-02-04,318.0,318.8500061035156,313.3500061035156,316.25,310.14947509765625,15366864.0
2025-02-04,TATACHEM.NS,2025-02-04,930.0999755859376,935.9500122070312,899.2000122070312,918.5,907.9793701171876,5589827.0
2025-02-04,ASIANPAINT.NS,2025-02-04,2304.64990234375,2418.60009765625,2263.75,2354.35009765625,2329.19189453125,5373733.0
2025-02-04,EICHERMOT.NS,2025-02-04,5536.5498046875,5554.14990234375,5442.0,5450.10009765625,5380.33544921875,591631.0
2025-02-04,COFORGE.NS,2025-02-04,1669.5999755859375,1697.5999755859375,1662.3699951171875,1691.81005859375,1680.0804443359375,2373995.0
2025-02-04,IIFL.NS,2025-02-04,353.75,355.79998779296875,341.25,352.20001220703125,352.20001220703125,1512332.0
2025-02-04,TCS.NS,2025-02-04,4083.699951171875,4118.85009765625,4066.050048828125,4107.0498046875,4042.0224609375,2547132.0
2025-02-04,HAVELLS.NS,2025-02-04,1673.0,1675.25,1619.449951171875,1626.3499755859375,1620.120361328125,492523.0
2025-02-04,COALINDIA.NS,2025-02-04,377.5,380.7000122070313,374.8999938964844,376.5499877929688,356.46649169921875,4649921.0
2025-02-04,SHREECEM.NS,2025-02-04,27600.0,28029.849609375,27349.75,27933.400390625,27750.421875,22726.0
2025-02-04,SBIN.NS,2025-02-04,767.0,781.25,765.6500244140625,779.2000122070312,763.8619995117188,12020807.0
2025-02-04,AXISBANK.NS,2025-02-04,994.0,1017.0999755859376,987.7999877929688,1015.2999877929688,1014.4330444335938,16058171.0
2025-02-04,IEX.NS,2025-02-04,171.0,174.89999389648438,169.66000366210938,173.44000244140625,172.1226043701172,3247453.0
2025-02-04,SUZLON.NS,2025-02-04,57.18999862670898,57.97999954223633,55.959999084472656,56.91999816894531,56.91999816894531,42367489.0
2025-02-04,AARTIIND.NS,2025-02-04,454.0,462.0,451.4500122070313,456.0,454.7875671386719,1514067.0
2025-02-04,PERSISTENT.NS,2025-02-04,6128.85009765625,6253.9501953125,6008.0498046875,6111.89990234375,6095.4658203125,440631.0
2025-02-04,BATAINDIA.NS,2025-02-04,1401.550048828125,1420.25,1351.550048828125,1368.3499755859375,1358.012451171875,354217.0
2025-02-04,PIIND.NS,2025-02-04,3609.050048828125,3609.050048828125,3528.0,3574.449951171875,3559.0693359375,218062.0
2025-02-04,GODREJPROP.NS,2025-02-04,2350.0,2422.0,2328.14990234375,2389.85009765625,2389.85009765625,2038347.0
2025-02-04,HINDALCO.NS,2025-02-04,580.5,595.9000244140625,580.2000122070312,583.9500122070312,579.6987915039062,5318376.0
2025-02-04,MARUTI.NS,2025-02-04,13250.0,13259.9501953125,12971.5,13109.9501953125,12969.5751953125,530749.0
2025-02-04,MCX.NS,2025-02-04,5725.0,5900.0,5640.0,5857.7001953125,5835.41357421875,311531.0
2025-02-04,SAIL.NS,2025-02-04,104.0,107.2699966430664,103.6999969482422,106.68000030517578,105.3594970703125,14409187.0
2025-02-04,RELIANCE.NS,2025-02-04,1248.050048828125,1288.800048828125,1246.5999755859375,1285.199951171875,1280.08740234375,16691069.0
2025-02-04,PAGEIND.NS,2025-02-04,46951.0,47191.3984375,45677.75,46907.25,46239.03125,30223.0
2025-02-04,HDFCAMC.NS,2025-02-04,1922.4749755859373,1962.0,1920.0250244140625,1934.175048828125,1898.546142578125,1078436.0
2025-02-04,ADANIENT.NS,2025-02-04,,,,,,
2025-02-04,ANGELONE.NS,2025-02-04,2336.050048828125,2388.25,2307.10009765625,2350.35009765625,2318.426025390625,838489.0
2025-02-04,VOLTAS.NS,2025-02-04,1421.25,1445.0,1371.050048828125,1400.5999755859375,1392.8250732421875,4017475.0
2025-02-04,MARICO.NS,2025-02-04,672.9500122070312,679.75,665.0999755859375,677.0499877929688,666.8262329101562,1492015.0
2025-02-04,TATASTEEL.NS,2025-02-04,132.8000030517578,134.33999633789062,131.8699951171875,133.4199981689453,130.3794708251953,25032519.0
2025-02-04,PIDILITIND.NS,2025-02-04,1485.0,1491.050048828125,1458.125,1463.4749755859375,1453.5001220703125,649426.0
2025-02-04,RITES.NS,2025-02-04,237.0,240.0,230.1499938964844,232.6499938964844,227.3433380126953,2095088.0
2025-02-04,HCLTECH.NS,2025-02-04,1695.0999755859375,1735.9000244140625,1692.050048828125,1732.550048828125,1686.015625,3647768.0
2025-02-04,RAYMOND.NS,2025-02-04,1501.050048828125,1509.4000244140625,1480.050048828125,1487.1500244140625,1487.1500244140625,151953.0
2025-02-04,POLYCAB.NS,2025-02-04,,,,,,
2025-02-04,SUNPHARMA.NS,2025-02-04,1749.300048828125,1776.25,1740.6500244140625,1765.25,1748.91796875,2796294.0
2025-02-04,MAXHEALTH.NS,2025-02-04,1150.199951171875,1184.0,1145.0,1174.300048828125,1172.946533203125,2429222.0
2025-02-04,BEML.NS,2025-02-04,1749.5,1778.3499755859375,1695.9749755859375,1712.0999755859375,1701.155517578125,539166.0
2025-02-04,HINDUNILVR.NS,2025-02-04,2450.0,2450.0,2402.85009765625,2438.050048828125,2393.859619140625,1992474.0
2025-02-04,DATAPATTNS.NS,2025-02-04,2009.949951171875,2047.1500244140625,1967.550048828125,2024.75,2018.6932373046875,158237.0
2025-02-04,LUPIN.NS,2025-02-04,2048.60009765625,2115.949951171875,2041.5999755859373,2111.199951171875,2098.150390625,492215.0
2025-02-04,POONAWALLA.NS,2025-02-04,,,,,,
2025-02-04,ASHOKLEY.NS,2025-02-04,104.0,105.99500274658205,103.48999786376952,105.83499908447266,103.29561614990234,13829256.0
2025-02-04,PRESTIGE.NS,2025-02-04,1425.1500244140625,1431.949951171875,1402.949951171875,1421.4000244140625,1419.765869140625,953776.0
2025-02-04,TECHM.NS,2025-02-04,1662.75,1676.949951171875,1645.050048828125,1659.050048828125,1612.3980712890625,1467006.0
2025-02-04,INFY.NS,2025-02-04,1889.0,1911.199951171875,1875.0,1898.800048828125,1844.2215576171875,7334787.0
2025-02-04,MON100.NS,2025-02-04,203.38999938964844,209.5,202.6999969482422,207.02999877929688,207.02999877929688,710862.0
2025-02-04,NAVINFLUOR.NS,2025-02-04,4175.0,4214.9501953125,4085.0,4206.0498046875,4195.52197265625,192534.0
2025-02-04,RAILTEL.NS,2025-02-04,364.0,368.7999877929688,352.1000061035156,356.0,352.9914245605469,1933976.0
2025-02-04,INDIGO.NS,2025-02-04,4403.5498046875,4420.0,4292.89990234375,4345.2001953125,4337.86962890625,727129.0
2025-02-04,HDFCBANK.NS,2025-02-04,844.3499755859375,862.9000244140625,840.0250244140625,860.4500122070312,848.9744873046875,28616502.0
2025-02-04,KOTAKBANK.NS,2025-02-04,,,,,,
2025-02-04,OBEROIRLTY.NS,2025-02-04,1820.0,1836.699951171875,1798.0,1824.199951171875,1817.700927734375,456456.0
2025-02-04,M&M.NS,2025-02-04,,,,,,
2025-02-04,AUROPHARMA.NS,2025-02-04,1131.0999755859375,1174.949951171875,1131.0999755859375,1171.300048828125,1166.919677734375,751116.0
2025-02-04,PVRINOX.NS,2025-02-04,1116.550048828125,1121.4000244140625,1088.1500244140625,1106.699951171875,1106.699951171875,558687.0
2025-02-04,MUTHOOTFIN.NS,2025-02-04,2172.449951171875,2247.10009765625,2169.949951171875,2239.0,2211.929931640625,513536.0
2025-02-04,MPHASIS.NS,2025-02-04,2840.0,2874.949951171875,2763.199951171875,2805.449951171875,2750.490234375,550653.0
2025-02-04,NESTLEIND.NS,2025-02-04,1161.199951171875,1161.4000244140625,1141.8499755859375,1149.7249755859375,1137.6258544921875,2487034.0
2025-02-04,INDUSTOWER.NS,2025-02-04,353.6499938964844,359.1499938964844,349.70001220703125,356.8999938964844,356.8999938964844,5792352.0
2025-02-04,SBICARD.NS,2025-02-04,834.0,840.8499755859375,822.0499877929688,835.75,833.2604370117188,1629517.0
2025-02-04,CESC.NS,2025-02-04,135.9499969482422,138.61000061035156,134.50999450683594,137.55999755859375,133.0901336669922,7485825.0
2025-02-04,TITAN.NS,2025-02-04,3590.0,3614.0,3520.0,3597.699951171875,3586.9052734375,1279779.0
2025-02-04,CUMMINSIND.NS,2025-02-04,2710.5,2863.949951171875,2705.14990234375,2853.5,2808.669921875,1731462.0
2025-02-04,BAJFINANCE.NS,2025-02-04,842.5,849.0,830.2999877929688,847.5349731445312,842.3373413085938,19663000.0
2025-02-04,MRF.NS,2025-02-04,114000.0,115007.3984375,113111.0,114934.703125,114754.4609375,5329.0
2025-02-04,ONGC.NS,2025-02-04,252.3999938964844,257.5,252.0,254.1000061035156,241.909423828125,8402532.0
2025-02-04,GOLDBEES.NS,2025-02-04,71.75,71.75,69.69999694824219,70.08000183105469,70.08000183105469,15163139.0
2025-02-04,BHARATFORG.NS,2025-02-04,,,,,,
2025-02-04,CONCOR.NS,2025-02-04,576.7999877929688,591.4000244140625,576.7999877929688,586.1599731445312,576.7161254882812,1345673.0
2025-02-04,OIL.NS,2025-02-04,,,,,,
2025-02-04,DIXON.NS,2025-02-04,14652.400390625,15104.4501953125,14451.0,14933.650390625,14927.0078125,274431.0
2025-02-04,DRREDDY.NS,2025-02-04,1207.0,1233.0,1201.449951171875,1219.949951171875,1212.2615966796875,2239920.0
2025-02-04,APOLLOTYRE.NS,2025-02-04,416.0499877929688,423.3500061035156,415.5,421.9500122070313,417.4825744628906,1065386.0
2025-02-04,BHARTIARTL.NS,2025-02-04,1662.1500244140625,1668.300048828125,1629.050048828125,1661.449951171875,1647.675537109375,6385876.0
2025-02-04,LALPATHLAB.NS,2025-02-04,2855.050048828125,2861.5,2784.699951171875,2830.199951171875,2806.639404296875,149301.0
2025-02-04,SRF.NS,2025-02-04,2920.0,2980.0,2917.89990234375,2970.25,2966.363037109375,1166529.0
2025-02-04,TATACOMM.NS,2025-02-04,1563.5,1590.0999755859375,1557.9000244140625,1586.449951171875,1563.11572265625,93419.0
2025-02-04,CIPLA.NS,2025-02-04,1425.9000244140625,1463.25,1423.5,1449.050048828125,1433.734375,1750660.0
2025-02-04,BHEL.NS,2025-02-04,198.0,207.8000030517578,197.55999755859372,206.72000122070312,206.2865295410156,22318249.0
2025-02-04,BSOFT.NS,2025-02-04,534.0,538.9000244140625,524.2000122070312,526.2000122070312,518.03857421875,1194818.0
2025-02-04,ZENSARTECH.NS,2025-02-04,905.0,923.4500122070312,857.0499877929688,885.0999755859375,873.598388671875,2380187.0
2025-02-04,TATAELXSI.NS,2025-02-04,6415.0,6467.0,6312.64990234375,6371.10009765625,6299.8349609375,87790.0
2025-02-04,GRSE.NS,2025-02-04,1548.4000244140625,1588.300048828125,1490.0,1521.75,1506.4300537109375,1684885.0
2025-02-04,MAZDOCK.NS,2025-02-04,2270.0,2298.75,2170.0,2196.25,2186.998046875,3509717.0
2025-02-04,TRIDENT.NS,2025-02-04,30.989999771118164,31.540000915527344,30.920000076293945,31.239999771118164,30.768524169921875,4255047.0
2025-02-04,MANAPPURAM.NS,2025-02-04,,,,,,
2025-02-04,IRCON.NS,2025-02-04,198.5,201.7400054931641,190.3999938964844,192.0399932861328,188.93345642089844,10243253.0
2025-02-04,RVNL.NS,2025-02-04,416.0,421.2999877929688,394.7000122070313,400.1000061035156,398.0196838378906,15907300.0
2025-02-04,NIFTYBEES.NS,2025-02-04,263.0,265.2200012207031,261.489990234375,265.04998779296875,265.04998779296875,7392693.0
2025-02-05,TVSMOTOR.NS,2025-02-05,,,,,,
2025-02-05,HEROMOTOCO.NS,2025-02-05,4238.0,4290.0,4212.60009765625,4270.39990234375,4103.822265625,408928.0
2025-02-05,LAURUSLABS.NS,2025-02-05,614.7999877929688,636.3499755859375,609.5,631.0999755859375,629.7199096679688,4484623.0
2025-02-05,SIEMENS.NS,2025-02-05,3205.868408203125,3308.3291015625,3191.7216796875,3275.750732421875,3275.750732421875,938038.0
2025-02-05,HAPPSTMNDS.NS,2025-02-05,701.0,704.0,695.0,700.0999755859375,692.5044555664062,375205.0
2025-02-05,BIOCON.NS,2025-02-05,371.4500122070313,393.75,371.4500122070313,390.25,389.7289123535156,7674111.0
2025-02-05,IDFCFIRSTB.NS,2025-02-05,62.61000061035156,63.7400016784668,62.119998931884766,63.33000183105469,63.12339401245117,22284144.0
2025-02-05,ICICIBANK.NS,2025-02-05,1270.199951171875,1277.75,1265.1500244140625,1267.699951171875,1257.9931640625,6840709.0
2025-02-05,CAMS.NS,2025-02-05,3540.0,3798.0,3531.60009765625,3748.75,3689.104736328125,1322982.0
2025-02-05,BPCL.NS,2025-02-05,260.25,265.6499938964844,260.25,261.25,252.1283416748047,10088345.0
2025-02-05,JSWSTEEL.NS,2025-02-05,941.0999755859376,954.7999877929688,941.0999755859376,949.9000244140624,947.3489379882812,1209743.0
2025-02-05,BDL.NS,2025-02-05,,,,,,
2025-02-05,ITC.NS,2025-02-05,455.1499938964844,455.8500061035156,446.5,448.1499938964844,433.204345703125,12836283.0
2025-02-05,CDSL.NS,2025-02-05,1307.0,1356.0,1304.949951171875,1348.8499755859375,1337.941162109375,5132426.0
2025-02-05,BRITANNIA.NS,2025-02-05,5058.0,5058.0,4924.35009765625,4932.64990234375,4868.84375,384948.0
2025-02-05,WIPRO.NS,2025-02-05,317.79998779296875,321.45001220703125,314.8999938964844,317.1000061035156,310.98309326171875,9628027.0
2025-02-05,TATACHEM.NS,2025-02-05,917.5499877929688,937.4500122070312,913.0,933.75,923.0546875,886319.0
2025-02-05,ASIANPAINT.NS,2025-02-05,2269.0,2295.550048828125,2237.25,2275.199951171875,2250.887451171875,3474642.0
2025-02-05,EICHERMOT.NS,2025-02-05,5450.0,5470.0,5351.0,5417.2001953125,5347.85693359375,442234.0
2025-02-05,COFORGE.NS,2025-02-05,1692.1099853515625,1724.800048828125,1690.02001953125,1700.4300537109375,1688.6405029296875,1488925.0
2025-02-05,IIFL.NS,2025-02-05,353.54998779296875,370.0,353.29998779296875,361.8999938964844,361.8999938964844,1170502.0
2025-02-05,TCS.NS,2025-02-05,4150.0,4150.0,4076.0,4091.10009765625,4026.325439453125,1693912.0
2025-02-05,HAVELLS.NS,2025-02-05,1626.3499755859375,1645.0,1605.1500244140625,1607.9000244140625,1601.7410888671875,606325.0
2025-02-05,COALINDIA.NS,2025-02-05,378.0,385.1000061035156,377.8999938964844,382.8500061035156,362.4304809570313,5914200.0
2025-02-05,SHREECEM.NS,2025-02-05,27899.0,28598.44921875,27735.19921875,28402.099609375,28266.6484375,28456.0
2025-02-05,SBIN.NS,2025-02-05,780.0,782.0,765.0,766.0499877929688,750.9708251953125,13419162.0
2025-02-05,AXISBANK.NS,2025-02-05,1020.5999755859376,1022.0499877929688,1010.5,1013.2999877929688,1012.4347534179688,7858373.0
2025-02-05,IEX.NS,2025-02-05,177.25,181.5399932861328,176.39999389648438,179.6699981689453,178.30528259277344,8492785.0
2025-02-05,SUZLON.NS,2025-02-05,57.2400016784668,57.77000045776367,55.77000045776367,55.900001525878906,55.900001525878906,37787329.0
2025-02-05,AARTIIND.NS,2025-02-05,455.0,468.5499877929688,452.5499877929688,465.75,464.51165771484375,1555472.0
2025-02-05,PERSISTENT.NS,2025-02-05,6157.64990234375,6246.7001953125,6120.0,6189.4501953125,6172.8076171875,342294.0
2025-02-05,BATAINDIA.NS,2025-02-05,1374.0,1384.25,1360.0,1368.75,1358.409423828125,84644.0
2025-02-05,PIIND.NS,2025-02-05,3600.0,3638.550048828125,3537.39990234375,3596.800048828125,3581.3232421875,358394.0
2025-02-05,GODREJPROP.NS,2025-02-05,2451.0,2522.0,2290.050048828125,2301.35009765625,2301.35009765625,2311841.0
2025-02-05,HINDALCO.NS,2025-02-05,584.5,604.5,584.5,600.5999755859375,596.2275390625,3974704.0
2025-02-05,MARUTI.NS,2025-02-05,13110.0,13150.0,13003.5,13086.7998046875,12946.6728515625,271633.0
2025-02-05,MCX.NS,2025-02-05,5901.39990234375,6125.0,5901.39990234375,6096.60009765625,6073.404296875,515476.0
2025-02-05,SAIL.NS,2025-02-05,106.68000030517578,109.6500015258789,106.68000030517578,108.83999633789062,107.49275970458984,12920395.0
2025-02-05,RELIANCE.NS,2025-02-05,1282.6500244140625,1290.5,1276.699951171875,1278.199951171875,1273.115234375,10112028.0
2025-02-05,PAGEIND.NS,2025-02-05,47179.0,48400.0,45468.5,45795.1484375,45142.7734375,96888.0
2025-02-05,HDFCAMC.NS,2025-02-05,1945.0,2018.9749755859373,1940.0250244140625,1996.425048828125,1959.6494140625,1567432.0
2025-02-05,ADANIENT.NS,2025-02-05,,,,,,
2025-02-05,ANGELONE.NS,2025-02-05,2380.0,2536.85009765625,2380.0,2498.199951171875,2464.267578125,2741969.0
2025-02-05,VOLTAS.NS,2025-02-05,1400.0,1437.3499755859375,1388.3499755859375,1394.5,1386.7589111328125,1625191.0
2025-02-05,MARICO.NS,2025-02-05,675.5499877929688,676.0,662.4000244140625,668.75,658.651611328125,1988584.0
2025-02-05,TATASTEEL.NS,2025-02-05,133.14999389648438,135.38999938964844,133.0800018310547,134.39999389648438,131.33714294433594,16958362.0
2025-02-05,PIDILITIND.NS,2025-02-05,1460.7750244140625,1470.0,1440.574951171875,1444.5999755859375,1434.753662109375,367530.0
2025-02-05,RITES.NS,2025-02-05,236.0,237.8999938964844,232.6499938964844,236.1000061035156,230.71466064453125,1169341.0
2025-02-05,HCLTECH.NS,2025-02-05,1730.0,1746.800048828125,1710.0,1712.8499755859375,1666.8448486328125,2681942.0
2025-02-05,RAYMOND.NS,2025-02-05,1490.050048828125,1548.0,1490.050048828125,1507.449951171875,1507.449951171875,250581.0
2025-02-05,POLYCAB.NS,2025-02-05,,,,,,
2025-02-05,SUNPHARMA.NS,2025-02-05,1773.800048828125,1773.800048828125,1735.199951171875,1752.75,1736.5335693359375,1787905.0
2025-02-05,MAXHEALTH.NS,2025-02-05,1180.0,1200.949951171875,1164.25,1169.699951171875,1168.3516845703125,1565195.0
2025-02-05,BEML.NS,2025-02-05,1722.449951171875,1774.300048828125,1686.5,1693.675048828125,1682.848388671875,806394.0
2025-02-05,HINDUNILVR.NS,2025-02-05,2453.0,2453.0,2387.0,2391.050048828125,2347.711669921875,1357416.0
2025-02-05,DATAPATTNS.NS,2025-02-05,2025.75,2083.0,2021.0,2027.199951171875,2021.1358642578125,124786.0
2025-02-05,LUPIN.NS,2025-02-05,2116.0,2201.0,2100.449951171875,2185.10009765625,2171.59375,1351658.0
2025-02-05,POONAWALLA.NS,2025-02-05,,,,,,
2025-02-05,ASHOKLEY.NS,2025-02-05,105.9499969482422,106.99500274658205,105.25,105.51000213623048,102.9784164428711,4982690.0
2025-02-05,PRESTIGE.NS,2025-02-05,1421.4000244140625,1430.0,1372.0,1379.3499755859375,1377.76416015625,1371415.0
2025-02-05,TECHM.NS,2025-02-05,1662.8499755859375,1671.0,1644.4000244140625,1661.0,1614.293212890625,1449280.0
2025-02-05,INFY.NS,2025-02-05,1906.0,1919.699951171875,1894.300048828125,1897.050048828125,1842.521728515625,4996744.0
2025-02-05,MON100.NS,2025-02-05,208.0,210.5,207.6300048828125,209.4499969482422,209.4499969482422,638509.0
2025-02-05,NAVINFLUOR.NS,2025-02-05,4230.0,4266.0,4171.0498046875,4252.4501953125,4241.8056640625,174008.0
2025-02-05,RAILTEL.NS,2025-02-05,359.0,367.5499877929688,357.0,358.1499938964844,355.1232604980469,1356976.0
2025-02-05,INDIGO.NS,2025-02-05,4369.9501953125,4429.9501953125,4361.4501953125,4415.39990234375,4407.95068359375,670519.0
2025-02-05,HDFCBANK.NS,2025-02-05,866.5,872.0999755859375,859.4500122070312,868.9000244140625,857.311767578125,23675506.0
2025-02-05,KOTAKBANK.NS,2025-02-05,,,,,,
2025-02-05,OBEROIRLTY.NS,2025-02-05,1830.0,1850.550048828125,1810.5,1828.449951171875,1821.935791015625,433038.0
2025-02-05,M&M.NS,2025-02-05,,,,,,
2025-02-05,AUROPHARMA.NS,2025-02-05,1170.0999755859375,1211.9000244140625,1163.75,1191.75,1187.293212890625,1184630.0
2025-02-05,PVRINOX.NS,2025-02-05,1100.050048828125,1137.75,1100.050048828125,1132.4000244140625,1132.4000244140625,592510.0
2025-02-05,MUTHOOTFIN.NS,2025-02-05,2261.39990234375,2308.949951171875,2239.14990234375,2266.14990234375,2238.751708984375,546000.0
2025-02-05,MPHASIS.NS,2025-02-05,2824.0,2862.800048828125,2805.800048828125,2841.89990234375,2786.22607421875,327625.0
2025-02-05,NESTLEIND.NS,2025-02-05,1141.9000244140625,1148.949951171875,1112.625,1124.4749755859375,1112.6416015625,2950590.0
2025-02-05,INDUSTOWER.NS,2025-02-05,358.25,363.4500122070313,356.45001220703125,358.04998779296875,358.04998779296875,6894532.0
2025-02-05,SBICARD.NS,2025-02-05,835.0499877929688,839.7999877929688,817.5999755859375,821.3499755859375,818.9032592773438,1378129.0
2025-02-05,CESC.NS,2025-02-05,138.14999389648438,141.60000610351562,137.60000610351562,139.47000122070312,134.93807983398438,4239626.0
2025-02-05,TITAN.NS,2025-02-05,3596.0,3652.0,3472.199951171875,3490.89990234375,3480.42578125,2165947.0
2025-02-05,CUMMINSIND.NS,2025-02-05,2860.0,2973.0,2856.949951171875,2921.14990234375,2875.257080078125,1117642.0
2025-02-05,BAJFINANCE.NS,2025-02-05,850.0,858.8699951171875,844.5499877929688,850.9450073242188,845.7264404296875,18674930.0
2025-02-05,MRF.NS,2025-02-05,114933.0,115419.953125,114325.1015625,114960.75,114780.46875,5231.0
2025-02-05,ONGC.NS,2025-02-05,259.0,263.0,257.75,261.6499938964844,249.09718322753903,11590755.0
2025-02-05,GOLDBEES.NS,2025-02-05,72.19999694824219,72.19999694824219,70.27999877929688,71.56999969482422,71.56999969482422,25721670.0
2025-02-05,BHARATFORG.NS,2025-02-05,,,,,,
2025-02-05,CONCOR.NS,2025-02-05,587.1199951171875,596.7999877929688,587.1199951171875,592.239990234375,582.6981811523438,1165215.0
2025-02-05,OIL.NS,2025-02-05,,,,,,
2025-02-05,DIXON.NS,2025-02-05,14922.7001953125,15340.0,14880.0498046875,15102.0498046875,15095.33203125,209151.0
2025-02-05,DRREDDY.NS,2025-02-05,1227.0,1233.0999755859375,1215.8499755859375,1227.550048828125,1219.8138427734375,1460238.0
2025-02-05,APOLLOTYRE.NS,2025-02-05,421.9500122070313,426.1499938964844,419.25,420.1000061035156,415.6521301269531,928712.0
2025-02-05,BHARTIARTL.NS,2025-02-05,1670.0,1675.199951171875,1649.0999755859375,1660.449951171875,1646.683837890625,3920893.0
2025-02-05,LALPATHLAB.NS,2025-02-05,2846.0,2850.050048828125,2784.050048828125,2792.5,2775.136962890625,97497.0
2025-02-05,SRF.NS,2025-02-05,2965.25,2983.89990234375,2932.5,2958.75,2954.878173828125,554628.0
2025-02-05,TATACOMM.NS,2025-02-05,1586.449951171875,1627.449951171875,1584.050048828125,1605.3499755859375,1581.73779296875,265015.0
2025-02-05,CIPLA.NS,2025-02-05,1457.8499755859375,1458.0,1429.300048828125,1436.800048828125,1421.6138916015625,2516488.0
2025-02-05,BHEL.NS,2025-02-05,207.05999755859372,212.57000732421875,206.47999572753903,209.00999450683597,208.57171630859372,13834798.0
2025-02-05,BSOFT.NS,2025-02-05,529.4500122070312,540.0,528.1500244140625,534.7000122070312,526.4066772460938,1263305.0
2025-02-05,ZENSARTECH.NS,2025-02-05,895.0,923.0,890.0499877929688,895.4500122070312,883.8139038085938,1404539.0
2025-02-05,TATAELXSI.NS,2025-02-05,6371.10009765625,6443.9501953125,6345.0498046875,6384.5,6313.0849609375,66079.0
2025-02-05,GRSE.NS,2025-02-05,1530.0,1572.050048828125,1520.050048828125,1527.0,1511.6270751953125,595465.0
2025-02-05,MAZDOCK.NS,2025-02-05,2227.0,2263.300048828125,2195.10009765625,2203.5,2194.21728515625,1873132.0
2025-02-05,TRIDENT.NS,2025-02-05,31.25,31.5,31.01000022888184,31.1200008392334,30.65033531188965,2980285.0
2025-02-05,MANAPPURAM.NS,2025-02-05,,,,,,
2025-02-05,IRCON.NS,2025-02-05,193.1199951171875,197.72999572753903,193.1199951171875,194.1699981689453,191.0290069580078,4088749.0
2025-02-05,RVNL.NS,2025-02-05,411.6000061035156,416.2999877929688,404.0,406.2999877929688,404.18743896484375,10360639.0
2025-02-05,NIFTYBEES.NS,2025-02-05,265.95001220703125,265.95001220703125,265.0,265.25,265.25,3446888.0
2025-02-06,TVSMOTOR.NS,2025-02-06,,,,,,
2025-02-06,HEROMOTOCO.NS,2025-02-06,4289.0,4334.64990234375,4216.89990234375,4230.0498046875,4065.045654296875,576470.0
2025-02-06,LAURUSLABS.NS,2025-02-06,634.8499755859375,642.0,631.5999755859375,636.7999877929688,635.4074096679688,2671614.0
2025-02-06,SIEMENS.NS,2025-02-06,3310.677001953125,3350.4169921875,3276.631103515625,3311.26416015625,3311.26416015625,698995.0
2025-02-06,HAPPSTMNDS.NS,2025-02-06,701.0,707.0499877929688,684.0,688.9000244140625,681.426025390625,298650.0
2025-02-06,BIOCON.NS,2025-02-06,390.25,399.6000061035156,390.25,396.9500122070313,396.41998291015625,6664546.0
2025-02-06,IDFCFIRSTB.NS,2025-02-06,63.68000030517578,64.05000305175781,63.29999923706055,63.72999954223633,63.52208709716797,35143795.0
2025-02-06,ICICIBANK.NS,2025-02-06,1275.0,1279.0,1263.199951171875,1272.4000244140625,1262.6572265625,8396554.0
2025-02-06,CAMS.NS,2025-02-06,3770.050048828125,3774.0,3643.449951171875,3662.5,3604.22705078125,736179.0
2025-02-06,BPCL.NS,2025-02-06,263.0,267.20001220703125,261.6499938964844,262.54998779296875,253.38296508789065,14058587.0
2025-02-06,JSWSTEEL.NS,2025-02-06,950.5499877929688,956.5499877929688,942.0,948.4000244140624,945.8529663085938,3060140.0
2025-02-06,BDL.NS,2025-02-06,,,,,,
2025-02-06,ITC.NS,2025-02-06,450.0,450.0,438.2000122070313,441.1000061035156,426.3894348144531,17469129.0
2025-02-06,CDSL.NS,2025-02-06,1360.0,1365.0,1322.1500244140625,1328.050048828125,1317.3094482421875,2719181.0
2025-02-06,BRITANNIA.NS,2025-02-06,4932.10009765625,4978.7998046875,4906.0498046875,4956.0498046875,4891.94091796875,466931.0
2025-02-06,WIPRO.NS,2025-02-06,320.0,323.6000061035156,314.54998779296875,317.95001220703125,311.81671142578125,15062390.0
2025-02-06,TATACHEM.NS,2025-02-06,943.0,958.9000244140624,930.5,936.1500244140624,925.4271850585938,1132979.0
2025-02-06,ASIANPAINT.NS,2025-02-06,2287.199951171875,2298.89990234375,2260.25,2263.39990234375,2239.213623046875,1285954.0
2025-02-06,EICHERMOT.NS,2025-02-06,5428.10009765625,5445.0498046875,5330.89990234375,5342.0,5273.619140625,361000.0
2025-02-06,COFORGE.NS,2025-02-06,1717.68994140625,1723.97998046875,1698.0,1704.27001953125,1692.4539794921875,1204375.0
2025-02-06,IIFL.NS,2025-02-06,364.0,365.7000122070313,357.5,359.5,359.5,687535.0
2025-02-06,TCS.NS,2025-02-06,4105.39990234375,4139.5,4051.550048828125,4082.75,4018.107421875,2284536.0
2025-02-06,HAVELLS.NS,2025-02-06,1608.800048828125,1617.0,1596.1500244140625,1602.699951171875,1596.5609130859375,288020.0
2025-02-06,COALINDIA.NS,2025-02-06,382.7999877929688,384.6499938964844,377.2000122070313,379.6000061035156,359.35382080078125,4652107.0
2025-02-06,SHREECEM.NS,2025-02-06,28401.80078125,28401.80078125,27731.69921875,27822.55078125,27689.86328125,14552.0
2025-02-06,SBIN.NS,2025-02-06,769.0,770.8499755859375,750.0499877929688,752.25,737.4424438476562,32745391.0
2025-02-06,AXISBANK.NS,2025-02-06,1012.0,1021.8499755859376,1010.0499877929688,1020.7000122070312,1019.8284301757812,5815563.0
2025-02-06,IEX.NS,2025-02-06,180.6499938964844,183.75,179.9499969482422,182.8300018310547,181.4412841796875,6134942.0
2025-02-06,SUZLON.NS,2025-02-06,55.90999984741211,56.380001068115234,54.54999923706055,54.91999816894531,54.91999816894531,31769107.0
2025-02-06,AARTIIND.NS,2025-02-06,468.8999938964844,477.75,466.9500122070313,469.9500122070313,468.7005004882813,3927656.0
2025-02-06,PERSISTENT.NS,2025-02-06,6240.0,6295.0,6210.5,6228.60009765625,6211.85205078125,270778.0
2025-02-06,BATAINDIA.NS,2025-02-06,1365.0,1381.9000244140625,1352.3499755859375,1356.75,1346.5001220703125,160062.0
2025-02-06,PIIND.NS,2025-02-06,3600.0,3664.89990234375,3569.5,3641.449951171875,3625.781005859375,415667.0
2025-02-06,GODREJPROP.NS,2025-02-06,2315.0,2326.949951171875,2241.0,2250.199951171875,2250.199951171875,989144.0
2025-02-06,HINDALCO.NS,2025-02-06,601.0499877929688,606.7999877929688,591.25,595.4500122070312,591.1150512695312,3571342.0
2025-02-06,MARUTI.NS,2025-02-06,13060.0,13130.0,13006.7998046875,13074.0,12934.009765625,414134.0
2025-02-06,MCX.NS,2025-02-06,6100.0,6189.89990234375,6004.25,6022.10009765625,5999.18798828125,243777.0
2025-02-06,SAIL.NS,2025-02-06,109.0,109.66000366210938,107.19000244140624,107.9800033569336,106.6434097290039,8883930.0
2025-02-06,RELIANCE.NS,2025-02-06,1273.699951171875,1288.0,1270.3499755859375,1281.550048828125,1276.4520263671875,9956001.0
2025-02-06,PAGEIND.NS,2025-02-06,45430.0,45430.0,43511.8515625,43991.19921875,43364.5234375,120947.0
2025-02-06,HDFCAMC.NS,2025-02-06,2007.4000244140625,2021.9749755859373,1961.0,1967.824951171875,1931.576171875,549530.0
2025-02-06,ADANIENT.NS,2025-02-06,,,,,,
2025-02-06,ANGELONE.NS,2025-02-06,2498.5,2504.0,2431.449951171875,2438.5,2405.37841796875,658313.0
2025-02-06,VOLTAS.NS,2025-02-06,1400.0,1414.550048828125,1344.75,1351.699951171875,1344.1964111328125,1870141.0
2025-02-06,MARICO.NS,2025-02-06,669.4000244140625,676.7000122070312,657.75,661.5499877929688,651.5603637695312,1253699.0
2025-02-06,TATASTEEL.NS,2025-02-06,134.5,134.8699951171875,132.02000427246094,132.5399932861328,129.51951599121094,22408168.0
2025-02-06,PIDILITIND.NS,2025-02-06,1447.5,1458.925048828125,1436.800048828125,1449.7750244140625,1439.8934326171875,367784.0
2025-02-06,RITES.NS,2025-02-06,236.3999938964844,237.8000030517578,233.1000061035156,234.3999938964844,229.0534210205078,724354.0
2025-02-06,HCLTECH.NS,2025-02-06,1723.8499755859375,1728.449951171875,1712.8499755859375,1723.5,1677.208740234375,2057798.0
2025-02-06,RAYMOND.NS,2025-02-06,1514.0,1544.449951171875,1503.1500244140625,1522.949951171875,1522.949951171875,184748.0
2025-02-06,POLYCAB.NS,2025-02-06,,,,,,
2025-02-06,SUNPHARMA.NS,2025-02-06,1753.0,1768.3499755859375,1736.300048828125,1742.0,1736.284423828125,3421791.0
2025-02-06,MAXHEALTH.NS,2025-02-06,1185.0,1187.949951171875,1121.0,1125.75,1124.452392578125,1003312.0
2025-02-06,BEML.NS,2025-02-06,1710.2750244140625,1711.925048828125,1621.0,1639.324951171875,1628.8455810546875,1032210.0
2025-02-06,HINDUNILVR.NS,2025-02-06,2400.0,2408.949951171875,2360.300048828125,2372.699951171875,2329.694091796875,1132113.0
2025-02-06,DATAPATTNS.NS,2025-02-06,2000.0,2011.5,1958.0,1963.9000244140625,1958.0252685546875,204969.0
2025-02-06,LUPIN.NS,2025-02-06,2199.300048828125,2215.0,2175.550048828125,2185.35009765625,2171.84228515625,752681.0
2025-02-06,POONAWALLA.NS,2025-02-06,,,,,,
2025-02-06,ASHOKLEY.NS,2025-02-06,105.51000213623048,106.23500061035156,104.16999816894533,104.8949966430664,102.37815856933594,4793854.0
2025-02-06,PRESTIGE.NS,2025-02-06,1386.4000244140625,1391.449951171875,1355.550048828125,1366.3499755859375,1364.779052734375,621465.0
2025-02-06,TECHM.NS,2025-02-06,1670.0,1684.699951171875,1650.0,1669.5999755859375,1622.6513671875,1288106.0
2025-02-06,INFY.NS,2025-02-06,1917.0,1924.0,1900.0,1915.6500244140625,1860.587158203125,4765255.0
2025-02-06,MON100.NS,2025-02-06,209.4499969482422,213.6000061035156,207.9499969482422,209.19000244140625,209.19000244140625,724441.0
2025-02-06,NAVINFLUOR.NS,2025-02-06,4277.0,4289.0,4222.2998046875,4247.39990234375,4236.76806640625,127885.0
2025-02-06,RAILTEL.NS,2025-02-06,359.70001220703125,361.7000122070313,356.0,358.45001220703125,355.4207458496094,956711.0
2025-02-06,INDIGO.NS,2025-02-06,4505.0,4505.0,4364.7998046875,4394.85009765625,4387.435546875,587111.0
2025-02-06,HDFCBANK.NS,2025-02-06,867.75,874.5,862.0,871.9249877929688,860.29638671875,26760716.0
2025-02-06,KOTAKBANK.NS,2025-02-06,,,,,,
2025-02-06,OBEROIRLTY.NS,2025-02-06,1835.0,1840.0,1791.4000244140625,1797.6500244140625,1791.2457275390625,294141.0
2025-02-06,M&M.NS,2025-02-06,,,,,,
2025-02-06,AUROPHARMA.NS,2025-02-06,1191.0,1209.699951171875,1186.0999755859375,1191.800048828125,1187.343017578125,1115974.0
2025-02-06,PVRINOX.NS,2025-02-06,1133.0999755859375,1150.5,1085.25,1121.3499755859375,1121.3499755859375,1465907.0
2025-02-06,MUTHOOTFIN.NS,2025-02-06,2267.0,2279.949951171875,2229.199951171875,2233.60009765625,2206.595458984375,331713.0
2025-02-06,MPHASIS.NS,2025-02-06,2859.5,2896.699951171875,2817.85009765625,2825.64990234375,2770.29443359375,389617.0
2025-02-06,NESTLEIND.NS,2025-02-06,1134.5,1134.5,1113.5,1119.7249755859375,1107.941650390625,1973914.0
2025-02-06,INDUSTOWER.NS,2025-02-06,359.95001220703125,368.2999877929688,354.04998779296875,356.1000061035156,356.1000061035156,8285405.0
2025-02-06,SBICARD.NS,2025-02-06,815.0999755859375,824.0,808.6500244140625,810.7000122070312,808.2850341796875,1067237.0
2025-02-06,CESC.NS,2025-02-06,140.8000030517578,140.8000030517578,136.89999389648438,138.14999389648438,133.6609649658203,3058830.0
2025-02-06,TITAN.NS,2025-02-06,3490.89990234375,3504.25,3397.85009765625,3410.75,3400.516357421875,1059617.0
2025-02-06,CUMMINSIND.NS,2025-02-06,3067.0,3090.0,2924.14990234375,2965.10009765625,2918.516845703125,2266222.0
2025-02-06,BAJFINANCE.NS,2025-02-06,853.4249877929688,866.280029296875,846.2000122070312,850.72998046875,845.5127563476562,17094730.0
2025-02-06,MRF.NS,2025-02-06,115200.0,115399.8984375,110000.0,114128.8984375,113949.921875,24120.0
2025-02-06,ONGC.NS,2025-02-06,262.6499938964844,262.95001220703125,254.3000030517578,256.1499938964844,243.86106872558597,12327998.0
2025-02-06,GOLDBEES.NS,2025-02-06,71.72000122070312,71.93000030517578,70.91000366210938,71.43000030517578,71.43000030517578,30059729.0
2025-02-06,BHARATFORG.NS,2025-02-06,,,,,,
2025-02-06,CONCOR.NS,2025-02-06,591.3599853515625,591.5999755859375,581.0800170898438,584.239990234375,578.146240234375,796905.0
2025-02-06,OIL.NS,2025-02-06,,,,,,
2025-02-06,DIXON.NS,2025-02-06,15208.4501953125,15258.4501953125,14501.5,14657.849609375,14651.3291015625,385102.0
2025-02-06,DRREDDY.NS,2025-02-06,1234.9000244140625,1254.0,1230.199951171875,1236.6500244140625,1228.8564453125,2990483.0
2025-02-06,APOLLOTYRE.NS,2025-02-06,422.9500122070313,422.9500122070313,413.5499877929688,416.3999938964844,411.9913024902344,967039.0
2025-02-06,BHARTIARTL.NS,2025-02-06,1665.9000244140625,1667.300048828125,1613.25,1619.75,1606.3212890625,5229162.0
2025-02-06,LALPATHLAB.NS,2025-02-06,2760.0,2818.0,2760.0,2805.550048828125,2788.105712890625,115480.0
2025-02-06,SRF.NS,2025-02-06,2935.0,2958.75,2874.800048828125,2894.300048828125,2890.512451171875,479146.0
2025-02-06,TATACOMM.NS,2025-02-06,1611.300048828125,1621.5,1578.199951171875,1586.9000244140625,1563.5592041015625,173485.0
2025-02-06,CIPLA.NS,2025-02-06,1443.949951171875,1475.300048828125,1438.1500244140625,1471.5,1455.947021484375,2918537.0
2025-02-06,BHEL.NS,2025-02-06,211.1000061035156,211.1000061035156,204.08999633789065,204.83999633789065,204.4104766845703,6329168.0
2025-02-06,BSOFT.NS,2025-02-06,538.9500122070312,541.4000244140625,527.8499755859375,529.9000244140625,521.68115234375,526116.0
2025-02-06,ZENSARTECH.NS,2025-02-06,904.9000244140624,952.0999755859376,902.5999755859376,919.8499755859376,907.8967895507812,6852122.0
2025-02-06,TATAELXSI.NS,2025-02-06,6400.0,6478.14990234375,6372.0498046875,6421.89990234375,6350.06640625,82289.0
2025-02-06,GRSE.NS,2025-02-06,1540.0999755859375,1541.0,1507.550048828125,1523.800048828125,1508.4593505859375,360314.0
2025-02-06,MAZDOCK.NS,2025-02-06,2217.0,2244.800048828125,2187.449951171875,2198.5,2189.23828125,1627093.0
2025-02-06,TRIDENT.NS,2025-02-06,31.190000534057617,31.31999969482422,30.899999618530277,31.040000915527344,30.571542739868164,3044139.0
2025-02-06,MANAPPURAM.NS,2025-02-06,,,,,,
2025-02-06,IRCON.NS,2025-02-06,195.0,195.38999938964844,190.0,191.1199951171875,188.02833557128903,4162084.0
2025-02-06,RVNL.NS,2025-02-06,406.3999938964844,411.7000122070313,401.7000122070313,403.0499877929688,400.954345703125,4336358.0
2025-02-06,NIFTYBEES.NS,2025-02-06,265.20001220703125,267.989990234375,263.8500061035156,264.3699951171875,264.3699951171875,3291441.0
2025-02-07,TVSMOTOR.NS,2025-02-07,,,,,,
2025-02-07,HEROMOTOCO.NS,2025-02-07,4319.9501953125,4319.9501953125,4215.60009765625,4274.64990234375,4107.90625,1344288.0
2025-02-07,LAURUSLABS.NS,2025-02-07,636.0499877929688,646.2000122070312,633.9000244140625,641.3499755859375,639.947509765625,2615719.0
2025-02-07,SIEMENS.NS,2025-02-07,3338.85302734375,3345.89697265625,3197.97314453125,3231.7255859375,3231.7255859375,674714.0
2025-02-07,HAPPSTMNDS.NS,2025-02-07,688.9000244140625,692.3499755859375,678.5,680.8499755859375,673.4632568359375,194723.0
2025-02-07,BIOCON.NS,2025-02-07,396.9500122070313,398.9500122070313,385.1499938964844,386.7999877929688,386.2835083007813,2413427.0
2025-02-07,IDFCFIRSTB.NS,2025-02-07,63.93000030517578,64.5,63.16999816894531,64.08999633789062,63.88090896606445,36878678.0
2025-02-07,ICICIBANK.NS,2025-02-07,1272.0,1275.0,1249.550048828125,1256.9000244140625,1247.2760009765625,7382039.0
2025-02-07,CAMS.NS,2025-02-07,3682.949951171875,3740.050048828125,3629.0,3663.050048828125,3622.0751953125,554924.0
2025-02-07,BPCL.NS,2025-02-07,262.1000061035156,264.8999938964844,260.04998779296875,264.29998779296875,255.0718536376953,6557480.0
2025-02-07,JSWSTEEL.NS,2025-02-07,950.9500122070312,985.0,947.7999877929688,980.75,978.1160888671876,2846285.0
2025-02-07,BDL.NS,2025-02-07,,,,,,
2025-02-07,ITC.NS,2025-02-07,440.0,445.5,428.3999938964844,430.8500061035156,416.4812622070313,18875982.0
2025-02-07,CDSL.NS,2025-02-07,1334.9000244140625,1355.949951171875,1322.0,1336.199951171875,1325.3934326171875,2767119.0
2025-02-07,BRITANNIA.NS,2025-02-07,5010.0,5075.39990234375,4844.0,4870.5,4807.49755859375,701024.0
2025-02-07,WIPRO.NS,2025-02-07,319.0,319.0,314.0,318.0,311.86572265625,8589587.0
2025-02-07,TATACHEM.NS,2025-02-07,935.0,941.4000244140624,920.8499755859376,931.4000244140624,920.7316284179688,956627.0
2025-02-07,ASIANPAINT.NS,2025-02-07,2266.0,2276.300048828125,2243.199951171875,2271.0,2246.732421875,1336756.0
2025-02-07,EICHERMOT.NS,2025-02-07,5368.64990234375,5399.0,5320.0498046875,5372.5498046875,5303.7783203125,604384.0
2025-02-07,COFORGE.NS,2025-02-07,1706.239990234375,1723.0,1689.949951171875,1707.1700439453125,1695.3338623046875,1508765.0
2025-02-07,IIFL.NS,2025-02-07,361.5,372.6000061035156,358.29998779296875,364.6000061035156,364.6000061035156,1173057.0
2025-02-07,TCS.NS,2025-02-07,4090.0,4090.0,4008.0,4029.39990234375,3965.60205078125,1548940.0
2025-02-07,HAVELLS.NS,2025-02-07,1607.699951171875,1625.0,1596.75,1614.0999755859375,1607.917236328125,422760.0
2025-02-07,COALINDIA.NS,2025-02-07,379.5,383.0,376.0,378.25,358.0758361816406,3006598.0
2025-02-07,SHREECEM.NS,2025-02-07,27900.0,28430.0,27867.349609375,28249.099609375,28114.376953125,70630.0
2025-02-07,SBIN.NS,2025-02-07,759.7999877929688,759.9000244140625,731.75,737.2000122070312,722.688720703125,37240692.0
2025-02-07,AXISBANK.NS,2025-02-07,1019.5,1027.3499755859375,1007.6500244140624,1024.0999755859375,1023.2255249023438,8638651.0
2025-02-07,IEX.NS,2025-02-07,183.08999633789065,185.1499938964844,180.11000061035156,182.2400054931641,180.8557586669922,4238355.0
2025-02-07,SUZLON.NS,2025-02-07,54.970001220703125,55.08000183105469,52.91999816894531,53.61000061035156,53.61000061035156,38821987.0
2025-02-07,AARTIIND.NS,2025-02-07,469.9500122070313,471.6000061035156,460.8999938964844,465.3999938964844,464.1625671386719,928326.0
2025-02-07,PERSISTENT.NS,2025-02-07,6230.0,6303.9501953125,6190.0,6254.10009765625,6237.28369140625,246917.0
2025-02-07,BATAINDIA.NS,2025-02-07,1356.0,1360.5,1330.0,1334.5,1324.418212890625,86962.0
2025-02-07,PIIND.NS,2025-02-07,3528.35009765625,3582.35009765625,3451.0,3543.85009765625,3528.60107421875,1266192.0
2025-02-07,GODREJPROP.NS,2025-02-07,2255.0,2298.949951171875,2186.64990234375,2196.89990234375,2196.89990234375,1295363.0
2025-02-07,HINDALCO.NS,2025-02-07,595.4500122070312,610.5999755859375,594.0,607.4000244140625,602.9780883789062,4687823.0
2025-02-07,MARUTI.NS,2025-02-07,13060.0,13108.5,13012.0,13049.5,12909.7724609375,355223.0
2025-02-07,MCX.NS,2025-02-07,6000.7001953125,6113.2998046875,5955.0,6001.75,5978.9150390625,216509.0
2025-02-07,SAIL.NS,2025-02-07,108.0500030517578,111.3000030517578,107.45999908447266,110.31999969482422,108.9544448852539,22943084.0
2025-02-07,RELIANCE.NS,2025-02-07,1276.1500244140625,1283.699951171875,1262.0,1266.699951171875,1261.6610107421875,8764283.0
2025-02-07,PAGEIND.NS,2025-02-07,44350.0,44375.0,42700.0,42983.05078125,42370.734375,42482.0
2025-02-07,HDFCAMC.NS,2025-02-07,1967.824951171875,1985.0,1920.175048828125,1961.175048828125,1925.0487060546875,495928.0
2025-02-07,ADANIENT.NS,2025-02-07,,,,,,
2025-02-07,ANGELONE.NS,2025-02-07,2440.0,2484.60009765625,2401.35009765625,2412.800048828125,2380.02783203125,730037.0
2025-02-07,VOLTAS.NS,2025-02-07,1330.0,1388.0,1322.0,1383.25,1375.5714111328125,1597612.0
2025-02-07,MARICO.NS,2025-02-07,661.2000122070312,663.9500122070312,644.9500122070312,649.25,642.8471069335938,837069.0
2025-02-07,TATASTEEL.NS,2025-02-07,133.3000030517578,138.75,132.55999755859375,138.30999755859375,135.1580352783203,52950146.0
2025-02-07,PIDILITIND.NS,2025-02-07,1450.0,1456.7249755859375,1423.300048828125,1435.300048828125,1425.5172119140625,397784.0
2025-02-07,RITES.NS,2025-02-07,233.0500030517578,234.0,230.0,232.3000030517578,227.00132751464844,783158.0
2025-02-07,HCLTECH.NS,2025-02-07,1723.1500244140625,1731.0,1700.6500244140625,1725.6500244140625,1679.3009033203125,2428098.0
2025-02-07,RAYMOND.NS,2025-02-07,1532.0,1539.3499755859375,1513.3499755859375,1526.4000244140625,1526.4000244140625,129315.0
2025-02-07,POLYCAB.NS,2025-02-07,,,,,,
2025-02-07,SUNPHARMA.NS,2025-02-07,1751.4000244140625,1753.0,1727.300048828125,1749.800048828125,1744.058837890625,1371545.0
2025-02-07,MAXHEALTH.NS,2025-02-07,1133.0,1147.050048828125,1110.5999755859375,1143.199951171875,1141.8822021484375,1906494.0
2025-02-07,BEML.NS,2025-02-07,1638.0,1638.0,1560.0,1566.199951171875,1556.18798828125,802286.0
2025-02-07,HINDUNILVR.NS,2025-02-07,2380.0,2381.949951171875,2336.10009765625,2363.85009765625,2321.004638671875,855602.0
2025-02-07,DATAPATTNS.NS,2025-02-07,1950.0,1954.5,1910.0,1924.800048828125,1919.042236328125,137946.0
2025-02-07,LUPIN.NS,2025-02-07,2192.0,2225.0,2165.14990234375,2201.14990234375,2187.54443359375,776396.0
2025-02-07,POONAWALLA.NS,2025-02-07,,,,,,
2025-02-07,ASHOKLEY.NS,2025-02-07,104.98999786376952,108.12000274658205,104.3949966430664,106.0250015258789,103.4810562133789,7877896.0
2025-02-07,PRESTIGE.NS,2025-02-07,1366.3499755859375,1379.9000244140625,1331.0,1347.699951171875,1346.1505126953125,1067338.0
2025-02-07,TECHM.NS,2025-02-07,1675.0,1695.5999755859375,1657.9000244140625,1692.0999755859375,1644.5186767578125,1582031.0
2025-02-07,INFY.NS,2025-02-07,1919.300048828125,1923.699951171875,1889.449951171875,1903.6500244140625,1848.9320068359373,4126260.0
2025-02-07,MON100.NS,2025-02-07,211.3699951171875,212.19000244140625,207.7899932861328,209.32000732421875,209.32000732421875,1081589.0
2025-02-07,NAVINFLUOR.NS,2025-02-07,4164.25,4270.0,4164.25,4221.4501953125,4210.88330078125,209986.0
2025-02-07,RAILTEL.NS,2025-02-07,358.45001220703125,358.70001220703125,349.1000061035156,352.70001220703125,349.7193298339844,980026.0
2025-02-07,INDIGO.NS,2025-02-07,4425.0,4455.0,4336.0,4364.5498046875,4357.1865234375,1091319.0
2025-02-07,HDFCBANK.NS,2025-02-07,875.0,883.5,862.5,866.375,854.8204345703125,23509600.0
2025-02-07,KOTAKBANK.NS,2025-02-07,,,,,,
2025-02-07,OBEROIRLTY.NS,2025-02-07,1795.75,1842.75,1779.300048828125,1824.8499755859373,1818.3487548828125,547399.0
2025-02-07,M&M.NS,2025-02-07,,,,,,
2025-02-07,AUROPHARMA.NS,2025-02-07,1185.0,1219.9000244140625,1175.3499755859375,1191.699951171875,1187.2432861328125,1233173.0
2025-02-07,PVRINOX.NS,2025-02-07,1126.0,1153.0,1066.0,1088.3499755859375,1088.3499755859375,1794207.0
2025-02-07,MUTHOOTFIN.NS,2025-02-07,2233.60009765625,2264.449951171875,2225.89990234375,2244.550048828125,2217.4130859375,560151.0
2025-02-07,MPHASIS.NS,2025-02-07,2834.0,2889.35009765625,2817.800048828125,2868.5,2812.30517578125,211878.0
2025-02-07,NESTLEIND.NS,2025-02-07,1117.0,1119.0,1103.7750244140625,1112.550048828125,1107.891845703125,1585116.0
2025-02-07,INDUSTOWER.NS,2025-02-07,358.29998779296875,369.3500061035156,357.70001220703125,363.2999877929688,363.2999877929688,10231223.0
2025-02-07,SBICARD.NS,2025-02-07,812.0,817.4000244140625,797.0999755859375,815.5499877929688,813.12060546875,1378157.0
2025-02-07,CESC.NS,2025-02-07,138.14999389648438,138.77000427246094,134.22000122070312,135.1999969482422,130.80682373046875,4211982.0
2025-02-07,TITAN.NS,2025-02-07,3414.89990234375,3453.89990234375,3388.199951171875,3424.800048828125,3414.524169921875,740155.0
2025-02-07,CUMMINSIND.NS,2025-02-07,2989.699951171875,2989.699951171875,2826.14990234375,2871.89990234375,2826.78076171875,1103565.0
2025-02-07,BAJFINANCE.NS,2025-02-07,858.5,858.5,838.3900146484375,847.4249877929688,842.22802734375,9665400.0
2025-02-07,MRF.NS,2025-02-07,112450.0,115191.8984375,112300.203125,112875.1015625,112698.0859375,9034.0
2025-02-07,ONGC.NS,2025-02-07,252.9499969482422,253.8500061035156,247.5,248.8999938964844,241.6763610839844,10098454.0
2025-02-07,GOLDBEES.NS,2025-02-07,73.55000305175781,73.55000305175781,71.19999694824219,71.54000091552734,71.54000091552734,22367847.0
2025-02-07,BHARATFORG.NS,2025-02-07,,,,,,
2025-02-07,CONCOR.NS,2025-02-07,584.7999877929688,587.6799926757812,575.0399780273438,579.0800170898438,573.0400390625,803970.0
2025-02-07,OIL.NS,2025-02-07,,,,,,
2025-02-07,DIXON.NS,2025-02-07,14724.4501953125,15235.099609375,14687.650390625,15154.650390625,15147.9091796875,306015.0
2025-02-07,DRREDDY.NS,2025-02-07,1240.0,1243.75,1226.0,1240.4000244140625,1232.582763671875,1236992.0
2025-02-07,APOLLOTYRE.NS,2025-02-07,414.0,430.8999938964844,414.0,426.1499938964844,421.6380615234375,5953396.0
2025-02-07,BHARTIARTL.NS,2025-02-07,1635.050048828125,1707.550048828125,1635.0,1676.75,1662.8487548828125,14873255.0
2025-02-07,LALPATHLAB.NS,2025-02-07,2805.0,2819.5,2770.0,2811.800048828125,2794.317138671875,65133.0
2025-02-07,SRF.NS,2025-02-07,2909.5,2915.300048828125,2852.60009765625,2879.949951171875,2876.18115234375,316963.0
2025-02-07,TATACOMM.NS,2025-02-07,1586.9000244140625,1622.0,1584.050048828125,1605.800048828125,1582.18115234375,176864.0
2025-02-07,CIPLA.NS,2025-02-07,1473.5,1481.8499755859375,1455.0,1472.25,1456.6890869140625,1445335.0
2025-02-07,BHEL.NS,2025-02-07,205.0,206.3999938964844,201.3000030517578,202.83999633789065,202.41465759277344,7630722.0
2025-02-07,BSOFT.NS,2025-02-07,532.4000244140625,535.0499877929688,521.7999877929688,534.3499755859375,526.0620727539062,880023.0
2025-02-07,ZENSARTECH.NS,2025-02-07,911.0999755859376,928.0,906.25,920.2999877929688,908.3409423828124,895837.0
2025-02-07,TATAELXSI.NS,2025-02-07,6421.89990234375,6455.25,6332.0498046875,6436.60009765625,6364.60205078125,64931.0
2025-02-07,GRSE.NS,2025-02-07,1520.0,1520.0,1484.199951171875,1492.800048828125,1486.50244140625,452495.0
2025-02-07,MAZDOCK.NS,2025-02-07,2197.0,2274.85009765625,2171.10009765625,2230.199951171875,2220.804931640625,3731060.0
2025-02-07,TRIDENT.NS,2025-02-07,31.059999465942383,31.43000030517578,30.21999931335449,30.350000381469727,29.891956329345703,4114573.0
2025-02-07,MANAPPURAM.NS,2025-02-07,,,,,,
2025-02-07,IRCON.NS,2025-02-07,191.1999969482422,191.9499969482422,187.6000061035156,189.1999969482422,186.139404296875,4145700.0
2025-02-07,RVNL.NS,2025-02-07,401.0,403.0,393.75,395.0499877929688,392.9959411621094,4897511.0
2025-02-07,NIFTYBEES.NS,2025-02-07,265.5,265.5,262.6000061035156,263.75,263.75,4565941.0
2025-02-10,TVSMOTOR.NS,2025-02-10,,,,,,
2025-02-10,HEROMOTOCO.NS,2025-02-10,4306.2998046875,4320.9501953125,4170.10009765625,4196.4501953125,4032.7568359375,779450.0
2025-02-10,LAURUSLABS.NS,2025-02-10,637.2000122070312,639.8499755859375,617.0,626.3499755859375,624.9802856445312,1519383.0
2025-02-10,SIEMENS.NS,2025-02-10,3231.46142578125,3256.966552734375,3130.49755859375,3140.007080078125,3140.007080078125,576213.0
2025-02-10,HAPPSTMNDS.NS,2025-02-10,680.7999877929688,682.9500122070312,664.0,665.6500244140625,658.42822265625,249998.0
2025-02-10,BIOCON.NS,2025-02-10,385.9500122070313,386.2000122070313,374.2000122070313,377.1499938964844,376.6463928222656,1726831.0
2025-02-10,IDFCFIRSTB.NS,2025-02-10,64.08999633789062,64.29000091552734,62.150001525878906,62.90999984741211,62.70476150512695,15424981.0
2025-02-10,ICICIBANK.NS,2025-02-10,1257.199951171875,1265.0,1249.3499755859375,1262.5999755859375,1252.9322509765625,5740361.0
2025-02-10,CAMS.NS,2025-02-10,3663.0,3669.89990234375,3500.0,3526.75,3487.2998046875,371179.0
2025-02-10,BPCL.NS,2025-02-10,264.54998779296875,265.79998779296875,257.5,259.8999938964844,250.82550048828125,8052376.0
2025-02-10,JSWSTEEL.NS,2025-02-10,974.0,974.0,948.25,959.1500244140624,956.5740966796876,1665049.0
2025-02-10,BDL.NS,2025-02-10,,,,,,
2025-02-10,ITC.NS,2025-02-10,427.0,433.2999877929688,426.5,427.2000122070313,412.9530029296875,12227140.0
2025-02-10,CDSL.NS,2025-02-10,1337.0,1339.0,1290.25,1297.5999755859375,1287.105712890625,2062278.0
2025-02-10,BRITANNIA.NS,2025-02-10,4915.0,5009.0,4877.0,4909.64990234375,4846.14111328125,625074.0
2025-02-10,WIPRO.NS,2025-02-10,318.79998779296875,321.0,315.8500061035156,319.04998779296875,312.8954772949219,12304840.0
2025-02-10,TATACHEM.NS,2025-02-10,928.0,930.9000244140624,905.0499877929688,909.4000244140624,898.9835815429688,840800.0
2025-02-10,ASIANPAINT.NS,2025-02-10,2271.050048828125,2278.0,2254.0,2270.14990234375,2245.891357421875,1181565.0
2025-02-10,EICHERMOT.NS,2025-02-10,5400.0,5444.89990234375,5307.39990234375,5335.35009765625,5267.0546875,631815.0
2025-02-10,COFORGE.NS,2025-02-10,1710.0,1710.0,1675.9599609375,1682.8900146484375,1671.2220458984375,1345735.0
2025-02-10,IIFL.NS,2025-02-10,368.0,368.0,355.54998779296875,356.8500061035156,356.8500061035156,653498.0
2025-02-10,TCS.NS,2025-02-10,4040.0,4052.0,4014.35009765625,4036.949951171875,3973.03271484375,1339511.0
2025-02-10,HAVELLS.NS,2025-02-10,1617.0,1630.0,1585.9000244140625,1597.9000244140625,1591.7794189453125,533472.0
2025-02-10,COALINDIA.NS,2025-02-10,377.0,379.8500061035156,369.0,370.5,350.7391662597656,3380494.0
2025-02-10,SHREECEM.NS,2025-02-10,28308.0,28500.0,27935.849609375,28044.05078125,27910.306640625,13510.0
2025-02-10,SBIN.NS,2025-02-10,740.0,743.9000244140625,733.4000244140625,736.7999877929688,722.2965698242188,12667049.0
2025-02-10,AXISBANK.NS,2025-02-10,1021.0,1026.75,1006.2000122070312,1011.75,1010.8860473632812,3960565.0
2025-02-10,IEX.NS,2025-02-10,183.0,183.1499938964844,176.2100067138672,176.7899932861328,175.4471435546875,3518273.0
2025-02-10,SUZLON.NS,2025-02-10,53.38999938964844,54.38999938964844,52.310001373291016,52.720001220703125,52.720001220703125,31170558.0
2025-02-10,AARTIIND.NS,2025-02-10,466.8999938964844,467.8500061035156,451.6499938964844,455.5499877929688,454.3387451171875,821435.0
2025-02-10,PERSISTENT.NS,2025-02-10,6280.0,6284.89990234375,5956.10009765625,5993.89990234375,5977.783203125,265630.0
2025-02-10,BATAINDIA.NS,2025-02-10,1332.050048828125,1351.949951171875,1322.550048828125,1341.1500244140625,1331.0179443359375,160276.0
2025-02-10,PIIND.NS,2025-02-10,3538.5,3599.949951171875,3475.0,3524.199951171875,3509.035400390625,191736.0
2025-02-10,GODREJPROP.NS,2025-02-10,2205.10009765625,2210.5,2110.0,2122.85009765625,2122.85009765625,688013.0
2025-02-10,HINDALCO.NS,2025-02-10,605.0,606.0999755859375,589.5,596.0,591.6610717773438,3434505.0
2025-02-10,MARUTI.NS,2025-02-10,13050.0,13060.0,12886.650390625,12900.75,12762.615234375,294142.0
2025-02-10,MCX.NS,2025-02-10,6001.75,6013.5,5748.0498046875,5785.39990234375,5763.38818359375,185166.0
2025-02-10,SAIL.NS,2025-02-10,109.0500030517578,109.5,104.80999755859376,105.18000030517578,103.87806701660156,14604374.0
2025-02-10,RELIANCE.NS,2025-02-10,1264.5,1266.5,1245.550048828125,1253.6500244140625,1248.6629638671875,6970972.0
2025-02-10,PAGEIND.NS,2025-02-10,42983.05078125,43941.1484375,42801.94921875,43654.75,43032.8671875,47495.0
2025-02-10,HDFCAMC.NS,2025-02-10,1962.0,1977.675048828125,1917.875,1936.199951171875,1900.53369140625,462162.0
2025-02-10,ADANIENT.NS,2025-02-10,,,,,,
2025-02-10,ANGELONE.NS,2025-02-10,2412.800048828125,2426.949951171875,2330.0,2342.800048828125,2310.978515625,617701.0
2025-02-10,VOLTAS.NS,2025-02-10,1383.25,1389.699951171875,1353.550048828125,1368.4000244140625,1360.8038330078125,480296.0
2025-02-10,MARICO.NS,2025-02-10,648.4500122070312,652.0,635.5999755859375,644.0999755859375,637.7479248046875,2613543.0
2025-02-10,TATASTEEL.NS,2025-02-10,138.10000610351562,138.10000610351562,133.0,134.0399932861328,130.98533630371094,26120805.0
2025-02-10,PIDILITIND.NS,2025-02-10,1425.5,1465.0,1425.5,1434.0250244140625,1424.2508544921875,318192.0
2025-02-10,RITES.NS,2025-02-10,229.3000030517578,232.3000030517578,227.1499938964844,227.6999969482422,222.5062561035156,822396.0
2025-02-10,HCLTECH.NS,2025-02-10,1723.949951171875,1740.0,1712.0999755859375,1733.8499755859375,1687.2806396484375,1823071.0
2025-02-10,RAYMOND.NS,2025-02-10,1527.699951171875,1535.949951171875,1491.0,1494.699951171875,1494.699951171875,81862.0
2025-02-10,POLYCAB.NS,2025-02-10,,,,,,
2025-02-10,SUNPHARMA.NS,2025-02-10,1741.25,1750.0,1723.699951171875,1732.0999755859375,1726.4168701171875,1237839.0
2025-02-10,MAXHEALTH.NS,2025-02-10,1140.0,1140.0,1065.0,1071.8499755859375,1070.614501953125,3230751.0
2025-02-10,BEML.NS,2025-02-10,1575.5,1598.449951171875,1531.25,1542.625,1532.763916015625,538536.0
2025-02-10,HINDUNILVR.NS,2025-02-10,2370.89990234375,2398.0,2352.050048828125,2361.449951171875,2318.648193359375,1326354.0
2025-02-10,DATAPATTNS.NS,2025-02-10,1920.050048828125,1941.699951171875,1862.0,1869.449951171875,1863.857666015625,139770.0
2025-02-10,LUPIN.NS,2025-02-10,2201.89990234375,2218.800048828125,2148.14990234375,2169.39990234375,2155.990478515625,716552.0
2025-02-10,POONAWALLA.NS,2025-02-10,,,,,,
2025-02-10,ASHOKLEY.NS,2025-02-10,105.5,106.0,104.27999877929688,104.5500030517578,102.04145050048828,2787106.0
2025-02-10,PRESTIGE.NS,2025-02-10,1347.3499755859375,1348.949951171875,1298.0,1324.8499755859375,1323.3267822265625,525607.0
2025-02-10,TECHM.NS,2025-02-10,1683.0,1703.75,1673.199951171875,1699.050048828125,1651.2733154296875,1235699.0
2025-02-10,INFY.NS,2025-02-10,1905.0,1905.0,1878.5999755859373,1880.300048828125,1826.2532958984373,3828734.0
2025-02-10,MON100.NS,2025-02-10,213.6000061035156,213.6000061035156,205.0,207.91000366210935,207.91000366210935,1228087.0
2025-02-10,NAVINFLUOR.NS,2025-02-10,4221.4501953125,4250.5,4159.5498046875,4208.75,4198.21533203125,194503.0
2025-02-10,RAILTEL.NS,2025-02-10,350.0,353.1000061035156,339.29998779296875,345.6499938964844,342.7289123535156,1062069.0
2025-02-10,INDIGO.NS,2025-02-10,4364.60009765625,4380.0,4290.0,4325.14990234375,4317.85302734375,1026383.0
2025-02-10,HDFCBANK.NS,2025-02-10,858.6500244140625,861.7249755859375,854.25,857.875,846.4337158203125,17195950.0
2025-02-10,KOTAKBANK.NS,2025-02-10,,,,,,
2025-02-10,OBEROIRLTY.NS,2025-02-10,1812.0999755859373,1820.0,1787.9000244140625,1808.449951171875,1802.007080078125,430268.0
2025-02-10,M&M.NS,2025-02-10,,,,,,
2025-02-10,AUROPHARMA.NS,2025-02-10,1192.0,1195.8499755859375,1156.25,1177.1500244140625,1172.747802734375,567422.0
2025-02-10,PVRINOX.NS,2025-02-10,1088.3499755859375,1119.5,1071.0999755859375,1075.75,1075.75,739910.0
2025-02-10,MUTHOOTFIN.NS,2025-02-10,2250.0,2264.64990234375,2192.64990234375,2201.85009765625,2175.229248046875,320583.0
2025-02-10,MPHASIS.NS,2025-02-10,2870.0,2888.5,2769.949951171875,2786.949951171875,2732.352783203125,359767.0
2025-02-10,NESTLEIND.NS,2025-02-10,1117.5,1126.25,1103.0999755859375,1110.5250244140625,1105.8753662109375,1520362.0
2025-02-10,INDUSTOWER.NS,2025-02-10,363.25,364.7999877929688,348.54998779296875,352.04998779296875,352.04998779296875,4667093.0
2025-02-10,SBICARD.NS,2025-02-10,815.0,815.0,797.0,799.0999755859375,796.7195434570312,1052263.0
2025-02-10,CESC.NS,2025-02-10,135.0,135.8800048828125,132.11000061035156,133.47999572753906,129.14271545410156,4965720.0
2025-02-10,TITAN.NS,2025-02-10,3415.0,3425.0,3311.0,3327.449951171875,3317.466064453125,904436.0
2025-02-10,CUMMINSIND.NS,2025-02-10,2876.39990234375,2976.0,2870.0,2890.39990234375,2844.990234375,1127133.0
2025-02-10,BAJFINANCE.NS,2025-02-10,847.8800048828125,848.7999877929688,822.0,828.6799926757812,823.5979614257812,12438380.0
2025-02-10,MRF.NS,2025-02-10,113000.0,113393.3515625,110760.046875,111036.203125,110862.078125,6609.0
2025-02-10,ONGC.NS,2025-02-10,248.9499969482422,249.6000061035156,241.8000030517578,242.4499969482422,235.4135589599609,7582536.0
2025-02-10,GOLDBEES.NS,2025-02-10,73.69999694824219,73.69999694824219,71.0,72.5199966430664,72.5199966430664,31547440.0
2025-02-10,BHARATFORG.NS,2025-02-10,,,,,,
2025-02-10,CONCOR.NS,2025-02-10,579.0800170898438,581.0399780273438,566.8400268554688,569.5599975585938,563.6193237304688,653316.0
2025-02-10,OIL.NS,2025-02-10,,,,,,
2025-02-10,DIXON.NS,2025-02-10,15231.599609375,15244.4501953125,14693.2001953125,14795.2001953125,14788.619140625,204059.0
2025-02-10,DRREDDY.NS,2025-02-10,1239.699951171875,1239.699951171875,1211.050048828125,1220.949951171875,1213.2552490234375,1565579.0
2025-02-10,APOLLOTYRE.NS,2025-02-10,429.0,437.3500061035156,420.1000061035156,422.7000122070313,418.224609375,2734651.0
2025-02-10,BHARTIARTL.NS,2025-02-10,1698.8499755859375,1700.0,1678.050048828125,1693.050048828125,1679.013671875,6782878.0
2025-02-10,LALPATHLAB.NS,2025-02-10,2833.10009765625,2833.14990234375,2767.10009765625,2772.800048828125,2755.5595703125,72565.0
2025-02-10,SRF.NS,2025-02-10,2899.0,2909.949951171875,2843.050048828125,2856.050048828125,2852.3125,334621.0
2025-02-10,TATACOMM.NS,2025-02-10,1597.9000244140625,1605.75,1565.0,1572.0,1548.8782958984375,90171.0
2025-02-10,CIPLA.NS,2025-02-10,1476.199951171875,1477.5999755859375,1431.550048828125,1458.8499755859375,1443.4307861328125,1282801.0
2025-02-10,BHEL.NS,2025-02-10,209.0,209.8000030517578,201.72999572753903,202.97999572753903,202.5543670654297,19309166.0
2025-02-10,BSOFT.NS,2025-02-10,533.7999877929688,533.7999877929688,520.0,526.4000244140625,518.2354125976562,760403.0
2025-02-10,ZENSARTECH.NS,2025-02-10,920.0499877929688,926.9500122070312,884.4500122070312,903.9500122070312,892.2034301757812,925682.0
2025-02-10,TATAELXSI.NS,2025-02-10,6415.0,6425.0,6335.25,6377.39990234375,6306.06396484375,60322.0
2025-02-10,GRSE.NS,2025-02-10,1493.300048828125,1590.0,1468.0,1502.3499755859375,1496.0120849609375,2881334.0
2025-02-10,MAZDOCK.NS,2025-02-10,2248.0,2439.89990234375,2162.0,2201.14990234375,2191.877197265625,14991371.0
2025-02-10,TRIDENT.NS,2025-02-10,30.540000915527344,30.76000022888184,29.540000915527344,29.690000534057617,29.24191665649414,3037874.0
2025-02-10,MANAPPURAM.NS,2025-02-10,,,,,,
2025-02-10,IRCON.NS,2025-02-10,191.0,193.02999877929688,186.4499969482422,188.8699951171875,185.8147430419922,4591635.0
2025-02-10,RVNL.NS,2025-02-10,395.1000061035156,399.1000061035156,378.6499938964844,381.4500122070313,379.4666748046875,6239370.0
2025-02-10,NIFTYBEES.NS,2025-02-10,265.989990234375,265.989990234375,261.20001220703125,261.8999938964844,261.8999938964844,6225361.0
2025-02-11,TVSMOTOR.NS,2025-02-11,,,,,,
2025-02-11,HEROMOTOCO.NS,2025-02-11,4200.0,4239.0,4071.0,4085.550048828125,3926.182861328125,593081.0
2025-02-11,LAURUSLABS.NS,2025-02-11,634.0,634.0,602.6500244140625,608.2000122070312,606.8700561523438,1865650.0
2025-02-11,SIEMENS.NS,2025-02-11,3146.3466796875,3158.05712890625,3020.552734375,3055.244384765625,3055.244384765625,854281.0
2025-02-11,HAPPSTMNDS.NS,2025-02-11,668.0,773.7000122070312,654.8499755859375,705.0999755859375,697.4501953125,2767999.0
2025-02-11,BIOCON.NS,2025-02-11,378.5499877929688,378.7000122070313,360.0,362.0,361.5166320800781,1959111.0
2025-02-11,IDFCFIRSTB.NS,2025-02-11,62.790000915527344,63.0,61.27999877929688,61.63999938964844,61.43890380859375,25104579.0
2025-02-11,ICICIBANK.NS,2025-02-11,1255.8499755859375,1261.8499755859375,1248.4000244140625,1252.75,1243.15771484375,6586627.0
2025-02-11,CAMS.NS,2025-02-11,3520.0,3529.800048828125,3360.0,3378.35009765625,3340.56005859375,555628.0
2025-02-11,BPCL.NS,2025-02-11,259.5,259.75,253.75,255.1499938964844,246.2413330078125,6819100.0
2025-02-11,JSWSTEEL.NS,2025-02-11,950.0499877929688,967.5,948.5499877929688,954.5,951.9365844726562,2535726.0
2025-02-11,BDL.NS,2025-02-11,,,,,,
2025-02-11,ITC.NS,2025-02-11,428.7999877929688,430.5499877929688,417.5,418.2999877929688,404.3498229980469,14288751.0
2025-02-11,CDSL.NS,2025-02-11,1298.0,1298.699951171875,1230.300048828125,1239.9000244140625,1229.8724365234375,3686050.0
2025-02-11,BRITANNIA.NS,2025-02-11,4910.9501953125,4939.5498046875,4854.0,4904.0498046875,4840.61328125,279638.0
2025-02-11,WIPRO.NS,2025-02-11,319.5,320.3999938964844,311.6000061035156,313.0,306.9621887207031,10627890.0
2025-02-11,TATACHEM.NS,2025-02-11,910.0,917.7999877929688,878.0499877929688,883.0499877929688,872.9353637695312,711445.0
2025-02-11,ASIANPAINT.NS,2025-02-11,2279.0,2282.89990234375,2226.0,2240.85009765625,2216.904541015625,1607942.0
2025-02-11,EICHERMOT.NS,2025-02-11,5138.85009765625,5139.5,4954.9501953125,4972.35009765625,4908.701171875,2272410.0
2025-02-11,COFORGE.NS,2025-02-11,1683.0,1693.81005859375,1614.199951171875,1619.3499755859375,1608.1226806640625,1279875.0
2025-02-11,IIFL.NS,2025-02-11,358.6000061035156,360.0,340.1499938964844,343.95001220703125,343.95001220703125,1002620.0
2025-02-11,TCS.NS,2025-02-11,4018.39990234375,4040.0,3955.0,3963.550048828125,3900.795166015625,1810908.0
2025-02-11,HAVELLS.NS,2025-02-11,1597.0999755859375,1599.9000244140625,1535.050048828125,1548.550048828125,1542.618408203125,566945.0
2025-02-11,COALINDIA.NS,2025-02-11,370.0,370.5,357.5,359.0,339.8525085449219,6803431.0
2025-02-11,SHREECEM.NS,2025-02-11,28150.0,28445.400390625,27785.44921875,27989.75,27856.263671875,69686.0
2025-02-11,SBIN.NS,2025-02-11,737.4500122070312,740.1500244140625,726.5499877929688,731.0999755859375,716.7088012695312,13017060.0
2025-02-11,AXISBANK.NS,2025-02-11,1009.0,1016.3499755859376,1002.5999755859376,1007.4000244140624,1006.539794921875,4808215.0
2025-02-11,IEX.NS,2025-02-11,177.66000366210938,177.89999389648438,169.8699951171875,171.3800048828125,170.0782470703125,4954937.0
2025-02-11,SUZLON.NS,2025-02-11,52.84999847412109,53.04999923706055,50.31999969482422,51.9900016784668,51.9900016784668,49471491.0
2025-02-11,AARTIIND.NS,2025-02-11,456.0,457.2999877929688,437.2000122070313,439.8500061035156,438.6805114746094,1055552.0
2025-02-11,PERSISTENT.NS,2025-02-11,6026.35009765625,6038.39990234375,5783.85009765625,5828.35009765625,5812.67822265625,255594.0
2025-02-11,BATAINDIA.NS,2025-02-11,1348.4000244140625,1362.9000244140625,1326.050048828125,1343.4000244140625,1333.2509765625,324175.0
2025-02-11,PIIND.NS,2025-02-11,3500.0,3500.0,3375.75,3419.60009765625,3404.8857421875,407211.0
2025-02-11,GODREJPROP.NS,2025-02-11,2122.199951171875,2130.0,2012.0,2025.949951171875,2025.949951171875,1109405.0
2025-02-11,HINDALCO.NS,2025-02-11,594.0499877929688,607.0,591.6500244140625,595.8499755859375,591.5121459960938,5303293.0
2025-02-11,MARUTI.NS,2025-02-11,12899.9501953125,13017.25,12699.4501953125,12724.349609375,12588.103515625,354195.0
2025-02-11,MCX.NS,2025-02-11,5781.0,5785.39990234375,5418.0,5491.5,5470.6064453125,431477.0
2025-02-11,SAIL.NS,2025-02-11,105.19000244140624,105.3499984741211,99.5,100.0199966430664,98.7819366455078,19394967.0
2025-02-11,RELIANCE.NS,2025-02-11,1264.550048828125,1264.550048828125,1230.0999755859375,1234.8499755859375,1229.937744140625,8859714.0
2025-02-11,PAGEIND.NS,2025-02-11,43510.0,43577.0,41850.0,42114.8515625,41514.90234375,27311.0
2025-02-11,HDFCAMC.NS,2025-02-11,1935.5,1935.5,1823.9749755859373,1842.2249755859373,1808.289794921875,1233914.0
2025-02-11,ADANIENT.NS,2025-02-11,,,,,,
2025-02-11,ANGELONE.NS,2025-02-11,2349.89990234375,2359.449951171875,2212.050048828125,2260.5,2229.79638671875,1137159.0
2025-02-11,VOLTAS.NS,2025-02-11,1361.0999755859375,1365.449951171875,1287.0,1292.6500244140625,1285.474365234375,1396393.0
2025-02-11,MARICO.NS,2025-02-11,640.2000122070312,650.3499755859375,626.5499877929688,634.7000122070312,628.4406127929688,998016.0
2025-02-11,TATASTEEL.NS,2025-02-11,133.0,134.33999633789062,129.6999969482422,130.11000061035156,127.14490509033205,23635428.0
2025-02-11,PIDILITIND.NS,2025-02-11,1430.0250244140625,1433.949951171875,1414.375,1425.5250244140625,1415.8087158203125,390106.0
2025-02-11,RITES.NS,2025-02-11,226.0500030517578,226.75,219.0,220.1000061035156,215.07960510253903,1029345.0
2025-02-11,HCLTECH.NS,2025-02-11,1742.800048828125,1749.0,1715.0,1723.199951171875,1676.916748046875,1702553.0
2025-02-11,RAYMOND.NS,2025-02-11,1494.699951171875,1499.4000244140625,1438.0,1444.050048828125,1444.050048828125,167894.0
2025-02-11,POLYCAB.NS,2025-02-11,,,,,,
2025-02-11,SUNPHARMA.NS,2025-02-11,1725.199951171875,1734.199951171875,1695.050048828125,1699.75,1694.1729736328125,2779274.0
2025-02-11,MAXHEALTH.NS,2025-02-11,1077.1500244140625,1078.0,1017.0,1019.9500122070312,1018.7743530273438,7134442.0
2025-02-11,BEML.NS,2025-02-11,1542.625,1547.4000244140625,1460.199951171875,1471.0250244140625,1461.62158203125,582990.0
2025-02-11,HINDUNILVR.NS,2025-02-11,2371.0,2377.949951171875,2296.550048828125,2315.25,2273.28564453125,1389260.0
2025-02-11,DATAPATTNS.NS,2025-02-11,1869.449951171875,1874.3499755859373,1760.800048828125,1766.75,1761.4649658203125,249498.0
2025-02-11,LUPIN.NS,2025-02-11,2178.60009765625,2178.60009765625,2037.050048828125,2067.60009765625,2054.820068359375,1125815.0
2025-02-11,POONAWALLA.NS,2025-02-11,,,,,,
2025-02-11,ASHOKLEY.NS,2025-02-11,104.2750015258789,104.74500274658205,100.4250030517578,101.8550033569336,99.41111755371094,7088702.0
2025-02-11,PRESTIGE.NS,2025-02-11,1319.0,1322.4000244140625,1271.050048828125,1311.1500244140625,1309.642578125,780980.0
2025-02-11,TECHM.NS,2025-02-11,1706.0,1709.0,1663.199951171875,1669.0999755859375,1622.1654052734375,1800036.0
2025-02-11,INFY.NS,2025-02-11,1883.0999755859373,1903.0,1870.0,1875.6500244140625,1821.7369384765625,4411601.0
2025-02-11,MON100.NS,2025-02-11,209.5,210.0,207.00999450683597,208.3699951171875,208.3699951171875,958433.0
2025-02-11,NAVINFLUOR.NS,2025-02-11,4208.75,4216.2001953125,4052.0,4064.5,4054.326171875,183277.0
2025-02-11,RAILTEL.NS,2025-02-11,345.0,345.0,326.0,327.8500061035156,325.079345703125,1442518.0
2025-02-11,INDIGO.NS,2025-02-11,4325.14990234375,4390.0,4275.0,4316.85009765625,4309.5673828125,997718.0
2025-02-11,HDFCBANK.NS,2025-02-11,851.5,855.5,844.3499755859375,850.7000122070312,839.3544311523438,22724704.0
2025-02-11,KOTAKBANK.NS,2025-02-11,,,,,,
2025-02-11,OBEROIRLTY.NS,2025-02-11,1809.0,1814.0,1693.949951171875,1704.75,1698.6766357421875,719782.0
2025-02-11,M&M.NS,2025-02-11,,,,,,
2025-02-11,AUROPHARMA.NS,2025-02-11,1179.0,1179.0,1137.25,1147.699951171875,1143.4078369140625,424894.0
2025-02-11,PVRINOX.NS,2025-02-11,1075.0,1082.75,1043.550048828125,1052.050048828125,1052.050048828125,459348.0
2025-02-11,MUTHOOTFIN.NS,2025-02-11,2249.800048828125,2253.550048828125,2158.0,2188.199951171875,2161.744140625,642555.0
2025-02-11,MPHASIS.NS,2025-02-11,2789.0,2794.0,2688.89990234375,2713.60009765625,2660.439697265625,249486.0
2025-02-11,NESTLEIND.NS,2025-02-11,1110.5250244140625,1116.050048828125,1088.9749755859375,1097.75,1093.15380859375,953674.0
2025-02-11,INDUSTOWER.NS,2025-02-11,353.25,354.45001220703125,344.5,348.20001220703125,348.20001220703125,4574371.0
2025-02-11,SBICARD.NS,2025-02-11,797.9000244140625,805.8499755859375,778.8499755859375,784.3499755859375,782.0134887695312,829353.0
2025-02-11,CESC.NS,2025-02-11,133.99000549316406,134.2100067138672,128.5,129.00999450683594,124.81795501708984,4331799.0
2025-02-11,TITAN.NS,2025-02-11,3334.699951171875,3348.0,3271.60009765625,3281.800048828125,3271.953125,903965.0
2025-02-11,CUMMINSIND.NS,2025-02-11,2880.0,2884.0,2792.0,2836.300048828125,2791.740234375,813128.0
2025-02-11,BAJFINANCE.NS,2025-02-11,829.9000244140625,835.510009765625,813.9349975585938,819.1199951171875,814.0966186523438,9630590.0
2025-02-11,MRF.NS,2025-02-11,111458.0,111529.75,108419.25,108716.453125,108545.953125,7514.0
2025-02-11,ONGC.NS,2025-02-11,242.4499969482422,242.4499969482422,236.8000030517578,238.9499969482422,232.01513671875,6711630.0
2025-02-11,GOLDBEES.NS,2025-02-11,73.44999694824219,73.44999694824219,71.80000305175781,71.9800033569336,71.9800033569336,26890736.0
2025-02-11,BHARATFORG.NS,2025-02-11,,,,,,
2025-02-11,CONCOR.NS,2025-02-11,572.4000244140625,572.4000244140625,549.6400146484375,553.9600219726562,548.18212890625,1076133.0
2025-02-11,OIL.NS,2025-02-11,,,,,,
2025-02-11,DIXON.NS,2025-02-11,14848.0,14948.0,14360.0,14666.2998046875,14659.775390625,238106.0
2025-02-11,DRREDDY.NS,2025-02-11,1220.0,1222.9000244140625,1201.25,1209.800048828125,1202.1756591796875,1819297.0
2025-02-11,APOLLOTYRE.NS,2025-02-11,423.0499877929688,426.8999938964844,413.6499938964844,417.5499877929688,413.1291198730469,1534407.0
2025-02-11,BHARTIARTL.NS,2025-02-11,1706.0,1706.6500244140625,1686.199951171875,1696.75,1682.6829833984375,8965266.0
2025-02-11,LALPATHLAB.NS,2025-02-11,2752.0,2772.199951171875,2677.60009765625,2716.300048828125,2699.410888671875,181066.0
2025-02-11,SRF.NS,2025-02-11,2860.0,2868.800048828125,2771.64990234375,2812.14990234375,2808.469970703125,385518.0
2025-02-11,TATACOMM.NS,2025-02-11,1570.800048828125,1571.8499755859375,1513.25,1525.3499755859375,1502.9144287109375,160158.0
2025-02-11,CIPLA.NS,2025-02-11,1465.0,1468.0,1443.4000244140625,1453.1500244140625,1437.791015625,1938792.0
2025-02-11,BHEL.NS,2025-02-11,203.58999633789065,203.8999938964844,193.5,199.7100067138672,199.29122924804688,18788514.0
2025-02-11,BSOFT.NS,2025-02-11,526.4000244140625,532.0,502.8999938964844,504.3500061035156,496.5274353027344,1219686.0
2025-02-11,ZENSARTECH.NS,2025-02-11,899.5,921.0999755859376,878.5999755859375,895.5,883.8632202148438,1675242.0
2025-02-11,TATAELXSI.NS,2025-02-11,6399.9501953125,6399.9501953125,6100.0,6116.75,6048.330078125,100616.0
2025-02-11,GRSE.NS,2025-02-11,1496.0,1501.0,1435.949951171875,1451.300048828125,1445.177490234375,607263.0
2025-02-11,MAZDOCK.NS,2025-02-11,2216.0,2246.0,2167.25,2185.199951171875,2175.99462890625,5685967.0
2025-02-11,TRIDENT.NS,2025-02-11,29.989999771118164,29.989999771118164,28.809999465942383,28.96999931335449,28.53278160095215,5070915.0
2025-02-11,MANAPPURAM.NS,2025-02-11,,,,,,
2025-02-11,IRCON.NS,2025-02-11,188.8699951171875,189.38999938964844,177.41000366210938,179.85000610351562,176.94065856933594,4785894.0
2025-02-11,RVNL.NS,2025-02-11,383.0,385.75,367.0,369.5,367.5787963867188,5917977.0
2025-02-11,NIFTYBEES.NS,2025-02-11,262.989990234375,262.989990234375,257.5199890136719,258.54998779296875,258.54998779296875,9321702.0
2025-02-12,TVSMOTOR.NS,2025-02-12,,,,,,
2025-02-12,HEROMOTOCO.NS,2025-02-12,4007.0,4066.60009765625,3955.050048828125,4015.75,3955.932861328125,619474.0
2025-02-12,LAURUSLABS.NS,2025-02-12,607.4000244140625,609.75,585.0,601.0499877929688,599.735595703125,2909487.0
2025-02-12,SIEMENS.NS,2025-02-12,3052.397216796875,3108.103515625,2939.1064453125,3051.8984375,3051.8984375,1379042.0
2025-02-12,HAPPSTMNDS.NS,2025-02-12,691.0499877929688,706.3499755859375,685.8499755859375,694.3499755859375,686.8168334960938,1241315.0
2025-02-12,BIOCON.NS,2025-02-12,360.9500122070313,361.9500122070313,342.75,355.95001220703125,355.4747314453125,3963839.0
2025-02-12,IDFCFIRSTB.NS,2025-02-12,61.59000015258789,62.59999847412109,60.209999084472656,62.15999984741211,61.95721054077149,20312492.0
2025-02-12,ICICIBANK.NS,2025-02-12,1257.199951171875,1269.75,1244.6500244140625,1251.800048828125,1242.2149658203125,8809352.0
2025-02-12,CAMS.NS,2025-02-12,3378.35009765625,3552.949951171875,3301.050048828125,3528.0,3488.535888671875,859238.0
2025-02-12,BPCL.NS,2025-02-12,255.1499938964844,256.79998779296875,249.0500030517578,255.6000061035156,246.67562866210935,6568833.0
2025-02-12,JSWSTEEL.NS,2025-02-12,952.9000244140624,962.9500122070312,938.0999755859376,956.4000244140624,953.8314819335938,2768806.0
2025-02-12,BDL.NS,2025-02-12,,,,,,
2025-02-12,ITC.NS,2025-02-12,413.1499938964844,413.7999877929688,407.6000061035156,409.8999938964844,402.4841918945313,13884574.0
2025-02-12,CDSL.NS,2025-02-12,1220.0,1258.0,1168.949951171875,1235.699951171875,1225.706298828125,6478169.0
2025-02-12,BRITANNIA.NS,2025-02-12,4899.0498046875,4932.9501953125,4843.5498046875,4918.2998046875,4854.67919921875,336331.0
2025-02-12,WIPRO.NS,2025-02-12,313.45001220703125,315.75,309.3500061035156,310.20001220703125,304.2162170410156,9668342.0
2025-02-12,TATACHEM.NS,2025-02-12,884.9500122070312,887.5,858.0499877929688,878.5999755859375,868.536376953125,525775.0
2025-02-12,ASIANPAINT.NS,2025-02-12,2241.85009765625,2247.949951171875,2185.699951171875,2228.25,2204.439208984375,1181706.0
2025-02-12,EICHERMOT.NS,2025-02-12,4950.0,5000.0,4834.39990234375,4849.4501953125,4787.37451171875,813864.0
2025-02-12,COFORGE.NS,2025-02-12,1578.8800048828125,1626.530029296875,1565.4000244140625,1600.8800048828125,1589.78076171875,5689675.0
2025-02-12,IIFL.NS,2025-02-12,346.75,346.75,332.6499938964844,335.6499938964844,335.6499938964844,1301676.0
2025-02-12,TCS.NS,2025-02-12,3971.10009765625,4021.75,3940.14990234375,3950.14990234375,3887.60693359375,1678002.0
2025-02-12,HAVELLS.NS,2025-02-12,1550.550048828125,1550.5999755859375,1509.3499755859375,1528.949951171875,1523.0933837890625,289847.0
2025-02-12,COALINDIA.NS,2025-02-12,359.8999938964844,361.7999877929688,351.54998779296875,360.3500061035156,341.1305236816406,4565992.0
2025-02-12,SHREECEM.NS,2025-02-12,27800.0,28350.0,27352.400390625,28235.05078125,28100.39453125,18436.0
2025-02-12,SBIN.NS,2025-02-12,733.1500244140625,738.7000122070312,717.1500244140625,733.1500244140625,718.7184448242188,12697743.0
2025-02-12,AXISBANK.NS,2025-02-12,1000.0,1010.6500244140624,984.0,1006.9000244140624,1006.0402221679688,7669283.0
2025-02-12,IEX.NS,2025-02-12,170.0,173.4199981689453,166.2100067138672,171.80999755859375,170.50497436523438,3679502.0
2025-02-12,SUZLON.NS,2025-02-12,51.9900016784668,52.9900016784668,49.04999923706055,52.400001525878906,52.400001525878906,69163693.0
2025-02-12,AARTIIND.NS,2025-02-12,439.8500061035156,447.75,424.25,442.25,441.0741271972656,1708158.0
2025-02-12,PERSISTENT.NS,2025-02-12,5839.9501953125,5860.0,5683.0498046875,5705.2001953125,5689.859375,283805.0
2025-02-12,BATAINDIA.NS,2025-02-12,1336.0,1378.949951171875,1335.6500244140625,1353.5999755859375,1343.373779296875,247157.0
2025-02-12,PIIND.NS,2025-02-12,3430.0,3440.60009765625,3315.300048828125,3356.64990234375,3342.20654296875,341176.0
2025-02-12,GODREJPROP.NS,2025-02-12,2025.949951171875,2026.949951171875,1921.550048828125,1929.75,1929.75,1947592.0
2025-02-12,HINDALCO.NS,2025-02-12,599.0499877929688,604.9500122070312,586.3499755859375,598.9000244140625,594.5399780273438,3764143.0
2025-02-12,MARUTI.NS,2025-02-12,12700.0,12765.349609375,12608.0498046875,12655.5498046875,12520.041015625,425735.0
2025-02-12,MCX.NS,2025-02-12,5513.0,5669.9501953125,5350.2001953125,5547.9501953125,5526.841796875,481804.0
2025-02-12,SAIL.NS,2025-02-12,100.0999984741211,106.06999969482422,99.1500015258789,105.75,104.44100952148438,49570655.0
2025-02-12,RELIANCE.NS,2025-02-12,1219.449951171875,1226.9000244140625,1193.3499755859375,1216.550048828125,1211.7105712890625,21131654.0
2025-02-12,PAGEIND.NS,2025-02-12,42300.0,43390.30078125,41615.0,42708.1015625,42099.703125,23195.0
2025-02-12,HDFCAMC.NS,2025-02-12,1842.5,1883.4749755859373,1781.5250244140625,1851.824951171875,1817.712890625,1542350.0
2025-02-12,ADANIENT.NS,2025-02-12,,,,,,
2025-02-12,ANGELONE.NS,2025-02-12,2278.75,2380.0,2195.0,2348.60009765625,2316.699951171875,2177325.0
2025-02-12,VOLTAS.NS,2025-02-12,1289.800048828125,1312.5999755859375,1265.0,1299.1500244140625,1291.938232421875,1480614.0
2025-02-12,MARICO.NS,2025-02-12,630.7000122070312,638.2999877929688,620.2999877929688,632.1500244140625,625.915771484375,1073537.0
2025-02-12,TATASTEEL.NS,2025-02-12,129.35000610351562,133.2899932861328,128.30999755859375,132.27999877929688,129.2654571533203,37927696.0
2025-02-12,PIDILITIND.NS,2025-02-12,1425.25,1426.550048828125,1401.0,1414.25,1404.610595703125,252722.0
2025-02-12,RITES.NS,2025-02-12,217.6499938964844,219.8999938964844,207.1499938964844,218.1999969482422,213.22293090820312,1627124.0
2025-02-12,HCLTECH.NS,2025-02-12,1723.9000244140625,1742.4000244140625,1699.1500244140625,1717.300048828125,1671.17529296875,2214307.0
2025-02-12,RAYMOND.NS,2025-02-12,1436.9000244140625,1436.9000244140625,1364.449951171875,1416.550048828125,1416.550048828125,242847.0
2025-02-12,POLYCAB.NS,2025-02-12,,,,,,
2025-02-12,SUNPHARMA.NS,2025-02-12,1706.449951171875,1714.949951171875,1688.050048828125,1693.8499755859375,1688.2923583984375,1757284.0
2025-02-12,MAXHEALTH.NS,2025-02-12,995.0999755859376,1019.0,989.5,1004.7999877929688,1003.641845703125,7802242.0
2025-02-12,BEML.NS,2025-02-12,1468.6500244140625,1481.550048828125,1392.0,1442.0,1432.7821044921875,767958.0
2025-02-12,HINDUNILVR.NS,2025-02-12,2325.699951171875,2339.89990234375,2305.10009765625,2332.5,2290.22265625,1341909.0
2025-02-12,DATAPATTNS.NS,2025-02-12,1750.0,1783.699951171875,1641.050048828125,1719.050048828125,1713.90771484375,478061.0
2025-02-12,LUPIN.NS,2025-02-12,2079.0,2112.300048828125,1999.449951171875,2025.199951171875,2012.681884765625,2260417.0
2025-02-12,POONAWALLA.NS,2025-02-12,,,,,,
2025-02-12,ASHOKLEY.NS,2025-02-12,102.0,110.4499969482422,99.8249969482422,109.6750030517578,107.0434799194336,73022266.0
2025-02-12,PRESTIGE.NS,2025-02-12,1310.0,1310.0,1213.6500244140625,1220.1500244140625,1218.7471923828125,3308431.0
2025-02-12,TECHM.NS,2025-02-12,1680.0,1690.0,1668.800048828125,1680.199951171875,1632.9532470703125,1889477.0
2025-02-12,INFY.NS,2025-02-12,1885.0,1894.5999755859373,1847.0,1863.1500244140625,1809.5963134765625,5633947.0
2025-02-12,MON100.NS,2025-02-12,210.94000244140625,210.94000244140625,205.2400054931641,207.17999267578125,207.17999267578125,755759.0
2025-02-12,NAVINFLUOR.NS,2025-02-12,4000.0,4135.0,3930.949951171875,4101.0498046875,4090.7841796875,298036.0
2025-02-12,RAILTEL.NS,2025-02-12,327.79998779296875,328.45001220703125,305.20001220703125,323.6499938964844,320.9148254394531,2925724.0
2025-02-12,INDIGO.NS,2025-02-12,4316.85009765625,4359.0,4200.0,4337.5,4330.1826171875,685035.0
2025-02-12,HDFCBANK.NS,2025-02-12,846.5,856.0,840.5999755859375,853.4000244140625,842.0184326171875,22809570.0
2025-02-12,KOTAKBANK.NS,2025-02-12,,,,,,
2025-02-12,OBEROIRLTY.NS,2025-02-12,1704.75,1717.949951171875,1621.5,1640.25,1634.4063720703125,1127995.0
2025-02-12,M&M.NS,2025-02-12,,,,,,
2025-02-12,AUROPHARMA.NS,2025-02-12,1150.0999755859375,1155.199951171875,1120.5999755859375,1144.550048828125,1140.269775390625,614174.0
2025-02-12,PVRINOX.NS,2025-02-12,1060.550048828125,1073.8499755859375,1030.5999755859375,1054.300048828125,1054.300048828125,635061.0
2025-02-12,MUTHOOTFIN.NS,2025-02-12,2196.0,2214.300048828125,2131.0,2182.85009765625,2156.458984375,345842.0
2025-02-12,MPHASIS.NS,2025-02-12,2729.0,2744.449951171875,2657.60009765625,2666.60009765625,2614.360595703125,732007.0
2025-02-12,NESTLEIND.NS,2025-02-12,1107.0,1107.0,1085.8499755859375,1096.875,1092.282470703125,1006516.0
2025-02-12,INDUSTOWER.NS,2025-02-12,349.0,350.75,332.1499938964844,347.3999938964844,347.3999938964844,7020361.0
2025-02-12,SBICARD.NS,2025-02-12,784.0,819.7000122070312,771.4500122070312,816.4000244140625,813.9680786132812,2404577.0
2025-02-12,CESC.NS,2025-02-12,128.8300018310547,129.36000061035156,124.0999984741211,127.93000030517578,123.77305603027344,8097476.0
2025-02-12,TITAN.NS,2025-02-12,3282.75,3317.39990234375,3212.60009765625,3255.449951171875,3245.68212890625,774619.0
2025-02-12,CUMMINSIND.NS,2025-02-12,2825.0,2830.25,2729.050048828125,2810.89990234375,2766.7392578125,460427.0
2025-02-12,BAJFINANCE.NS,2025-02-12,814.9650268554688,828.4000244140625,802.5,821.405029296875,816.36767578125,14837310.0
2025-02-12,MRF.NS,2025-02-12,108716.453125,110967.5,106335.0,109394.1484375,109222.59375,11043.0
2025-02-12,ONGC.NS,2025-02-12,239.0,241.25,234.1499938964844,237.3999938964844,230.51011657714844,5985956.0
2025-02-12,GOLDBEES.NS,2025-02-12,71.97000122070312,71.97000122070312,71.01000213623047,71.47000122070312,71.47000122070312,17813697.0
2025-02-12,BHARATFORG.NS,2025-02-12,,,,,,
2025-02-12,CONCOR.NS,2025-02-12,554.0800170898438,559.9199829101562,535.8400268554688,552.9199829101562,547.1528930664062,1031160.0
2025-02-12,OIL.NS,2025-02-12,,,,,,
2025-02-12,DIXON.NS,2025-02-12,14620.2001953125,14875.0,14072.5,14766.0,14759.431640625,295181.0
2025-02-12,DRREDDY.NS,2025-02-12,1218.0,1220.4000244140625,1202.8499755859375,1215.8499755859375,1208.1875,1306601.0
2025-02-12,APOLLOTYRE.NS,2025-02-12,417.1499938964844,419.6499938964844,408.1000061035156,412.7999877929688,408.4294128417969,1397333.0
2025-02-12,BHARTIARTL.NS,2025-02-12,1704.0,1713.699951171875,1684.5,1711.550048828125,1697.3603515625,7148192.0
2025-02-12,LALPATHLAB.NS,2025-02-12,2676.0,2723.0,2643.0,2673.39990234375,2656.77734375,101935.0
2025-02-12,SRF.NS,2025-02-12,2795.0,2866.0,2752.449951171875,2828.35009765625,2824.64892578125,764079.0
2025-02-12,TATACOMM.NS,2025-02-12,1530.0,1538.0,1479.4000244140625,1522.1500244140625,1499.7615966796875,141347.0
2025-02-12,CIPLA.NS,2025-02-12,1453.1500244140625,1462.300048828125,1435.1500244140625,1449.199951171875,1433.8826904296875,1791670.0
2025-02-12,BHEL.NS,2025-02-12,200.6999969482422,200.8300018310547,190.1000061035156,198.8300018310547,198.4130706787109,18458569.0
2025-02-12,BSOFT.NS,2025-02-12,475.0,505.0,470.0,502.6499938964844,494.853759765625,7561308.0
2025-02-12,ZENSARTECH.NS,2025-02-12,894.2000122070312,901.5,855.0,861.4000244140625,850.2063598632812,1440149.0
2025-02-12,TATAELXSI.NS,2025-02-12,6110.0,6170.0,6032.5,6154.0498046875,6085.21240234375,130838.0
2025-02-12,GRSE.NS,2025-02-12,1440.0,1440.9000244140625,1362.050048828125,1412.0999755859375,1406.142822265625,943374.0
2025-02-12,MAZDOCK.NS,2025-02-12,2185.0,2213.949951171875,2065.199951171875,2189.949951171875,2180.724365234375,7310164.0
2025-02-12,TRIDENT.NS,2025-02-12,29.0,29.09000015258789,27.65999984741211,28.549999237060547,28.11911964416504,6710277.0
2025-02-12,MANAPPURAM.NS,2025-02-12,,,,,,
2025-02-12,IRCON.NS,2025-02-12,163.3300018310547,171.97999572753906,159.61000061035156,168.60000610351562,165.8726348876953,33265324.0
2025-02-12,RVNL.NS,2025-02-12,367.9500122070313,377.1499938964844,342.0,371.6499938964844,369.7175903320313,14383719.0
2025-02-12,NIFTYBEES.NS,2025-02-12,259.75,259.75,255.6000061035156,258.2699890136719,258.2699890136719,7929756.0
2025-02-13,TVSMOTOR.NS,2025-02-13,,,,,,
2025-02-13,HEROMOTOCO.NS,2025-02-13,4005.0,4025.10009765625,3945.10009765625,3956.550048828125,3897.61474609375,557075.0
2025-02-13,LAURUSLABS.NS,2025-02-13,610.0,619.2000122070312,595.0,601.0,599.6857299804688,2821527.0
2025-02-13,SIEMENS.NS,2025-02-13,2993.697265625,3109.512451171875,2946.1796875,2996.779052734375,2996.779052734375,1841280.0
2025-02-13,HAPPSTMNDS.NS,2025-02-13,695.0,707.4000244140625,693.5999755859375,695.9500122070312,688.3994750976562,598937.0
2025-02-13,BIOCON.NS,2025-02-13,358.20001220703125,368.5499877929688,358.20001220703125,359.29998779296875,358.8202209472656,2780469.0
2025-02-13,IDFCFIRSTB.NS,2025-02-13,61.93000030517578,62.970001220703125,61.150001525878906,61.4900016784668,61.289398193359375,16583559.0
2025-02-13,ICICIBANK.NS,2025-02-13,1252.550048828125,1266.0,1245.9000244140625,1248.9000244140625,1239.337158203125,7263785.0
2025-02-13,CAMS.NS,2025-02-13,3528.0,3539.949951171875,3401.0,3410.199951171875,3372.053466796875,447275.0
2025-02-13,BPCL.NS,2025-02-13,256.20001220703125,260.1000061035156,255.0,255.75,246.8203887939453,5514711.0
2025-02-13,JSWSTEEL.NS,2025-02-13,954.0,984.0,953.25,969.7999877929688,967.1954956054688,1414535.0
2025-02-13,BDL.NS,2025-02-13,,,,,,
2025-02-13,ITC.NS,2025-02-13,409.9500122070313,413.9500122070313,409.0,409.7000122070313,402.287841796875,12989029.0
2025-02-13,CDSL.NS,2025-02-13,1239.0,1263.699951171875,1225.0,1227.0,1217.07666015625,2558775.0
2025-02-13,BRITANNIA.NS,2025-02-13,4915.9501953125,4950.75,4867.25,4888.7001953125,4825.46240234375,341650.0
2025-02-13,WIPRO.NS,2025-02-13,310.29998779296875,313.6499938964844,306.95001220703125,308.54998779296875,302.5980224609375,8832731.0
2025-02-13,TATACHEM.NS,2025-02-13,878.9500122070312,888.1500244140625,867.0,868.25,858.304931640625,412094.0
2025-02-13,ASIANPAINT.NS,2025-02-13,2228.25,2249.949951171875,2220.0,2236.39990234375,2212.502197265625,921923.0
2025-02-13,EICHERMOT.NS,2025-02-13,4850.64990234375,4907.0498046875,4790.0,4820.39990234375,4758.69580078125,571526.0
2025-02-13,COFORGE.NS,2025-02-13,1603.0,1613.989990234375,1566.010009765625,1575.0899658203125,1564.16943359375,1720920.0
2025-02-13,IIFL.NS,2025-02-13,330.1000061035156,344.70001220703125,325.20001220703125,331.5,331.5,2080147.0
2025-02-13,TCS.NS,2025-02-13,3968.0,3984.449951171875,3902.25,3910.14990234375,3848.240234375,2277310.0
2025-02-13,HAVELLS.NS,2025-02-13,1528.9000244140625,1550.0,1508.0,1522.550048828125,1516.718017578125,598449.0
2025-02-13,COALINDIA.NS,2025-02-13,362.0,367.5499877929688,358.6000061035156,361.6499938964844,342.3611755371094,3712240.0
2025-02-13,SHREECEM.NS,2025-02-13,28300.30078125,28750.0,28113.25,28225.0,28090.392578125,22179.0
2025-02-13,SBIN.NS,2025-02-13,734.4000244140625,737.5,726.1500244140625,727.6500244140625,713.3267211914062,12370571.0
2025-02-13,AXISBANK.NS,2025-02-13,1003.0,1017.4500122070312,1001.0499877929688,1008.2000122070312,1007.339111328125,6348246.0
2025-02-13,IEX.NS,2025-02-13,172.14999389648438,173.60000610351562,169.0500030517578,169.60000610351562,168.311767578125,2939542.0
2025-02-13,SUZLON.NS,2025-02-13,52.810001373291016,53.95000076293945,52.290000915527344,53.34999847412109,53.34999847412109,41607228.0
2025-02-13,AARTIIND.NS,2025-02-13,442.0499877929688,445.3500061035156,431.0,432.4500122070313,431.3002014160156,879597.0
2025-02-13,PERSISTENT.NS,2025-02-13,5721.9501953125,5788.25,5618.0,5663.2998046875,5648.07177734375,233733.0
2025-02-13,BATAINDIA.NS,2025-02-13,1350.25,1358.4000244140625,1317.5999755859375,1333.699951171875,1323.6241455078125,216551.0
2025-02-13,PIIND.NS,2025-02-13,3378.699951171875,3378.699951171875,3220.0,3226.64990234375,3212.765869140625,522317.0
2025-02-13,GODREJPROP.NS,2025-02-13,1934.5,2045.800048828125,1904.5999755859373,2025.699951171875,2025.699951171875,1496217.0
2025-02-13,HINDALCO.NS,2025-02-13,596.0499877929688,607.9500122070312,590.0999755859375,602.5,598.1137084960938,4415122.0
2025-02-13,MARUTI.NS,2025-02-13,12675.0,12744.9501953125,12614.75,12671.2998046875,12535.6220703125,186742.0
2025-02-13,MCX.NS,2025-02-13,5589.7998046875,5759.7001953125,5545.5498046875,5610.89990234375,5589.55224609375,250997.0
2025-02-13,SAIL.NS,2025-02-13,105.37999725341795,111.3000030517578,104.9499969482422,109.33000183105467,107.97669982910156,36029038.0
2025-02-13,RELIANCE.NS,2025-02-13,1217.050048828125,1228.0,1212.0,1216.0999755859375,1211.2623291015625,8511216.0
2025-02-13,PAGEIND.NS,2025-02-13,42686.5,42686.5,41450.1015625,41681.25,41232.296875,36838.0
2025-02-13,HDFCAMC.NS,2025-02-13,1865.7249755859373,1890.0,1840.5250244140625,1877.925048828125,1843.332275390625,890224.0
2025-02-13,ADANIENT.NS,2025-02-13,,,,,,
2025-02-13,ANGELONE.NS,2025-02-13,2348.60009765625,2369.050048828125,2301.0,2312.60009765625,2281.188720703125,702919.0
2025-02-13,VOLTAS.NS,2025-02-13,1300.0,1306.75,1245.550048828125,1248.550048828125,1241.619140625,2004213.0
2025-02-13,MARICO.NS,2025-02-13,630.0,643.3499755859375,630.0,634.5,628.2426147460938,1144554.0
2025-02-13,TATASTEEL.NS,2025-02-13,132.27999877929688,137.69000244140625,131.86000061035156,136.25,133.14498901367188,52036196.0
2025-02-13,PIDILITIND.NS,2025-02-13,1414.0,1425.0,1401.5,1409.050048828125,1399.446044921875,236320.0
2025-02-13,RITES.NS,2025-02-13,219.0,222.8999938964844,213.1999969482422,213.8000030517578,208.92330932617188,1271290.0
2025-02-13,HCLTECH.NS,2025-02-13,1712.0,1729.949951171875,1700.25,1703.0999755859375,1657.356689453125,1838463.0
2025-02-13,RAYMOND.NS,2025-02-13,1423.0,1447.75,1404.75,1417.050048828125,1417.050048828125,122543.0
2025-02-13,POLYCAB.NS,2025-02-13,,,,,,
2025-02-13,SUNPHARMA.NS,2025-02-13,1700.0,1752.75,1699.949951171875,1746.3499755859375,1740.6201171875,2750390.0
2025-02-13,MAXHEALTH.NS,2025-02-13,1004.6500244140624,1011.9000244140624,995.5499877929688,1001.6500244140624,1000.4954833984376,2877673.0
2025-02-13,BEML.NS,2025-02-13,1445.0250244140625,1525.4749755859375,1445.0250244140625,1469.625,1460.23046875,907976.0
2025-02-13,HINDUNILVR.NS,2025-02-13,2330.10009765625,2345.60009765625,2313.35009765625,2321.5,2279.42236328125,1334967.0
2025-02-13,DATAPATTNS.NS,2025-02-13,1701.050048828125,1788.699951171875,1672.550048828125,1683.300048828125,1678.2646484375,272567.0
2025-02-13,LUPIN.NS,2025-02-13,2051.14990234375,2140.0,2041.1500244140625,2055.25,2042.5462646484373,2612734.0
2025-02-13,POONAWALLA.NS,2025-02-13,,,,,,
2025-02-13,ASHOKLEY.NS,2025-02-13,110.3000030517578,112.62999725341795,108.18499755859376,108.53500366210938,105.93083190917967,47542286.0
2025-02-13,PRESTIGE.NS,2025-02-13,1192.1500244140625,1256.050048828125,1192.1500244140625,1237.9000244140625,1236.476806640625,2113080.0
2025-02-13,TECHM.NS,2025-02-13,1675.0,1689.449951171875,1640.550048828125,1675.300048828125,1628.191162109375,1555491.0
2025-02-13,INFY.NS,2025-02-13,1868.5,1873.5,1835.6500244140625,1843.25,1790.268310546875,5237744.0
2025-02-13,MON100.NS,2025-02-13,208.47000122070312,208.6999969482422,204.50999450683597,206.77999877929688,206.77999877929688,845935.0
2025-02-13,NAVINFLUOR.NS,2025-02-13,4150.0,4160.0,4021.35009765625,4108.4501953125,4098.166015625,254086.0
2025-02-13,RAILTEL.NS,2025-02-13,327.25,334.70001220703125,321.04998779296875,323.20001220703125,320.4686584472656,1783509.0
2025-02-13,INDIGO.NS,2025-02-13,4341.35009765625,4400.0,4327.5,4364.85009765625,4357.486328125,839061.0
2025-02-13,HDFCBANK.NS,2025-02-13,849.5,857.125,846.7750244140625,848.8499755859375,837.5291137695312,12602434.0
2025-02-13,KOTAKBANK.NS,2025-02-13,,,,,,
2025-02-13,OBEROIRLTY.NS,2025-02-13,1640.0,1645.300048828125,1560.0999755859375,1628.6500244140625,1622.8477783203125,1555845.0
2025-02-13,M&M.NS,2025-02-13,,,,,,
2025-02-13,AUROPHARMA.NS,2025-02-13,1146.0,1208.0,1146.0,1179.949951171875,1175.5372314453125,1684066.0
2025-02-13,PVRINOX.NS,2025-02-13,1059.0,1078.5,1049.3499755859375,1060.449951171875,1060.449951171875,397984.0
2025-02-13,MUTHOOTFIN.NS,2025-02-13,2248.800048828125,2334.800048828125,2227.0,2317.800048828125,2289.77734375,4108598.0
2025-02-13,MPHASIS.NS,2025-02-13,2675.0,2698.35009765625,2594.5,2601.949951171875,2550.976806640625,559365.0
2025-02-13,NESTLEIND.NS,2025-02-13,1096.875,1105.0999755859375,1086.324951171875,1088.7750244140625,1084.2164306640625,1022294.0
2025-02-13,INDUSTOWER.NS,2025-02-13,347.04998779296875,356.79998779296875,343.45001220703125,348.75,348.75,4427505.0
2025-02-13,SBICARD.NS,2025-02-13,825.0,867.2000122070312,820.1500244140625,859.8499755859375,857.28857421875,8035172.0
2025-02-13,CESC.NS,2025-02-13,128.5,132.0,125.72000122070312,125.91999816894533,121.828369140625,5280907.0
2025-02-13,TITAN.NS,2025-02-13,3250.25,3277.949951171875,3215.199951171875,3231.5,3221.80419921875,727243.0
2025-02-13,CUMMINSIND.NS,2025-02-13,2820.0,2870.800048828125,2783.85009765625,2801.300048828125,2757.2900390625,398078.0
2025-02-13,BAJFINANCE.NS,2025-02-13,819.7050170898438,849.7999877929688,819.7050170898438,840.9000244140625,835.7431030273438,18003130.0
2025-02-13,MRF.NS,2025-02-13,110000.0,110380.0,109039.5,109767.0,109594.859375,5402.0
2025-02-13,ONGC.NS,2025-02-13,238.5,239.4499969482422,234.1999969482422,234.9499969482422,228.1312255859375,10079210.0
2025-02-13,GOLDBEES.NS,2025-02-13,72.58000183105469,72.58000183105469,71.68000030517578,71.87000274658203,71.87000274658203,13212378.0
2025-02-13,BHARATFORG.NS,2025-02-13,,,,,,
2025-02-13,CONCOR.NS,2025-02-13,552.0,567.2000122070312,552.0,555.6400146484375,549.8446044921875,780902.0
2025-02-13,OIL.NS,2025-02-13,,,,,,
2025-02-13,DIXON.NS,2025-02-13,14839.75,15067.4501953125,14640.0,14710.7998046875,14704.255859375,234130.0
2025-02-13,DRREDDY.NS,2025-02-13,1216.9000244140625,1243.0,1216.9000244140625,1223.5999755859375,1215.888671875,4447231.0
2025-02-13,APOLLOTYRE.NS,2025-02-13,415.6499938964844,425.5,412.3999938964844,420.7000122070313,416.2457885742188,1540335.0
2025-02-13,BHARTIARTL.NS,2025-02-13,1710.0,1728.4000244140625,1703.9000244140625,1714.5999755859375,1700.3848876953125,5356002.0
2025-02-13,LALPATHLAB.NS,2025-02-13,2660.0,2689.949951171875,2615.199951171875,2623.5,2607.187744140625,89347.0
2025-02-13,SRF.NS,2025-02-13,2856.0,2885.0,2810.0,2841.449951171875,2837.731689453125,584788.0
2025-02-13,TATACOMM.NS,2025-02-13,1532.9000244140625,1553.5,1519.949951171875,1523.199951171875,1500.7960205078125,115689.0
2025-02-13,CIPLA.NS,2025-02-13,1449.199951171875,1493.0,1447.0999755859375,1472.1500244140625,1456.5902099609375,1879916.0
2025-02-13,BHEL.NS,2025-02-13,199.0,205.3999938964844,199.0,201.82000732421875,201.39682006835935,10675334.0
2025-02-13,BSOFT.NS,2025-02-13,503.0,516.7000122070312,499.1000061035156,505.8500061035156,498.004150390625,1181553.0
2025-02-13,ZENSARTECH.NS,2025-02-13,861.4500122070312,898.5999755859375,859.0,864.5,853.2660522460938,1481897.0
2025-02-13,TATAELXSI.NS,2025-02-13,6199.9501953125,6199.9501953125,6082.0,6134.35009765625,6065.73291015625,135495.0
2025-02-13,GRSE.NS,2025-02-13,1417.0999755859375,1468.699951171875,1402.199951171875,1410.4000244140625,1404.449951171875,801247.0
2025-02-13,MAZDOCK.NS,2025-02-13,2205.0,2314.949951171875,2187.60009765625,2211.5,2202.18359375,5307033.0
2025-02-13,TRIDENT.NS,2025-02-13,28.81999969482422,29.309999465942383,28.299999237060547,28.51000022888184,28.07972526550293,5094155.0
2025-02-13,MANAPPURAM.NS,2025-02-13,,,,,,
2025-02-13,IRCON.NS,2025-02-13,167.0,172.64999389648438,166.0500030517578,167.33999633789062,164.6330108642578,8256727.0
2025-02-13,RVNL.NS,2025-02-13,375.0,387.3999938964844,366.0499877929688,379.2999877929688,377.3278198242188,9279991.0
2025-02-13,NIFTYBEES.NS,2025-02-13,259.989990234375,260.489990234375,257.7300109863281,258.1700134277344,258.1700134277344,5078676.0
2025-02-14,TVSMOTOR.NS,2025-02-14,,,,,,
2025-02-14,HEROMOTOCO.NS,2025-02-14,3960.050048828125,3981.10009765625,3850.0,3862.39990234375,3804.8671875,475952.0
2025-02-14,LAURUSLABS.NS,2025-02-14,602.0,604.0,531.5499877929688,546.2000122070312,545.005615234375,7236600.0
2025-02-14,SIEMENS.NS,2025-02-14,2999.5673828125,3027.567138671875,2903.680908203125,2929.62646484375,2929.62646484375,561232.0
2025-02-14,HAPPSTMNDS.NS,2025-02-14,696.2999877929688,706.4500122070312,688.0,693.0499877929688,685.5309448242188,724614.0
2025-02-14,BIOCON.NS,2025-02-14,362.75,362.75,344.25,349.3500061035156,348.883544921875,3103224.0
2025-02-14,IDFCFIRSTB.NS,2025-02-14,61.4900016784668,61.79999923706055,59.880001068115234,60.59999847412109,60.40229797363281,19990418.0
2025-02-14,ICICIBANK.NS,2025-02-14,1252.0999755859375,1263.5,1244.449951171875,1260.0999755859375,1250.451416015625,10368438.0
2025-02-14,CAMS.NS,2025-02-14,3438.800048828125,3456.199951171875,3312.0,3375.35009765625,3337.593505859375,345250.0
2025-02-14,BPCL.NS,2025-02-14,256.3999938964844,258.6000061035156,247.4499969482422,251.0,242.2362365722656,5205573.0
2025-02-14,JSWSTEEL.NS,2025-02-14,972.9000244140624,983.7000122070312,954.25,964.5999755859376,962.0094604492188,2690126.0
2025-02-14,BDL.NS,2025-02-14,,,,,,
2025-02-14,ITC.NS,2025-02-14,411.75,416.2000122070313,408.3999938964844,410.25,402.8278503417969,14124236.0
2025-02-14,CDSL.NS,2025-02-14,1235.0,1246.6500244140625,1193.1500244140625,1205.300048828125,1195.55224609375,2951830.0
2025-02-14,BRITANNIA.NS,2025-02-14,4891.7001953125,4955.0,4873.75,4939.64990234375,4875.7529296875,489241.0
2025-02-14,WIPRO.NS,2025-02-14,310.04998779296875,312.3999938964844,304.54998779296875,308.1000061035156,302.1567077636719,7371341.0
2025-02-14,TATACHEM.NS,2025-02-14,871.0499877929688,876.0499877929688,838.6500244140625,846.5,836.8040771484375,599907.0
2025-02-14,ASIANPAINT.NS,2025-02-14,2236.39990234375,2250.550048828125,2203.0,2231.300048828125,2207.456787109375,1380052.0
2025-02-14,EICHERMOT.NS,2025-02-14,4831.10009765625,4850.0,4686.0498046875,4703.35009765625,4643.14453125,476473.0
2025-02-14,COFORGE.NS,2025-02-14,1591.0,1591.4100341796875,1535.199951171875,1558.6700439453125,1547.8634033203125,2360225.0
2025-02-14,IIFL.NS,2025-02-14,335.0,335.04998779296875,306.25,314.3500061035156,314.3500061035156,2095575.0
2025-02-14,TCS.NS,2025-02-14,3925.0,3948.0,3900.0,3934.85009765625,3872.54931640625,1681975.0
2025-02-14,HAVELLS.NS,2025-02-14,1522.0,1557.0999755859375,1490.0,1498.25,1492.5111083984375,896376.0
2025-02-14,COALINDIA.NS,2025-02-14,363.8999938964844,365.0,350.5,354.20001220703125,335.3085632324219,4464446.0
2025-02-14,SHREECEM.NS,2025-02-14,28500.0,28748.30078125,27911.0,28556.05078125,28419.865234375,64359.0
2025-02-14,SBIN.NS,2025-02-14,730.9500122070312,732.9000244140625,716.2000122070312,722.1500244140625,707.9349975585938,10417539.0
2025-02-14,AXISBANK.NS,2025-02-14,1010.5499877929688,1016.0,987.6500244140624,997.5,996.6482543945312,5375755.0
2025-02-14,IEX.NS,2025-02-14,170.14999389648438,170.97000122070312,161.94000244140625,163.92999267578125,162.68482971191406,3587242.0
2025-02-14,SUZLON.NS,2025-02-14,53.54999923706055,53.880001068115234,50.45000076293945,51.13999938964844,51.13999938964844,45983899.0
2025-02-14,AARTIIND.NS,2025-02-14,431.25,432.8999938964844,409.7999877929688,414.9500122070313,413.8467102050781,1422199.0
2025-02-14,PERSISTENT.NS,2025-02-14,5700.0,5728.85009765625,5490.10009765625,5562.7001953125,5547.74267578125,370089.0
2025-02-14,BATAINDIA.NS,2025-02-14,1334.0,1344.0,1303.449951171875,1320.050048828125,1310.077392578125,127682.0
2025-02-14,PIIND.NS,2025-02-14,3227.89990234375,3249.800048828125,3140.0,3162.800048828125,3155.057373046875,218261.0
2025-02-14,GODREJPROP.NS,2025-02-14,2027.699951171875,2062.449951171875,1935.0,1968.1500244140625,1968.1500244140625,1123030.0
2025-02-14,HINDALCO.NS,2025-02-14,609.0,616.0,595.0499877929688,606.2000122070312,601.7868041992188,11475440.0
2025-02-14,MARUTI.NS,2025-02-14,12700.0,12780.0,12584.099609375,12680.25,12544.4765625,233454.0
2025-02-14,MCX.NS,2025-02-14,5659.85009765625,5670.0,5381.10009765625,5443.7001953125,5422.98876953125,244194.0
2025-02-14,SAIL.NS,2025-02-14,110.0999984741211,113.1999969482422,104.43000030517578,105.70999908447266,104.40150451660156,32127888.0
2025-02-14,RELIANCE.NS,2025-02-14,1219.0,1224.0,1205.449951171875,1217.25,1212.40771484375,10298145.0
2025-02-14,PAGEIND.NS,2025-02-14,41711.0,41775.0,40600.0,41068.3515625,40626.00390625,19326.0
2025-02-14,HDFCAMC.NS,2025-02-14,1882.5,1895.0,1847.5,1876.2249755859373,1841.6634521484373,1322252.0
2025-02-14,ADANIENT.NS,2025-02-14,,,,,,
2025-02-14,ANGELONE.NS,2025-02-14,2326.949951171875,2341.25,2195.0,2209.35009765625,2179.34130859375,906535.0
2025-02-14,VOLTAS.NS,2025-02-14,1250.0,1264.0,1202.199951171875,1213.8499755859375,1207.1116943359375,1020091.0
2025-02-14,MARICO.NS,2025-02-14,635.0499877929688,638.25,629.5,633.75,627.5,1821215.0
2025-02-14,TATASTEEL.NS,2025-02-14,136.25,139.25,133.3300018310547,134.47000122070312,131.40554809570312,41469242.0
2025-02-14,PIDILITIND.NS,2025-02-14,1407.7249755859375,1414.4749755859375,1388.050048828125,1403.0999755859375,1393.53662109375,205586.0
2025-02-14,RITES.NS,2025-02-14,216.8000030517578,219.1999969482422,205.1499938964844,206.8000030517578,202.08297729492188,1860167.0
2025-02-14,HCLTECH.NS,2025-02-14,1711.0,1723.4000244140625,1699.949951171875,1711.25,1665.287841796875,1460459.0
2025-02-14,RAYMOND.NS,2025-02-14,1428.0,1428.0,1362.4000244140625,1383.199951171875,1383.199951171875,180943.0
2025-02-14,POLYCAB.NS,2025-02-14,,,,,,
2025-02-14,SUNPHARMA.NS,2025-02-14,1747.3499755859375,1748.949951171875,1685.0,1700.5,1694.9205322265625,2123774.0
2025-02-14,MAXHEALTH.NS,2025-02-14,1004.0,1010.0,982.4000244140624,1003.6500244140624,1002.4931640625,3192821.0
2025-02-14,BEML.NS,2025-02-14,1472.5,1484.0999755859375,1356.199951171875,1379.925048828125,1373.4403076171875,700624.0
2025-02-14,HINDUNILVR.NS,2025-02-14,2322.0,2366.0,2313.39990234375,2318.35009765625,2276.329345703125,1135380.0
2025-02-14,DATAPATTNS.NS,2025-02-14,1696.0999755859375,1704.1500244140625,1600.0,1606.0,1601.19580078125,223348.0
2025-02-14,LUPIN.NS,2025-02-14,2065.199951171875,2071.0,1931.5999755859373,1969.9000244140625,1957.723876953125,1928965.0
2025-02-14,POONAWALLA.NS,2025-02-14,,,,,,
2025-02-14,ASHOKLEY.NS,2025-02-14,108.5999984741211,109.3550033569336,105.88999938964844,106.9250030517578,104.35946655273438,15651978.0
2025-02-14,PRESTIGE.NS,2025-02-14,1236.0,1245.800048828125,1206.3499755859375,1227.1500244140625,1225.7391357421875,703491.0
2025-02-14,TECHM.NS,2025-02-14,1685.0,1694.0,1652.050048828125,1659.0999755859375,1612.446533203125,961944.0
2025-02-14,INFY.NS,2025-02-14,1854.0,1859.300048828125,1828.3499755859373,1856.4000244140625,1803.040283203125,5292961.0
2025-02-14,MON100.NS,2025-02-14,209.94000244140625,209.94000244140625,203.6300048828125,205.44000244140625,205.44000244140625,984055.0
2025-02-14,NAVINFLUOR.NS,2025-02-14,4100.10009765625,4108.4501953125,3959.89990234375,4016.10009765625,4006.04736328125,194278.0
2025-02-14,RAILTEL.NS,2025-02-14,323.20001220703125,325.1000061035156,302.25,306.04998779296875,303.46356201171875,1782400.0
2025-02-14,INDIGO.NS,2025-02-14,4367.0,4383.0,4206.7001953125,4223.2998046875,4216.1748046875,821919.0
2025-02-14,HDFCBANK.NS,2025-02-14,850.9500122070312,850.9500122070312,840.0,847.4249877929688,836.1231079101562,19959892.0
2025-02-14,KOTAKBANK.NS,2025-02-14,,,,,,
2025-02-14,OBEROIRLTY.NS,2025-02-14,1628.6500244140625,1650.0,1547.800048828125,1570.6500244140625,1565.054443359375,710925.0
2025-02-14,M&M.NS,2025-02-14,,,,,,
2025-02-14,AUROPHARMA.NS,2025-02-14,1190.949951171875,1199.0,1123.0,1131.3499755859375,1127.1190185546875,1239852.0
2025-02-14,PVRINOX.NS,2025-02-14,1069.449951171875,1072.949951171875,1005.5999755859376,1018.25,1018.25,597668.0
2025-02-14,MUTHOOTFIN.NS,2025-02-14,2327.0,2330.89990234375,2210.10009765625,2254.89990234375,2227.6376953125,1321117.0
2025-02-14,MPHASIS.NS,2025-02-14,2630.050048828125,2630.050048828125,2530.85009765625,2554.25,2504.21142578125,469018.0
2025-02-14,NESTLEIND.NS,2025-02-14,1088.7750244140625,1112.5,1085.0250244140625,1097.925048828125,1093.328125,1921722.0
2025-02-14,INDUSTOWER.NS,2025-02-14,350.1499938964844,350.3999938964844,329.6000061035156,335.5,335.5,3742431.0
2025-02-14,SBICARD.NS,2025-02-14,861.0,872.0,854.0999755859375,859.0,856.441162109375,4325610.0
2025-02-14,CESC.NS,2025-02-14,127.3000030517578,127.38999938964844,120.56999969482422,122.18000030517578,118.20989990234376,8386902.0
2025-02-14,TITAN.NS,2025-02-14,3236.300048828125,3253.0,3186.449951171875,3213.25,3203.60888671875,587411.0
2025-02-14,CUMMINSIND.NS,2025-02-14,2800.0,2804.89990234375,2696.199951171875,2734.800048828125,2709.243408203125,420649.0
2025-02-14,BAJFINANCE.NS,2025-02-14,840.85498046875,845.5599975585938,828.2000122070312,839.22998046875,834.083251953125,8633150.0
2025-02-14,MRF.NS,2025-02-14,109688.0,110598.75,108520.6015625,109474.8515625,109306.1640625,4673.0
2025-02-14,ONGC.NS,2025-02-14,235.0,237.9499969482422,226.75,230.5,223.8103790283203,8065352.0
2025-02-14,GOLDBEES.NS,2025-02-14,71.86000061035156,72.3499984741211,71.62000274658203,72.22000122070312,72.22000122070312,10506019.0
2025-02-14,BHARATFORG.NS,2025-02-14,,,,,,
2025-02-14,CONCOR.NS,2025-02-14,555.5999755859375,559.7999877929688,533.47998046875,540.1599731445312,534.5259399414062,860522.0
2025-02-14,OIL.NS,2025-02-14,,,,,,
2025-02-14,DIXON.NS,2025-02-14,14784.349609375,14894.599609375,13781.400390625,14010.7001953125,14004.4677734375,417896.0
2025-02-14,DRREDDY.NS,2025-02-14,1223.5,1230.0,1186.25,1197.050048828125,1189.5059814453125,1211843.0
2025-02-14,APOLLOTYRE.NS,2025-02-14,422.5499877929688,424.2999877929688,410.0,413.2000122070313,408.8251953125,817075.0
2025-02-14,BHARTIARTL.NS,2025-02-14,1714.0,1724.0999755859375,1705.25,1717.050048828125,1702.814697265625,5125863.0
2025-02-14,LALPATHLAB.NS,2025-02-14,2623.5,2662.300048828125,2587.050048828125,2620.300048828125,2604.007568359375,100927.0
2025-02-14,SRF.NS,2025-02-14,2849.0,2849.949951171875,2723.60009765625,2752.25,2748.6484375,619621.0
2025-02-14,TATACOMM.NS,2025-02-14,1527.0,1534.050048828125,1483.5999755859375,1503.199951171875,1481.0902099609375,235776.0
2025-02-14,CIPLA.NS,2025-02-14,1478.0,1480.1500244140625,1438.550048828125,1459.449951171875,1444.0244140625,1703559.0
2025-02-14,BHEL.NS,2025-02-14,202.5,203.63999938964844,191.1100006103516,193.30999755859372,192.90464782714844,12360217.0
2025-02-14,BSOFT.NS,2025-02-14,508.3999938964844,509.0,483.3999938964844,488.0,480.4310302734375,1668773.0
2025-02-14,ZENSARTECH.NS,2025-02-14,869.75,880.0,818.5499877929688,830.25,819.4611206054688,1022712.0
2025-02-14,TATAELXSI.NS,2025-02-14,6145.0498046875,6225.0,6081.0498046875,6174.0,6104.939453125,130626.0
2025-02-14,GRSE.NS,2025-02-14,1423.5,1432.050048828125,1340.0,1350.8499755859375,1345.1512451171875,583800.0
2025-02-14,MAZDOCK.NS,2025-02-14,2238.0,2253.0,2154.550048828125,2166.35009765625,2157.22412109375,3831670.0
2025-02-14,TRIDENT.NS,2025-02-14,28.670000076293945,28.790000915527344,27.65999984741211,27.799999237060547,27.38043975830078,4569514.0
2025-02-14,MANAPPURAM.NS,2025-02-14,,,,,,
2025-02-14,IRCON.NS,2025-02-14,169.2899932861328,169.5,156.72000122070312,157.9199981689453,155.3654022216797,8147332.0
2025-02-14,RVNL.NS,2025-02-14,380.0,381.9500122070313,357.0,359.8999938964844,358.0286865234375,6918593.0
2025-02-14,NIFTYBEES.NS,2025-02-14,259.989990234375,259.989990234375,255.3500061035156,256.95001220703125,256.95001220703125,7111034.0
2025-02-17,TVSMOTOR.NS,2025-02-17,,,,,,
2025-02-17,HEROMOTOCO.NS,2025-02-17,3845.050048828125,3886.14990234375,3757.64990234375,3876.449951171875,3818.707763671875,913565.0
2025-02-17,LAURUSLABS.NS,2025-02-17,544.0,562.6500244140625,535.8499755859375,555.5,554.2852172851562,3278181.0
2025-02-17,SIEMENS.NS,2025-02-17,2903.857177734375,2924.28466796875,2811.228515625,2852.406494140625,2852.406494140625,1358038.0
2025-02-17,HAPPSTMNDS.NS,2025-02-17,683.0,692.7000122070312,670.25,676.7000122070312,669.3583374023438,295956.0
2025-02-17,BIOCON.NS,2025-02-17,349.29998779296875,352.8500061035156,338.0,347.54998779296875,347.0859069824219,2799003.0
2025-02-17,IDFCFIRSTB.NS,2025-02-17,60.0,61.790000915527344,59.11000061035156,61.5,61.29936218261719,20136047.0
2025-02-17,ICICIBANK.NS,2025-02-17,1251.1500244140625,1258.1500244140625,1233.25,1251.1500244140625,1241.5699462890625,8386151.0
2025-02-17,CAMS.NS,2025-02-17,3338.0,3417.89990234375,3275.0,3381.800048828125,3343.971435546875,592513.0
2025-02-17,BPCL.NS,2025-02-17,251.0,253.5500030517578,246.3500061035156,252.3000030517578,243.4908447265625,5899597.0
2025-02-17,JSWSTEEL.NS,2025-02-17,964.5999755859376,975.0,954.0999755859376,973.5499877929688,970.9354248046876,1321057.0
2025-02-17,BDL.NS,2025-02-17,,,,,,
2025-02-17,ITC.NS,2025-02-17,409.7999877929688,411.3999938964844,406.75,408.6000061035156,401.2077331542969,11975265.0
2025-02-17,CDSL.NS,2025-02-17,1184.9000244140625,1221.0,1165.1500244140625,1206.949951171875,1197.1888427734375,2845961.0
2025-02-17,BRITANNIA.NS,2025-02-17,4934.5,4969.0,4911.89990234375,4963.7001953125,4899.4921875,275352.0
2025-02-17,WIPRO.NS,2025-02-17,308.1000061035156,310.29998779296875,302.0,305.3500061035156,299.4597473144531,7507772.0
2025-02-17,TATACHEM.NS,2025-02-17,846.5,859.25,831.7999877929688,854.5,844.71240234375,404275.0
2025-02-17,ASIANPAINT.NS,2025-02-17,2231.300048828125,2260.0,2226.050048828125,2250.85009765625,2226.7978515625,923900.0
2025-02-17,EICHERMOT.NS,2025-02-17,4700.0,4755.0,4646.0,4745.2001953125,4684.458984375,232211.0
2025-02-17,COFORGE.NS,2025-02-17,1546.5999755859375,1549.800048828125,1498.8299560546875,1536.7900390625,1526.1351318359375,2375535.0
2025-02-17,IIFL.NS,2025-02-17,314.3500061035156,319.6000061035156,306.1000061035156,314.5,314.5,1280327.0
2025-02-17,TCS.NS,2025-02-17,3856.5,3934.0,3856.199951171875,3904.5,3842.679443359375,1799806.0
2025-02-17,HAVELLS.NS,2025-02-17,1495.0,1535.3499755859375,1475.050048828125,1532.550048828125,1526.6796875,473270.0
2025-02-17,COALINDIA.NS,2025-02-17,354.20001220703125,362.0,349.25,360.1000061035156,340.89385986328125,6017586.0
2025-02-17,SHREECEM.NS,2025-02-17,28490.0,28500.0,28118.150390625,28309.150390625,28174.142578125,33067.0
2025-02-17,SBIN.NS,2025-02-17,719.0499877929688,728.75,711.5499877929688,727.7000122070312,713.375732421875,9093600.0
2025-02-17,AXISBANK.NS,2025-02-17,992.4500122070312,999.6500244140624,978.0499877929688,992.9500122070312,992.1021118164062,7166803.0
2025-02-17,IEX.NS,2025-02-17,161.5,167.5,159.75999450683594,167.2100067138672,165.93992614746094,4352960.0
2025-02-17,SUZLON.NS,2025-02-17,51.0,51.68999862670898,49.5,51.41999816894531,51.41999816894531,46742293.0
2025-02-17,AARTIIND.NS,2025-02-17,409.3500061035156,422.3500061035156,405.0,418.2999877929688,417.1878051757813,1055177.0
2025-02-17,PERSISTENT.NS,2025-02-17,5562.7001953125,5562.7001953125,5388.5,5531.2998046875,5516.4267578125,331116.0
2025-02-17,BATAINDIA.NS,2025-02-17,1309.5999755859375,1328.3499755859375,1280.5999755859375,1296.300048828125,1286.5068359375,198184.0
2025-02-17,PIIND.NS,2025-02-17,3135.0,3189.949951171875,3101.25,3118.60009765625,3110.965576171875,418973.0
2025-02-17,GODREJPROP.NS,2025-02-17,1966.550048828125,1987.800048828125,1901.0,1974.050048828125,1974.050048828125,1332516.0
2025-02-17,HINDALCO.NS,2025-02-17,606.2000122070312,611.9000244140625,589.6500244140625,610.8499755859375,606.4028930664062,4470099.0
2025-02-17,MARUTI.NS,2025-02-17,12601.599609375,12774.0,12578.099609375,12762.900390625,12626.2412109375,192210.0
2025-02-17,MCX.NS,2025-02-17,5430.2998046875,5575.0,5285.64990234375,5550.5,5529.38232421875,271684.0
2025-02-17,SAIL.NS,2025-02-17,104.4000015258789,105.8000030517578,102.56999969482422,105.33000183105467,104.02620697021484,14572452.0
2025-02-17,RELIANCE.NS,2025-02-17,1211.0999755859375,1227.5,1204.5,1224.9000244140625,1220.02734375,8166683.0
2025-02-17,PAGEIND.NS,2025-02-17,40800.0,41289.8984375,40301.6015625,40921.3984375,40480.62890625,14820.0
2025-02-17,HDFCAMC.NS,2025-02-17,1872.5,1897.4749755859373,1826.4000244140625,1865.2750244140625,1830.915283203125,838260.0
2025-02-17,ADANIENT.NS,2025-02-17,,,,,,
2025-02-17,ANGELONE.NS,2025-02-17,2201.199951171875,2270.0,2150.10009765625,2211.60009765625,2181.560546875,1078376.0
2025-02-17,VOLTAS.NS,2025-02-17,1200.0,1244.949951171875,1182.699951171875,1241.5999755859375,1234.7076416015625,987187.0
2025-02-17,MARICO.NS,2025-02-17,625.5,632.1500244140625,613.5999755859375,624.75,618.5887451171875,1571043.0
2025-02-17,TATASTEEL.NS,2025-02-17,132.91000366210938,134.8000030517578,130.72999572753906,134.2899932861328,131.22964477539062,21189637.0
2025-02-17,PIDILITIND.NS,2025-02-17,1381.5,1397.9749755859375,1375.0,1390.8499755859375,1381.3701171875,342438.0
2025-02-17,RITES.NS,2025-02-17,204.6000061035156,209.1999969482422,200.5,207.8500061035156,203.1090087890625,1517406.0
2025-02-17,HCLTECH.NS,2025-02-17,1711.25,1720.1500244140625,1694.0999755859375,1709.9000244140625,1663.97412109375,1127023.0
2025-02-17,RAYMOND.NS,2025-02-17,1369.8499755859375,1371.699951171875,1321.449951171875,1363.550048828125,1363.550048828125,180943.0
2025-02-17,POLYCAB.NS,2025-02-17,,,,,,
2025-02-17,SUNPHARMA.NS,2025-02-17,1700.5,1735.3499755859375,1696.050048828125,1714.199951171875,1708.5755615234375,2277889.0
2025-02-17,MAXHEALTH.NS,2025-02-17,986.7999877929688,1022.0,978.5999755859376,1014.6500244140624,1013.4805297851562,2499429.0
2025-02-17,BEML.NS,2025-02-17,1374.5,1422.0,1325.6500244140625,1345.800048828125,1339.4757080078125,1037592.0
2025-02-17,HINDUNILVR.NS,2025-02-17,2318.35009765625,2336.0,2300.0,2329.39990234375,2287.178955078125,1409168.0
2025-02-17,DATAPATTNS.NS,2025-02-17,1609.75,1625.3499755859375,1510.1500244140625,1518.5,1513.9576416015625,420948.0
2025-02-17,LUPIN.NS,2025-02-17,1956.050048828125,2032.9000244140625,1930.0,2026.949951171875,2014.421142578125,1109133.0
2025-02-17,POONAWALLA.NS,2025-02-17,,,,,,
2025-02-17,ASHOKLEY.NS,2025-02-17,106.5,112.25,104.6750030517578,111.80500030517578,109.12236785888672,41594672.0
2025-02-17,PRESTIGE.NS,2025-02-17,1202.699951171875,1245.6500244140625,1185.5,1240.4000244140625,1238.973876953125,725092.0
2025-02-17,TECHM.NS,2025-02-17,1655.9000244140625,1667.949951171875,1631.0,1664.949951171875,1618.1319580078125,1114005.0
2025-02-17,INFY.NS,2025-02-17,1838.550048828125,1852.75,1822.1500244140625,1842.300048828125,1789.345458984375,4428956.0
2025-02-17,MON100.NS,2025-02-17,205.44000244140625,209.8500061035156,204.27999877929688,205.3500061035156,205.3500061035156,570536.0
2025-02-17,NAVINFLUOR.NS,2025-02-17,4016.10009765625,4124.0498046875,3955.5,4108.10009765625,4097.81689453125,256946.0
2025-02-17,RAILTEL.NS,2025-02-17,302.1499938964844,315.0,296.70001220703125,304.3500061035156,301.7779541015625,3070058.0
2025-02-17,INDIGO.NS,2025-02-17,4176.0,4315.0,4157.85009765625,4303.0,4295.74072265625,435501.0
2025-02-17,HDFCBANK.NS,2025-02-17,842.5999755859375,860.0,840.625,858.6749877929688,847.2230834960938,12938946.0
2025-02-17,KOTAKBANK.NS,2025-02-17,,,,,,
2025-02-17,OBEROIRLTY.NS,2025-02-17,1553.0999755859375,1594.5,1536.0999755859375,1590.25,1584.5845947265625,470078.0
2025-02-17,M&M.NS,2025-02-17,,,,,,
2025-02-17,AUROPHARMA.NS,2025-02-17,1131.3499755859375,1173.0,1109.449951171875,1169.5999755859375,1165.2259521484375,699945.0
2025-02-17,PVRINOX.NS,2025-02-17,1021.2999877929688,1023.2000122070312,999.0,1006.5499877929688,1006.5499877929688,444853.0
2025-02-17,MUTHOOTFIN.NS,2025-02-17,2255.25,2266.10009765625,2202.60009765625,2243.89990234375,2216.770751953125,594759.0
2025-02-17,MPHASIS.NS,2025-02-17,2544.0,2594.89990234375,2507.0,2591.35009765625,2540.584716796875,227875.0
2025-02-17,NESTLEIND.NS,2025-02-17,1097.925048828125,1110.0,1085.0,1108.25,1103.60986328125,1603030.0
2025-02-17,INDUSTOWER.NS,2025-02-17,334.25,340.3999938964844,326.75,339.29998779296875,339.29998779296875,4162964.0
2025-02-17,SBICARD.NS,2025-02-17,864.0,867.7000122070312,848.4500122070312,853.0999755859375,850.5587158203125,2561671.0
2025-02-17,CESC.NS,2025-02-17,121.98999786376952,126.73999786376952,119.0,125.91999816894533,121.828369140625,7730920.0
2025-02-17,TITAN.NS,2025-02-17,3195.25,3238.5,3176.0,3233.199951171875,3223.4990234375,712614.0
2025-02-17,CUMMINSIND.NS,2025-02-17,2700.0,2733.199951171875,2636.75,2721.449951171875,2696.01806640625,507208.0
2025-02-17,BAJFINANCE.NS,2025-02-17,822.0250244140625,848.7999877929688,822.0250244140625,842.6599731445312,837.4922485351562,8627990.0
2025-02-17,MRF.NS,2025-02-17,109200.0,110371.3984375,108000.0,109984.0,109814.5234375,5051.0
2025-02-17,ONGC.NS,2025-02-17,230.1999969482422,234.3000030517578,225.0500030517578,233.6499938964844,226.8689422607422,6692422.0
2025-02-17,GOLDBEES.NS,2025-02-17,71.68000030517578,71.69999694824219,70.93000030517578,71.6500015258789,71.6500015258789,14979900.0
2025-02-17,BHARATFORG.NS,2025-02-17,,,,,,
2025-02-17,CONCOR.NS,2025-02-17,540.0,564.47998046875,524.6400146484375,562.6799926757812,556.8110961914062,1834618.0
2025-02-17,OIL.NS,2025-02-17,,,,,,
2025-02-17,DIXON.NS,2025-02-17,13863.2001953125,14240.0,13592.25,14199.5,14193.18359375,271223.0
2025-02-17,DRREDDY.NS,2025-02-17,1196.8499755859375,1202.0,1183.1500244140625,1198.949951171875,1191.3939208984375,613030.0
2025-02-17,APOLLOTYRE.NS,2025-02-17,414.0,417.6000061035156,403.5,416.2999877929688,411.8923645019531,713099.0
2025-02-17,BHARTIARTL.NS,2025-02-17,1711.75,1716.9000244140625,1666.25,1675.550048828125,1661.65869140625,4906462.0
2025-02-17,LALPATHLAB.NS,2025-02-17,2607.14990234375,2637.050048828125,2592.60009765625,2629.5,2613.150390625,197945.0
2025-02-17,SRF.NS,2025-02-17,2750.0,2763.949951171875,2707.449951171875,2747.800048828125,2744.2041015625,307026.0
2025-02-17,TATACOMM.NS,2025-02-17,1503.4000244140625,1530.4000244140625,1480.0,1507.449951171875,1485.2777099609375,193536.0
2025-02-17,CIPLA.NS,2025-02-17,1457.449951171875,1480.699951171875,1451.300048828125,1474.6500244140625,1459.063720703125,1113888.0
2025-02-17,BHEL.NS,2025-02-17,193.30999755859372,195.80999755859372,188.5,193.47000122070312,193.06431579589844,14215439.0
2025-02-17,BSOFT.NS,2025-02-17,485.3500061035156,487.1499938964844,473.5499877929688,477.5,470.0938720703125,1330896.0
2025-02-17,ZENSARTECH.NS,2025-02-17,830.25,839.5,803.1500244140625,818.9500122070312,808.3079833984375,1529215.0
2025-02-17,TATAELXSI.NS,2025-02-17,6156.0,6176.35009765625,6042.85009765625,6146.85009765625,6078.09326171875,73576.0
2025-02-17,GRSE.NS,2025-02-17,1338.050048828125,1362.3499755859375,1289.0,1294.6500244140625,1289.1883544921875,828140.0
2025-02-17,MAZDOCK.NS,2025-02-17,2143.800048828125,2159.89990234375,2075.0,2083.10009765625,2074.32470703125,3195135.0
2025-02-17,TRIDENT.NS,2025-02-17,27.809999465942383,28.11000061035156,27.01000022888184,27.84000015258789,27.419836044311523,5177227.0
2025-02-17,MANAPPURAM.NS,2025-02-17,,,,,,
2025-02-17,IRCON.NS,2025-02-17,154.0,157.7899932861328,150.7100067138672,154.5399932861328,153.64541625976562,8824929.0
2025-02-17,RVNL.NS,2025-02-17,340.0,354.79998779296875,332.54998779296875,342.45001220703125,340.66943359375,13437460.0
2025-02-17,NIFTYBEES.NS,2025-02-17,257.95001220703125,257.95001220703125,255.00999450683597,257.1099853515625,257.1099853515625,7379260.0
2025-02-18,TVSMOTOR.NS,2025-02-18,,,,,,
2025-02-18,HEROMOTOCO.NS,2025-02-18,3880.0,3891.89990234375,3810.0,3840.5,3783.29345703125,482022.0
2025-02-18,LAURUSLABS.NS,2025-02-18,559.0,559.0,528.6500244140625,546.0,544.8060302734375,2888468.0
2025-02-18,SIEMENS.NS,2025-02-18,2881.433837890625,2898.808837890625,2789.80322265625,2843.219970703125,2843.219970703125,875987.0
2025-02-18,HAPPSTMNDS.NS,2025-02-18,676.7000122070312,685.9000244140625,664.5999755859375,670.0999755859375,662.8299560546875,245317.0
2025-02-18,BIOCON.NS,2025-02-18,351.1000061035156,351.1000061035156,334.1499938964844,338.20001220703125,337.7484130859375,3284422.0
2025-02-18,IDFCFIRSTB.NS,2025-02-18,61.0,61.5,59.040000915527344,59.52000045776367,59.32582092285156,18797952.0
2025-02-18,ICICIBANK.NS,2025-02-18,1252.9000244140625,1257.5999755859375,1237.050048828125,1243.050048828125,1233.531982421875,8135042.0
2025-02-18,CAMS.NS,2025-02-18,3381.800048828125,3391.449951171875,3252.25,3278.0,3241.33251953125,439551.0
2025-02-18,BPCL.NS,2025-02-18,252.25,253.5500030517578,246.8500061035156,252.75,243.92514038085935,5534272.0
2025-02-18,JSWSTEEL.NS,2025-02-18,975.0,981.2000122070312,962.7999877929688,978.7999877929688,976.1713256835938,1800070.0
2025-02-18,BDL.NS,2025-02-18,,,,,,
2025-02-18,ITC.NS,2025-02-18,408.0,410.8500061035156,404.0,405.25,397.9183349609375,12998403.0
2025-02-18,CDSL.NS,2025-02-18,1207.4000244140625,1208.050048828125,1172.0,1184.550048828125,1174.9700927734375,2479554.0
2025-02-18,BRITANNIA.NS,2025-02-18,4963.7001953125,4967.0498046875,4859.39990234375,4891.2001953125,4827.93017578125,314216.0
2025-02-18,WIPRO.NS,2025-02-18,305.3500061035156,312.75,305.3500061035156,312.20001220703125,306.1776123046875,10368789.0
2025-02-18,TATACHEM.NS,2025-02-18,855.8499755859375,859.0,841.75,856.5999755859375,846.788330078125,361609.0
2025-02-18,ASIANPAINT.NS,2025-02-18,2248.0,2251.949951171875,2218.75,2237.60009765625,2213.689453125,735853.0
2025-02-18,EICHERMOT.NS,2025-02-18,4769.0,4772.5,4684.4501953125,4719.39990234375,4658.98876953125,254026.0
2025-02-18,COFORGE.NS,2025-02-18,1539.989990234375,1558.699951171875,1507.43994140625,1538.449951171875,1527.7835693359375,2664345.0
2025-02-18,IIFL.NS,2025-02-18,316.1000061035156,316.70001220703125,299.1499938964844,305.5,305.5,857068.0
2025-02-18,TCS.NS,2025-02-18,3898.39990234375,3924.39990234375,3864.5,3873.199951171875,3811.875244140625,2149879.0
2025-02-18,HAVELLS.NS,2025-02-18,1527.300048828125,1534.949951171875,1493.9000244140625,1510.949951171875,1505.162353515625,773114.0
2025-02-18,COALINDIA.NS,2025-02-18,360.25,362.3500061035156,353.79998779296875,361.1000061035156,341.84051513671875,3843725.0
2025-02-18,SHREECEM.NS,2025-02-18,28330.0,28447.599609375,28007.650390625,28361.19921875,28225.943359375,22494.0
2025-02-18,SBIN.NS,2025-02-18,727.7000122070312,728.25,717.3499755859375,725.7999877929688,711.5131225585938,8562003.0
2025-02-18,AXISBANK.NS,2025-02-18,992.9500122070312,997.3499755859376,986.5499877929688,994.1500244140624,993.3011474609376,3090004.0
2025-02-18,IEX.NS,2025-02-18,167.0,167.4199981689453,161.50999450683594,164.6300048828125,163.3795166015625,4345661.0
2025-02-18,SUZLON.NS,2025-02-18,51.0,51.34999847412109,49.4900016784668,50.63999938964844,50.63999938964844,38970008.0
2025-02-18,AARTIIND.NS,2025-02-18,418.2999877929688,418.5499877929688,404.1499938964844,409.8999938964844,408.8101196289063,868811.0
2025-02-18,PERSISTENT.NS,2025-02-18,5594.25,5814.0,5562.10009765625,5797.25,5781.66162109375,836676.0
2025-02-18,BATAINDIA.NS,2025-02-18,1294.9000244140625,1295.5999755859375,1264.5,1284.75,1275.0440673828125,499929.0
2025-02-18,PIIND.NS,2025-02-18,3115.5,3179.050048828125,3097.60009765625,3165.60009765625,3157.8505859375,138881.0
2025-02-18,GODREJPROP.NS,2025-02-18,1981.0,1994.449951171875,1943.550048828125,1975.8499755859373,1975.8499755859373,678901.0
2025-02-18,HINDALCO.NS,2025-02-18,609.0,613.7000122070312,601.7000122070312,611.4500122070312,606.9985961914062,2956837.0
2025-02-18,MARUTI.NS,2025-02-18,12764.9501953125,12884.9501953125,12735.150390625,12786.2001953125,12649.2919921875,267936.0
2025-02-18,MCX.NS,2025-02-18,5527.5,5568.25,5360.0,5438.39990234375,5417.70849609375,379403.0
2025-02-18,SAIL.NS,2025-02-18,104.79000091552734,105.75,102.0,104.38999938964844,103.09784698486328,13096291.0
2025-02-18,RELIANCE.NS,2025-02-18,1224.8499755859375,1229.9000244140625,1216.0999755859375,1225.4000244140625,1220.525390625,6673250.0
2025-02-18,PAGEIND.NS,2025-02-18,40921.3984375,41091.44921875,40067.05078125,40617.75,40180.25,22082.0
2025-02-18,HDFCAMC.NS,2025-02-18,1862.5,1878.0,1842.5999755859373,1868.925048828125,1834.498046875,921626.0
2025-02-18,ADANIENT.NS,2025-02-18,,,,,,
2025-02-18,ANGELONE.NS,2025-02-18,2220.0,2230.5,2166.75,2213.39990234375,2183.336181640625,690499.0
2025-02-18,VOLTAS.NS,2025-02-18,1242.5,1245.949951171875,1202.9000244140625,1226.8499755859375,1220.03955078125,628523.0
2025-02-18,MARICO.NS,2025-02-18,620.25,628.0499877929688,619.7000122070312,626.1500244140625,619.9749755859375,712638.0
2025-02-18,TATASTEEL.NS,2025-02-18,134.2899932861328,134.89999389648438,131.75,134.5399932861328,131.47393798828125,23957576.0
2025-02-18,PIDILITIND.NS,2025-02-18,1385.574951171875,1402.449951171875,1379.0,1383.2750244140625,1373.8468017578125,464820.0
2025-02-18,RITES.NS,2025-02-18,205.5,208.3000030517578,201.1999969482422,204.3999938964844,199.7377166748047,944449.0
2025-02-18,HCLTECH.NS,2025-02-18,1706.0,1728.5,1701.25,1725.5,1679.155029296875,1511900.0
2025-02-18,RAYMOND.NS,2025-02-18,1371.949951171875,1382.300048828125,1332.25,1341.75,1341.75,126986.0
2025-02-18,POLYCAB.NS,2025-02-18,,,,,,
2025-02-18,SUNPHARMA.NS,2025-02-18,1714.199951171875,1729.75,1698.4000244140625,1701.5999755859375,1696.0169677734375,2163972.0
2025-02-18,MAXHEALTH.NS,2025-02-18,1045.949951171875,1047.0,1005.0,1038.199951171875,1037.0032958984375,3381321.0
2025-02-18,BEML.NS,2025-02-18,1344.9749755859375,1346.449951171875,1278.0,1293.699951171875,1287.620361328125,644500.0
2025-02-18,HINDUNILVR.NS,2025-02-18,2329.39990234375,2338.550048828125,2288.0,2296.0,2254.384521484375,1035705.0
2025-02-18,DATAPATTNS.NS,2025-02-18,1525.0,1547.449951171875,1412.199951171875,1423.75,1419.490966796875,455016.0
2025-02-18,LUPIN.NS,2025-02-18,2011.0999755859373,2025.0,1995.3499755859373,2013.5,2001.0543212890625,342738.0
2025-02-18,POONAWALLA.NS,2025-02-18,,,,,,
2025-02-18,ASHOKLEY.NS,2025-02-18,111.6750030517578,111.6999969482422,108.71499633789062,111.13999938964844,108.47332763671876,14740792.0
2025-02-18,PRESTIGE.NS,2025-02-18,1245.0,1254.699951171875,1201.0999755859375,1217.1500244140625,1215.7506103515625,1009231.0
2025-02-18,TECHM.NS,2025-02-18,1668.0,1708.949951171875,1664.050048828125,1705.0,1657.055908203125,2654136.0
2025-02-18,INFY.NS,2025-02-18,1842.300048828125,1861.6500244140625,1837.5999755859373,1851.949951171875,1798.7181396484375,4365260.0
2025-02-18,MON100.NS,2025-02-18,209.0,209.0,203.1999969482422,204.1100006103516,204.1100006103516,546984.0
2025-02-18,NAVINFLUOR.NS,2025-02-18,4148.10009765625,4162.9501953125,4055.10009765625,4085.050048828125,4074.82470703125,291049.0
2025-02-18,RAILTEL.NS,2025-02-18,304.04998779296875,307.0,285.0,292.20001220703125,289.7306213378906,2666364.0
2025-02-18,INDIGO.NS,2025-02-18,4300.0,4355.0,4255.0,4345.5498046875,4338.21875,415081.0
2025-02-18,HDFCBANK.NS,2025-02-18,856.5250244140625,865.7750244140625,853.0750122070312,861.5250244140625,850.0350952148438,16350910.0
2025-02-18,KOTAKBANK.NS,2025-02-18,,,,,,
2025-02-18,OBEROIRLTY.NS,2025-02-18,1590.25,1597.75,1556.0,1590.550048828125,1584.883544921875,477597.0
2025-02-18,M&M.NS,2025-02-18,,,,,,
2025-02-18,AUROPHARMA.NS,2025-02-18,1161.0999755859375,1170.6500244140625,1138.5999755859375,1163.3499755859375,1158.9993896484375,547034.0
2025-02-18,PVRINOX.NS,2025-02-18,1008.7999877929688,1011.7000122070312,982.4500122070312,988.25,988.25,465256.0
2025-02-18,MUTHOOTFIN.NS,2025-02-18,2237.300048828125,2252.25,2209.199951171875,2244.5,2217.363525390625,553596.0
2025-02-18,MPHASIS.NS,2025-02-18,2591.0,2615.35009765625,2530.0,2578.949951171875,2528.427490234375,276630.0
2025-02-18,NESTLEIND.NS,2025-02-18,1108.25,1114.75,1099.9749755859375,1111.199951171875,1106.5474853515625,906118.0
2025-02-18,INDUSTOWER.NS,2025-02-18,339.29998779296875,340.1000061035156,329.04998779296875,337.04998779296875,337.04998779296875,2976715.0
2025-02-18,SBICARD.NS,2025-02-18,853.0999755859375,868.2000122070312,845.0499877929688,865.3499755859375,862.772216796875,2347345.0
2025-02-18,CESC.NS,2025-02-18,126.4000015258789,128.39999389648438,123.25,127.9000015258789,123.74403381347656,4278931.0
2025-02-18,TITAN.NS,2025-02-18,3234.800048828125,3244.0,3192.300048828125,3221.85009765625,3212.18310546875,592636.0
2025-02-18,CUMMINSIND.NS,2025-02-18,2720.0,2724.75,2674.10009765625,2717.0,2691.609619140625,661971.0
2025-02-18,BAJFINANCE.NS,2025-02-18,843.0,848.0,836.0700073242188,846.5900268554688,841.398193359375,8689770.0
2025-02-18,MRF.NS,2025-02-18,109601.0,109999.953125,108700.0,109020.453125,108852.4609375,3139.0
2025-02-18,ONGC.NS,2025-02-18,232.1999969482422,237.1499938964844,229.5500030517578,236.6000061035156,229.7333526611328,6170974.0
2025-02-18,GOLDBEES.NS,2025-02-18,72.0,72.13999938964844,71.63999938964844,71.9800033569336,71.9800033569336,20255513.0
2025-02-18,BHARATFORG.NS,2025-02-18,,,,,,
2025-02-18,CONCOR.NS,2025-02-18,562.6799926757812,563.1199951171875,538.719970703125,543.0399780273438,537.3759155273438,1864910.0
2025-02-18,OIL.NS,2025-02-18,,,,,,
2025-02-18,DIXON.NS,2025-02-18,14244.0,14341.5,13833.2998046875,14006.7001953125,14000.4697265625,199642.0
2025-02-18,DRREDDY.NS,2025-02-18,1198.949951171875,1204.949951171875,1182.0,1197.4000244140625,1189.853759765625,1713796.0
2025-02-18,APOLLOTYRE.NS,2025-02-18,414.0499877929688,418.2000122070313,406.6000061035156,412.1000061035156,407.7368469238281,706450.0
2025-02-18,BHARTIARTL.NS,2025-02-18,1692.0,1695.949951171875,1655.800048828125,1668.9000244140625,1655.0638427734375,7529598.0
2025-02-18,LALPATHLAB.NS,2025-02-18,2629.5,2641.85009765625,2603.25,2627.14990234375,2610.814697265625,50504.0
2025-02-18,SRF.NS,2025-02-18,2749.25,2765.449951171875,2726.75,2741.10009765625,2737.512939453125,292273.0
2025-02-18,TATACOMM.NS,2025-02-18,1510.449951171875,1510.449951171875,1468.5,1488.300048828125,1466.409423828125,170265.0
2025-02-18,CIPLA.NS,2025-02-18,1474.6500244140625,1483.8499755859375,1466.0999755859375,1482.0999755859375,1466.4349365234375,967394.0
2025-02-18,BHEL.NS,2025-02-18,193.5500030517578,194.5,183.57000732421875,186.57000732421875,186.1787872314453,19765470.0
2025-02-18,BSOFT.NS,2025-02-18,477.5,482.4500122070313,462.8999938964844,472.8500061035156,465.5159912109375,1213314.0
2025-02-18,ZENSARTECH.NS,2025-02-18,827.0,845.9500122070312,797.7000122070312,803.0,792.5652465820312,1643111.0
2025-02-18,TATAELXSI.NS,2025-02-18,6146.85009765625,6175.64990234375,6045.0498046875,6097.4501953125,6029.24609375,72228.0
2025-02-18,GRSE.NS,2025-02-18,1301.1500244140625,1315.0,1210.0,1222.300048828125,1217.1436767578125,815372.0
2025-02-18,MAZDOCK.NS,2025-02-18,2087.0,2103.0,1943.5,1961.75,1953.4857177734373,3808456.0
2025-02-18,TRIDENT.NS,2025-02-18,28.270000457763672,28.270000457763672,27.100000381469727,27.38999938964844,26.97662734985352,3984964.0
2025-02-18,MANAPPURAM.NS,2025-02-18,,,,,,
2025-02-18,IRCON.NS,2025-02-18,152.25,154.89999389648438,146.50999450683594,151.10000610351562,150.225341796875,9052529.0
2025-02-18,RVNL.NS,2025-02-18,342.45001220703125,343.25,325.1499938964844,333.3500061035156,331.61676025390625,8430180.0
2025-02-18,NIFTYBEES.NS,2025-02-18,256.2799987792969,257.70001220703125,255.3999938964844,256.8399963378906,256.8399963378906,3917336.0
2025-02-19,TVSMOTOR.NS,2025-02-19,,,,,,
2025-02-19,HEROMOTOCO.NS,2025-02-19,3840.89990234375,3898.89990234375,3815.0,3879.14990234375,3821.36767578125,453662.0
2025-02-19,LAURUSLABS.NS,2025-02-19,539.0,557.3499755859375,527.5,546.75,545.5543823242188,2110707.0
2025-02-19,SIEMENS.NS,2025-02-19,2823.467529296875,2927.953369140625,2801.572509765625,2908.523681640625,2908.523681640625,1130801.0
2025-02-19,HAPPSTMNDS.NS,2025-02-19,670.0,679.5,667.5999755859375,670.0499877929688,662.7804565429688,214178.0
2025-02-19,BIOCON.NS,2025-02-19,336.1000061035156,339.95001220703125,329.6000061035156,336.79998779296875,336.35028076171875,3227705.0
2025-02-19,IDFCFIRSTB.NS,2025-02-19,59.400001525878906,60.540000915527344,58.93000030517578,59.9900016784668,59.79428863525391,14602416.0
2025-02-19,ICICIBANK.NS,2025-02-19,1234.8499755859375,1264.449951171875,1230.25,1261.6500244140625,1251.9896240234375,10683412.0
2025-02-19,CAMS.NS,2025-02-19,3250.0,3433.0,3206.64990234375,3371.050048828125,3333.341552734375,485674.0
2025-02-19,BPCL.NS,2025-02-19,251.0,256.45001220703125,249.5500030517578,255.6000061035156,246.67562866210935,6887175.0
2025-02-19,JSWSTEEL.NS,2025-02-19,975.5999755859376,989.9000244140624,971.0999755859376,977.3499755859376,974.7252197265624,1581818.0
2025-02-19,BDL.NS,2025-02-19,,,,,,
2025-02-19,ITC.NS,2025-02-19,404.7999877929688,408.7999877929688,404.5,406.3999938964844,399.0475158691406,7079032.0
2025-02-19,CDSL.NS,2025-02-19,1177.699951171875,1224.25,1151.050048828125,1208.25,1198.478271484375,4621419.0
2025-02-19,BRITANNIA.NS,2025-02-19,4881.0,4899.0,4812.35009765625,4837.5,4774.92431640625,215919.0
2025-02-19,WIPRO.NS,2025-02-19,311.25,316.5,308.29998779296875,314.1000061035156,308.0409851074219,7835672.0
2025-02-19,TATACHEM.NS,2025-02-19,853.4000244140625,861.7999877929688,848.1500244140625,853.8499755859375,844.06982421875,614343.0
2025-02-19,ASIANPAINT.NS,2025-02-19,2237.60009765625,2249.800048828125,2226.10009765625,2239.10009765625,2215.17333984375,645234.0
2025-02-19,EICHERMOT.NS,2025-02-19,4700.0,4821.0,4677.0498046875,4810.60009765625,4749.021484375,275722.0
2025-02-19,COFORGE.NS,2025-02-19,1537.800048828125,1571.550048828125,1512.22998046875,1554.9300537109375,1544.1494140625,1992460.0
2025-02-19,IIFL.NS,2025-02-19,305.5,318.54998779296875,301.5,314.1499938964844,314.1499938964844,1036610.0
2025-02-19,TCS.NS,2025-02-19,3872.199951171875,3874.949951171875,3768.14990234375,3784.10009765625,3724.186279296875,4366672.0
2025-02-19,HAVELLS.NS,2025-02-19,1510.949951171875,1521.0,1496.199951171875,1515.6500244140625,1509.844482421875,904580.0
2025-02-19,COALINDIA.NS,2025-02-19,360.0,365.2999877929688,358.0,362.2999877929688,342.9765319824219,3097726.0
2025-02-19,SHREECEM.NS,2025-02-19,28351.0,28800.0,28260.650390625,28655.150390625,28518.4921875,15671.0
2025-02-19,SBIN.NS,2025-02-19,722.0499877929688,734.8499755859375,722.0499877929688,727.2999877929688,712.9835815429688,6766606.0
2025-02-19,AXISBANK.NS,2025-02-19,991.6500244140624,1013.4500122070312,988.1500244140624,1011.3499755859376,1010.4863891601562,6401381.0
2025-02-19,IEX.NS,2025-02-19,164.0,170.3300018310547,163.17999267578125,169.4499969482422,168.16290283203125,4175975.0
2025-02-19,SUZLON.NS,2025-02-19,50.29999923706055,55.27999877929688,49.84000015258789,54.15999984741211,54.15999984741211,71927816.0
2025-02-19,AARTIIND.NS,2025-02-19,408.9500122070313,419.5,406.3999938964844,416.6499938964844,415.5421752929688,651103.0
2025-02-19,PERSISTENT.NS,2025-02-19,5787.89990234375,5969.64990234375,5739.10009765625,5899.7998046875,5883.93603515625,509368.0
2025-02-19,BATAINDIA.NS,2025-02-19,1284.0,1310.0999755859375,1251.25,1256.3499755859375,1246.8585205078125,197385.0
2025-02-19,PIIND.NS,2025-02-19,3159.0,3211.949951171875,3110.0,3203.5,3195.65771484375,179722.0
2025-02-19,GODREJPROP.NS,2025-02-19,1970.0,2070.5,1946.449951171875,2047.5,2047.5,753991.0
2025-02-19,HINDALCO.NS,2025-02-19,607.0,628.3499755859375,606.5499877929688,626.2999877929688,621.740478515625,6101855.0
2025-02-19,MARUTI.NS,2025-02-19,12727.0,12769.150390625,12651.0,12686.150390625,12550.3134765625,288694.0
2025-02-19,MCX.NS,2025-02-19,5438.39990234375,5678.9501953125,5377.0,5636.5,5615.0546875,348577.0
2025-02-19,SAIL.NS,2025-02-19,103.41000366210938,107.19000244140624,103.3499984741211,106.52999877929688,105.21135711669922,10954930.0
2025-02-19,RELIANCE.NS,2025-02-19,1219.5,1232.75,1217.550048828125,1227.449951171875,1222.567138671875,6217338.0
2025-02-19,PAGEIND.NS,2025-02-19,40599.0,41691.19921875,40126.0,41530.44921875,41083.1171875,21743.0
2025-02-19,HDFCAMC.NS,2025-02-19,1865.5,1915.9749755859373,1850.550048828125,1895.875,1860.9515380859373,468990.0
2025-02-19,ADANIENT.NS,2025-02-19,,,,,,
2025-02-19,ANGELONE.NS,2025-02-19,2201.0,2332.300048828125,2172.14990234375,2321.25,2289.72119140625,1142407.0
2025-02-19,VOLTAS.NS,2025-02-19,1225.0,1289.550048828125,1212.9000244140625,1284.0999755859375,1276.9716796875,1829398.0
2025-02-19,MARICO.NS,2025-02-19,626.1500244140625,639.5499877929688,620.25,634.9500122070312,628.6881713867188,1023390.0
2025-02-19,TATASTEEL.NS,2025-02-19,134.5,136.8800048828125,133.02999877929688,135.75999450683594,132.6661376953125,18447487.0
2025-02-19,PIDILITIND.NS,2025-02-19,1381.5,1386.425048828125,1368.199951171875,1384.3499755859375,1374.9144287109375,331672.0
2025-02-19,RITES.NS,2025-02-19,202.8500061035156,214.0,201.6499938964844,213.25,208.3858337402344,1470157.0
2025-02-19,HCLTECH.NS,2025-02-19,1723.199951171875,1731.5999755859375,1703.449951171875,1712.300048828125,1666.3095703125,1294110.0
2025-02-19,RAYMOND.NS,2025-02-19,1344.699951171875,1416.9000244140625,1327.050048828125,1401.199951171875,1401.199951171875,233146.0
2025-02-19,POLYCAB.NS,2025-02-19,,,,,,
2025-02-19,SUNPHARMA.NS,2025-02-19,1665.0999755859375,1699.0,1647.0999755859375,1676.5999755859375,1671.0989990234375,2576319.0
2025-02-19,MAXHEALTH.NS,2025-02-19,1039.449951171875,1044.800048828125,1015.9000244140624,1019.5,1018.3248901367188,1751070.0
2025-02-19,BEML.NS,2025-02-19,1280.25,1345.0,1268.2750244140625,1325.949951171875,1319.718994140625,968836.0
2025-02-19,HINDUNILVR.NS,2025-02-19,2298.75,2305.699951171875,2248.0,2250.39990234375,2209.61083984375,1521343.0
2025-02-19,DATAPATTNS.NS,2025-02-19,1422.0,1632.550048828125,1405.4000244140625,1544.8499755859375,1540.228759765625,3170630.0
2025-02-19,LUPIN.NS,2025-02-19,1950.0,1987.0,1892.75,1978.25,1966.022216796875,1650681.0
2025-02-19,POONAWALLA.NS,2025-02-19,,,,,,
2025-02-19,ASHOKLEY.NS,2025-02-19,109.8249969482422,113.08999633789062,109.4800033569336,112.70500183105467,110.0007781982422,12602396.0
2025-02-19,PRESTIGE.NS,2025-02-19,1218.0999755859375,1248.949951171875,1206.800048828125,1230.050048828125,1228.6358642578125,1279701.0
2025-02-19,TECHM.NS,2025-02-19,1694.050048828125,1712.4000244140625,1675.050048828125,1685.800048828125,1638.395751953125,1113961.0
2025-02-19,INFY.NS,2025-02-19,1847.4000244140625,1849.199951171875,1805.9000244140625,1810.800048828125,1758.7509765625,4611411.0
2025-02-19,MON100.NS,2025-02-19,208.0,209.0,203.1000061035156,206.2400054931641,206.2400054931641,637919.0
2025-02-19,NAVINFLUOR.NS,2025-02-19,4044.25,4088.800048828125,4018.050048828125,4044.050048828125,4033.92724609375,166712.0
2025-02-19,RAILTEL.NS,2025-02-19,288.0,316.5,285.5,314.3999938964844,311.7430114746094,3638982.0
2025-02-19,INDIGO.NS,2025-02-19,4336.0,4410.0,4325.25,4399.89990234375,4392.47705078125,596622.0
2025-02-19,HDFCBANK.NS,2025-02-19,858.5,868.9500122070312,856.2249755859375,863.5999755859375,852.0823974609375,11884112.0
2025-02-19,KOTAKBANK.NS,2025-02-19,,,,,,
2025-02-19,OBEROIRLTY.NS,2025-02-19,1560.0,1636.5,1558.800048828125,1602.1500244140625,1596.442138671875,654144.0
2025-02-19,M&M.NS,2025-02-19,,,,,,
2025-02-19,AUROPHARMA.NS,2025-02-19,1115.0,1138.550048828125,1052.699951171875,1135.199951171875,1130.95458984375,3754940.0
2025-02-19,PVRINOX.NS,2025-02-19,988.0,993.9000244140624,977.0499877929688,990.4000244140624,990.4000244140624,470408.0
2025-02-19,MUTHOOTFIN.NS,2025-02-19,2247.25,2271.699951171875,2218.800048828125,2264.199951171875,2236.8251953125,514370.0
2025-02-19,MPHASIS.NS,2025-02-19,2572.39990234375,2630.0,2552.300048828125,2611.25,2560.0947265625,251079.0
2025-02-19,NESTLEIND.NS,2025-02-19,1103.0,1112.0,1098.7750244140625,1102.4749755859375,1097.8590087890625,852958.0
2025-02-19,INDUSTOWER.NS,2025-02-19,334.6000061035156,344.25,329.95001220703125,341.3999938964844,341.3999938964844,7010165.0
2025-02-19,SBICARD.NS,2025-02-19,863.9500122070312,867.9500122070312,851.2000122070312,857.9000244140625,855.344482421875,1830099.0
2025-02-19,CESC.NS,2025-02-19,126.91000366210938,134.1300048828125,126.12000274658205,131.5399932861328,127.2657470703125,6647511.0
2025-02-19,TITAN.NS,2025-02-19,3220.0,3253.64990234375,3191.800048828125,3210.300048828125,3200.667724609375,521953.0
2025-02-19,CUMMINSIND.NS,2025-02-19,2700.0,2730.60009765625,2667.300048828125,2690.300048828125,2665.1591796875,908689.0
2025-02-19,BAJFINANCE.NS,2025-02-19,845.9149780273438,852.9000244140625,840.0,843.9450073242188,838.7693481445312,8961980.0
2025-02-19,MRF.NS,2025-02-19,108800.0,109900.0,108269.1015625,109570.703125,109401.859375,3428.0
2025-02-19,ONGC.NS,2025-02-19,236.0,238.8000030517578,234.5,238.3000030517578,231.38400268554688,6168581.0
2025-02-19,GOLDBEES.NS,2025-02-19,72.87999725341797,72.87999725341797,72.02999877929688,72.7300033569336,72.7300033569336,11833543.0
2025-02-19,BHARATFORG.NS,2025-02-19,,,,,,
2025-02-19,CONCOR.NS,2025-02-19,544.0,558.6799926757812,538.6799926757812,557.0,551.1903686523438,1329775.0
2025-02-19,OIL.NS,2025-02-19,,,,,,
2025-02-19,DIXON.NS,2025-02-19,13881.400390625,14425.0,13830.0,14088.2998046875,14082.033203125,221334.0
2025-02-19,DRREDDY.NS,2025-02-19,1166.0,1176.949951171875,1127.5,1165.8499755859375,1158.5025634765625,3062142.0
2025-02-19,APOLLOTYRE.NS,2025-02-19,410.9500122070313,415.4500122070313,407.2999877929688,413.3999938964844,409.0230712890625,725275.0
2025-02-19,BHARTIARTL.NS,2025-02-19,1670.0,1673.449951171875,1638.449951171875,1645.199951171875,1631.560302734375,7776555.0
2025-02-19,LALPATHLAB.NS,2025-02-19,2600.0,2629.699951171875,2566.199951171875,2612.85009765625,2596.60400390625,101247.0
2025-02-19,SRF.NS,2025-02-19,2738.60009765625,2764.0,2711.800048828125,2728.0,2724.43017578125,231538.0
2025-02-19,TATACOMM.NS,2025-02-19,1488.300048828125,1518.5,1469.8499755859375,1501.800048828125,1479.7109375,147128.0
2025-02-19,CIPLA.NS,2025-02-19,1454.949951171875,1474.0,1426.3499755859375,1464.1500244140625,1448.6748046875,1210464.0
2025-02-19,BHEL.NS,2025-02-19,184.42999267578125,195.4900054931641,183.19000244140625,195.08999633789065,194.680908203125,16602294.0
2025-02-19,BSOFT.NS,2025-02-19,469.9500122070313,474.6499938964844,464.75,470.9500122070313,463.6454772949219,1599419.0
2025-02-19,ZENSARTECH.NS,2025-02-19,803.0,846.5999755859375,800.1500244140625,809.0999755859375,798.5859375,1810191.0
2025-02-19,TATAELXSI.NS,2025-02-19,6120.0,6130.7998046875,5967.14990234375,6017.60009765625,5950.2890625,159802.0
2025-02-19,GRSE.NS,2025-02-19,1222.300048828125,1405.550048828125,1201.0999755859375,1351.800048828125,1346.0972900390625,4593601.0
2025-02-19,MAZDOCK.NS,2025-02-19,1940.0,2196.800048828125,1918.050048828125,2180.10009765625,2170.916015625,8336084.0
2025-02-19,TRIDENT.NS,2025-02-19,27.0,28.21999931335449,27.0,28.049999237060547,27.62666702270508,4933123.0
2025-02-19,MANAPPURAM.NS,2025-02-19,,,,,,
2025-02-19,IRCON.NS,2025-02-19,150.0,164.1999969482422,148.2100067138672,161.16000366210938,160.2270965576172,13881729.0
2025-02-19,RVNL.NS,2025-02-19,332.0,384.25,329.29998779296875,376.8500061035156,374.89056396484375,55921698.0
2025-02-19,NIFTYBEES.NS,2025-02-19,257.989990234375,258.44000244140625,255.6199951171875,256.8900146484375,256.8900146484375,5189115.0
2025-02-20,TVSMOTOR.NS,2025-02-20,,,,,,
2025-02-20,HEROMOTOCO.NS,2025-02-20,3864.5,3938.0,3855.5,3909.10009765625,3850.87158203125,438563.0
2025-02-20,LAURUSLABS.NS,2025-02-20,541.1500244140625,549.5499877929688,531.5,536.75,535.5762329101562,1791125.0
2025-02-20,SIEMENS.NS,2025-02-20,2904.473388671875,2957.21533203125,2872.2470703125,2950.20068359375,2950.20068359375,749470.0
2025-02-20,HAPPSTMNDS.NS,2025-02-20,670.0,692.1500244140625,668.75,676.9500122070312,669.6055908203125,282455.0
2025-02-20,BIOCON.NS,2025-02-20,335.0,337.29998779296875,329.8500061035156,336.0,335.5513610839844,3698825.0
2025-02-20,IDFCFIRSTB.NS,2025-02-20,59.84999847412109,61.5,59.5099983215332,61.36000061035156,61.15982055664063,13556096.0
2025-02-20,ICICIBANK.NS,2025-02-20,1255.3499755859375,1264.0,1246.75,1249.949951171875,1240.379150390625,8398849.0
2025-02-20,CAMS.NS,2025-02-20,3350.0,3485.75,3316.550048828125,3439.14990234375,3400.679931640625,511643.0
2025-02-20,BPCL.NS,2025-02-20,254.0,259.6499938964844,253.1999969482422,258.6000061035156,249.5708770751953,8155780.0
2025-02-20,JSWSTEEL.NS,2025-02-20,977.0,987.6500244140624,975.0,981.1500244140624,978.5150146484376,1474610.0
2025-02-20,BDL.NS,2025-02-20,,,,,,
2025-02-20,ITC.NS,2025-02-20,399.9500122070313,403.8999938964844,396.2000122070313,402.0499877929688,394.7762145996094,15355585.0
2025-02-20,CDSL.NS,2025-02-20,1204.699951171875,1256.300048828125,1196.1500244140625,1249.25,1239.146728515625,4737475.0
2025-02-20,BRITANNIA.NS,2025-02-20,4819.0,4847.0,4792.0,4832.39990234375,4769.89013671875,319761.0
2025-02-20,WIPRO.NS,2025-02-20,311.20001220703125,314.29998779296875,310.25,313.29998779296875,307.2563781738281,7697134.0
2025-02-20,TATACHEM.NS,2025-02-20,853.4000244140625,857.2999877929688,844.0499877929688,854.7000122070312,844.91015625,494774.0
2025-02-20,ASIANPAINT.NS,2025-02-20,2239.10009765625,2257.10009765625,2231.050048828125,2249.050048828125,2225.01708984375,637442.0
2025-02-20,EICHERMOT.NS,2025-02-20,4780.0,4899.0,4777.0,4888.39990234375,4825.82568359375,277284.0
2025-02-20,COFORGE.NS,2025-02-20,1548.0,1575.0,1523.0,1558.6700439453125,1547.8634033203125,2927410.0
2025-02-20,IIFL.NS,2025-02-20,313.79998779296875,322.8500061035156,311.75,318.3999938964844,318.3999938964844,1279397.0
2025-02-20,TCS.NS,2025-02-20,3761.5,3788.0,3751.300048828125,3779.39990234375,3719.560302734375,2888572.0
2025-02-20,HAVELLS.NS,2025-02-20,1508.050048828125,1535.0,1488.25,1528.550048828125,1522.695068359375,941417.0
2025-02-20,COALINDIA.NS,2025-02-20,360.0,369.4500122070313,360.0,367.9500122070313,348.3251647949219,4624287.0
2025-02-20,SHREECEM.NS,2025-02-20,28650.0,28900.0,28288.099609375,28496.75,28360.84765625,23853.0
2025-02-20,SBIN.NS,2025-02-20,724.9000244140625,731.5,723.3499755859375,729.7000122070312,715.3363647460938,7423268.0
2025-02-20,AXISBANK.NS,2025-02-20,1008.4000244140624,1019.6500244140624,1006.5,1017.2000122070312,1016.3314208984376,5011212.0
2025-02-20,IEX.NS,2025-02-20,170.0800018310547,170.47000122070312,165.3699951171875,169.72999572753906,168.44078063964844,4748425.0
2025-02-20,SUZLON.NS,2025-02-20,54.0,55.34999847412109,53.25,54.880001068115234,54.880001068115234,38873355.0
2025-02-20,AARTIIND.NS,2025-02-20,414.5,424.8500061035156,412.3500061035156,422.9500122070313,421.825439453125,594697.0
2025-02-20,PERSISTENT.NS,2025-02-20,5848.7998046875,5949.9501953125,5838.2001953125,5917.89990234375,5901.9873046875,215467.0
2025-02-20,BATAINDIA.NS,2025-02-20,1254.4000244140625,1269.0,1245.5,1264.1500244140625,1254.599609375,129345.0
2025-02-20,PIIND.NS,2025-02-20,3192.199951171875,3229.949951171875,3152.699951171875,3189.050048828125,3181.2431640625,464132.0
2025-02-20,GODREJPROP.NS,2025-02-20,2022.300048828125,2093.25,2022.300048828125,2076.949951171875,2076.949951171875,878591.0
2025-02-20,HINDALCO.NS,2025-02-20,627.0,644.2000122070312,625.0,638.7999877929688,634.1494750976562,6904537.0
2025-02-20,MARUTI.NS,2025-02-20,12650.0,12650.0,12380.0,12440.650390625,12307.4423828125,423739.0
2025-02-20,MCX.NS,2025-02-20,5634.0,5738.7998046875,5601.5,5689.25,5667.60400390625,300653.0
2025-02-20,SAIL.NS,2025-02-20,106.0,110.4499969482422,105.5500030517578,109.83999633789062,108.48037719726562,13193348.0
2025-02-20,RELIANCE.NS,2025-02-20,1223.949951171875,1239.3499755859375,1222.0,1233.0,1228.0950927734375,7795582.0
2025-02-20,PAGEIND.NS,2025-02-20,41300.05078125,41595.0,40901.25,41399.80078125,40953.87890625,34371.0
2025-02-20,HDFCAMC.NS,2025-02-20,1882.5,1947.0999755859373,1880.0,1939.800048828125,1904.0675048828125,480598.0
2025-02-20,ADANIENT.NS,2025-02-20,,,,,,
2025-02-20,ANGELONE.NS,2025-02-20,2295.0,2403.0,2279.050048828125,2392.800048828125,2360.29931640625,986218.0
2025-02-20,VOLTAS.NS,2025-02-20,1273.0,1291.0999755859375,1255.050048828125,1279.1500244140625,1272.04931640625,1895350.0
2025-02-20,MARICO.NS,2025-02-20,633.4500122070312,643.4000244140625,630.0,641.5999755859375,635.2725219726562,891876.0
2025-02-20,TATASTEEL.NS,2025-02-20,135.27000427246094,138.36000061035156,135.0,138.0399932861328,134.89418029785156,24139808.0
2025-02-20,PIDILITIND.NS,2025-02-20,1384.3499755859375,1414.574951171875,1375.0250244140625,1410.75,1401.1343994140625,1005774.0
2025-02-20,RITES.NS,2025-02-20,214.5,228.0,212.5,221.3999938964844,216.3499298095703,8488836.0
2025-02-20,HCLTECH.NS,2025-02-20,1705.199951171875,1714.550048828125,1683.550048828125,1687.550048828125,1642.224365234375,1681532.0
2025-02-20,RAYMOND.NS,2025-02-20,1394.050048828125,1408.199951171875,1364.25,1397.5999755859375,1397.5999755859375,179301.0
2025-02-20,POLYCAB.NS,2025-02-20,,,,,,
2025-02-20,SUNPHARMA.NS,2025-02-20,1667.1500244140625,1677.949951171875,1663.0,1669.300048828125,1663.822998046875,1670915.0
2025-02-20,MAXHEALTH.NS,2025-02-20,1023.7000122070312,1039.1500244140625,1011.7999877929688,1031.8499755859375,1030.66064453125,1900045.0
2025-02-20,BEML.NS,2025-02-20,1316.5,1345.0,1306.0,1312.2750244140625,1306.108154296875,1027612.0
2025-02-20,HINDUNILVR.NS,2025-02-20,2250.39990234375,2254.449951171875,2226.5,2248.050048828125,2207.303466796875,2206196.0
2025-02-20,DATAPATTNS.NS,2025-02-20,1542.0,1619.0,1517.5999755859375,1576.0999755859375,1571.38525390625,554844.0
2025-02-20,LUPIN.NS,2025-02-20,1978.25,1996.199951171875,1963.800048828125,1977.5,1965.27685546875,465756.0
2025-02-20,POONAWALLA.NS,2025-02-20,,,,,,
2025-02-20,ASHOKLEY.NS,2025-02-20,112.24500274658205,113.9000015258789,111.23500061035156,113.24500274658205,110.52782440185548,12749270.0
2025-02-20,PRESTIGE.NS,2025-02-20,1228.0,1260.0,1197.199951171875,1250.300048828125,1248.862548828125,1265922.0
2025-02-20,TECHM.NS,2025-02-20,1680.0,1693.6500244140625,1655.0,1657.8499755859375,1611.231689453125,1485087.0
2025-02-20,INFY.NS,2025-02-20,1805.550048828125,1831.0,1805.550048828125,1825.1500244140625,1772.6884765625,2218020.0
2025-02-20,MON100.NS,2025-02-20,208.9900054931641,209.0399932861328,203.22999572753903,204.6100006103516,204.6100006103516,527350.0
2025-02-20,NAVINFLUOR.NS,2025-02-20,4044.550048828125,4107.85009765625,4022.10009765625,4045.550048828125,4035.423583984375,144501.0
2025-02-20,RAILTEL.NS,2025-02-20,311.0,321.45001220703125,307.04998779296875,313.20001220703125,310.5531616210937,2155197.0
2025-02-20,INDIGO.NS,2025-02-20,4396.39990234375,4525.39990234375,4366.89990234375,4501.4501953125,4493.85595703125,940390.0
2025-02-20,HDFCBANK.NS,2025-02-20,855.5,857.3499755859375,842.6500244140625,843.5499877929688,832.2998046875,26390510.0
2025-02-20,KOTAKBANK.NS,2025-02-20,,,,,,
2025-02-20,OBEROIRLTY.NS,2025-02-20,1602.1500244140625,1625.25,1576.75,1616.8499755859375,1611.0897216796875,438467.0
2025-02-20,M&M.NS,2025-02-20,,,,,,
2025-02-20,AUROPHARMA.NS,2025-02-20,1125.0,1133.75,1107.0,1121.25,1117.056884765625,726288.0
2025-02-20,PVRINOX.NS,2025-02-20,993.9000244140624,1014.0,982.0999755859376,1009.2000122070312,1009.2000122070312,482715.0
2025-02-20,MUTHOOTFIN.NS,2025-02-20,2264.0,2304.949951171875,2248.449951171875,2276.25,2248.729736328125,813091.0
2025-02-20,MPHASIS.NS,2025-02-20,2601.35009765625,2642.10009765625,2589.5,2637.25,2585.58544921875,279331.0
2025-02-20,NESTLEIND.NS,2025-02-20,1102.4749755859375,1107.4749755859375,1093.4000244140625,1103.375,1098.7552490234375,1316934.0
2025-02-20,INDUSTOWER.NS,2025-02-20,337.04998779296875,344.5,336.04998779296875,341.1000061035156,341.1000061035156,3324577.0
2025-02-20,SBICARD.NS,2025-02-20,855.0499877929688,859.4500122070312,846.5499877929688,849.7999877929688,847.2685546875,1202211.0
2025-02-20,CESC.NS,2025-02-20,131.5399932861328,138.42999267578125,131.0,137.85000610351562,133.3707275390625,6908552.0
2025-02-20,TITAN.NS,2025-02-20,3210.0,3218.64990234375,3188.14990234375,3191.449951171875,3181.874267578125,653151.0
2025-02-20,CUMMINSIND.NS,2025-02-20,2697.0,2824.449951171875,2675.64990234375,2818.60009765625,2792.26025390625,438545.0
2025-02-20,BAJFINANCE.NS,2025-02-20,835.5850219726562,845.5599975585938,834.5650024414062,839.9450073242188,834.7938842773438,7900700.0
2025-02-20,MRF.NS,2025-02-20,109750.0,110400.0,108880.6015625,109938.703125,109769.2890625,3751.0
2025-02-20,ONGC.NS,2025-02-20,236.8000030517578,242.6499938964844,236.5,241.8999938964844,234.8795318603516,8929816.0
2025-02-20,GOLDBEES.NS,2025-02-20,73.18000030517578,73.18000030517578,72.3499984741211,72.48999786376953,72.48999786376953,12547634.0
2025-02-20,BHARATFORG.NS,2025-02-20,,,,,,
2025-02-20,CONCOR.NS,2025-02-20,556.7999877929688,560.6400146484375,550.52001953125,552.719970703125,546.9549560546875,1405502.0
2025-02-20,OIL.NS,2025-02-20,,,,,,
2025-02-20,DIXON.NS,2025-02-20,14088.25,14270.0,13923.0498046875,14219.75,14213.4248046875,155381.0
2025-02-20,DRREDDY.NS,2025-02-20,1164.5,1174.1500244140625,1156.25,1170.949951171875,1163.5704345703125,1579890.0
2025-02-20,APOLLOTYRE.NS,2025-02-20,412.0,419.4500122070313,409.2999877929688,418.3999938964844,413.9701232910156,663978.0
2025-02-20,BHARTIARTL.NS,2025-02-20,1639.8499755859375,1649.800048828125,1627.25,1643.5,1629.8743896484375,5524503.0
2025-02-20,LALPATHLAB.NS,2025-02-20,2611.89990234375,2640.0,2572.5,2625.449951171875,2609.12548828125,116127.0
2025-02-20,SRF.NS,2025-02-20,2714.0,2806.0,2707.050048828125,2795.89990234375,2792.2412109375,351713.0
2025-02-20,TATACOMM.NS,2025-02-20,1499.699951171875,1509.3499755859375,1476.0,1486.300048828125,1464.4388427734375,207052.0
2025-02-20,CIPLA.NS,2025-02-20,1462.0,1483.0,1461.5,1479.699951171875,1464.060302734375,1652209.0
2025-02-20,BHEL.NS,2025-02-20,192.8699951171875,201.6499938964844,192.8000030517578,200.1699981689453,199.7502593994141,14019550.0
2025-02-20,BSOFT.NS,2025-02-20,455.0,476.2999877929688,455.0,473.8500061035156,466.5004577636719,1323905.0
2025-02-20,ZENSARTECH.NS,2025-02-20,812.4500122070312,823.2999877929688,802.0499877929688,806.5499877929688,796.069091796875,802268.0
2025-02-20,TATAELXSI.NS,2025-02-20,6024.0,6080.0,5980.60009765625,6023.64990234375,5956.27099609375,79633.0
2025-02-20,GRSE.NS,2025-02-20,1340.0,1374.4000244140625,1318.5,1347.550048828125,1341.865234375,934356.0
2025-02-20,MAZDOCK.NS,2025-02-20,2134.699951171875,2181.800048828125,2110.300048828125,2154.300048828125,2145.224609375,2789656.0
2025-02-20,TRIDENT.NS,2025-02-20,27.920000076293945,28.450000762939453,27.71999931335449,28.18000030517578,27.75470542907715,3794139.0
2025-02-20,MANAPPURAM.NS,2025-02-20,,,,,,
2025-02-20,IRCON.NS,2025-02-20,159.7899932861328,163.97999572753906,157.3000030517578,160.75,159.81947326660156,6230757.0
2025-02-20,RVNL.NS,2025-02-20,371.3999938964844,384.25,361.7000122070313,381.5499877929688,379.5661315917969,27929863.0
2025-02-20,NIFTYBEES.NS,2025-02-20,257.989990234375,257.989990234375,255.75,256.8500061035156,256.8500061035156,4075280.0
2025-02-21,TVSMOTOR.NS,2025-02-21,,,,,,
2025-02-21,HEROMOTOCO.NS,2025-02-21,3900.0,3916.85009765625,3828.64990234375,3852.60009765625,3795.213134765625,426337.0
2025-02-21,LAURUSLABS.NS,2025-02-21,536.75,541.4500122070312,518.0,521.4500122070312,520.3096923828125,3104538.0
2025-02-21,SIEMENS.NS,2025-02-21,2940.867431640625,2969.89453125,2850.5283203125,2888.829833984375,2888.829833984375,779092.0
2025-02-21,HAPPSTMNDS.NS,2025-02-21,676.9500122070312,695.0,666.5499877929688,672.5,665.2039184570312,240038.0
2025-02-21,BIOCON.NS,2025-02-21,336.0,339.0,320.3999938964844,322.5,322.0693664550781,5201717.0
2025-02-21,IDFCFIRSTB.NS,2025-02-21,61.310001373291016,61.84999847412109,60.130001068115234,60.630001068115234,60.43220138549805,14895745.0
2025-02-21,ICICIBANK.NS,2025-02-21,1241.0999755859375,1244.699951171875,1224.550048828125,1232.949951171875,1223.50927734375,7786428.0
2025-02-21,CAMS.NS,2025-02-21,3439.949951171875,3545.0,3404.0,3427.5,3389.16015625,624064.0
2025-02-21,BPCL.NS,2025-02-21,258.0,259.3999938964844,250.6499938964844,251.3000030517578,242.5257568359375,9845416.0
2025-02-21,JSWSTEEL.NS,2025-02-21,979.0999755859376,990.9500122070312,975.5499877929688,981.9000244140624,979.2630004882812,1599075.0
2025-02-21,BDL.NS,2025-02-21,,,,,,
2025-02-21,ITC.NS,2025-02-21,402.0499877929688,403.25,399.2000122070313,400.8999938964844,393.6470031738281,8240986.0
2025-02-21,CDSL.NS,2025-02-21,1280.0,1294.0,1250.0,1255.6500244140625,1245.4949951171875,7809931.0
2025-02-21,BRITANNIA.NS,2025-02-21,4850.0,4850.2001953125,4783.5498046875,4831.89990234375,4769.39697265625,334003.0
2025-02-21,WIPRO.NS,2025-02-21,312.79998779296875,312.79998779296875,305.04998779296875,306.3500061035156,300.4404602050781,8722925.0
2025-02-21,TATACHEM.NS,2025-02-21,853.0999755859375,866.8499755859375,841.0,846.0499877929688,836.3591918945312,414749.0
2025-02-21,ASIANPAINT.NS,2025-02-21,2249.050048828125,2265.800048828125,2237.0,2257.60009765625,2233.4755859375,755585.0
2025-02-21,EICHERMOT.NS,2025-02-21,4888.0,4982.89990234375,4855.0,4962.4501953125,4898.92822265625,324027.0
2025-02-21,COFORGE.NS,2025-02-21,1540.010009765625,1549.3900146484375,1487.0,1499.239990234375,1488.8453369140625,3057110.0
2025-02-21,IIFL.NS,2025-02-21,318.3999938964844,326.5,312.1499938964844,319.5,319.5,1207289.0
2025-02-21,TCS.NS,2025-02-21,3776.10009765625,3817.0,3775.0,3786.0,3726.05615234375,1833931.0
2025-02-21,HAVELLS.NS,2025-02-21,1527.800048828125,1545.0,1498.449951171875,1520.300048828125,1514.4766845703125,393223.0
2025-02-21,COALINDIA.NS,2025-02-21,367.5499877929688,371.2000122070313,365.2999877929688,369.9500122070313,350.218505859375,5235241.0
2025-02-21,SHREECEM.NS,2025-02-21,28407.599609375,28592.80078125,28179.44921875,28405.69921875,28270.232421875,13779.0
2025-02-21,SBIN.NS,2025-02-21,727.2999877929688,731.7000122070312,720.0,722.0,707.7879028320312,6571602.0
2025-02-21,AXISBANK.NS,2025-02-21,1012.0,1021.9000244140624,1000.6500244140624,1008.9500122070312,1008.0885009765624,5019937.0
2025-02-21,IEX.NS,2025-02-21,169.0,172.19000244140625,166.33999633789062,168.9199981689453,167.63693237304688,4103115.0
2025-02-21,SUZLON.NS,2025-02-21,54.900001525878906,56.29999923706055,54.29999923706055,55.16999816894531,55.16999816894531,56799902.0
2025-02-21,AARTIIND.NS,2025-02-21,421.0,427.1000061035156,411.0,412.6499938964844,411.5528259277344,768124.0
2025-02-21,PERSISTENT.NS,2025-02-21,5925.0,5937.39990234375,5680.0,5710.2998046875,5694.9453125,335451.0
2025-02-21,BATAINDIA.NS,2025-02-21,1265.0,1323.800048828125,1263.050048828125,1298.0999755859375,1288.2930908203125,595310.0
2025-02-21,PIIND.NS,2025-02-21,3189.050048828125,3237.050048828125,3118.85009765625,3145.39990234375,3137.699951171875,349942.0
2025-02-21,GODREJPROP.NS,2025-02-21,2067.5,2097.0,1978.0999755859373,1991.3499755859373,1991.3499755859373,827591.0
2025-02-21,HINDALCO.NS,2025-02-21,639.2000122070312,656.2000122070312,637.9500122070312,653.5499877929688,648.7920532226562,7490723.0
2025-02-21,MARUTI.NS,2025-02-21,12420.0,12438.599609375,12245.0,12323.4501953125,12191.4970703125,477013.0
2025-02-21,MCX.NS,2025-02-21,5670.0,5775.10009765625,5500.4501953125,5588.64990234375,5567.38671875,316241.0
2025-02-21,SAIL.NS,2025-02-21,109.3000030517578,115.16000366210938,108.75,112.76000213623048,111.36424255371094,44746596.0
2025-02-21,RELIANCE.NS,2025-02-21,1228.699951171875,1240.0,1222.1500244140625,1228.1500244140625,1223.264404296875,6904025.0
2025-02-21,PAGEIND.NS,2025-02-21,41313.05078125,42350.0,40893.80078125,41132.30078125,40689.26171875,29594.0
2025-02-21,HDFCAMC.NS,2025-02-21,1931.9749755859373,1964.0,1889.0250244140625,1896.550048828125,1861.6141357421875,935990.0
2025-02-21,ADANIENT.NS,2025-02-21,,,,,,
2025-02-21,ANGELONE.NS,2025-02-21,2370.0,2441.199951171875,2334.300048828125,2356.60009765625,2324.591064453125,848164.0
2025-02-21,VOLTAS.NS,2025-02-21,1275.0,1299.75,1257.550048828125,1269.0,1261.95556640625,1639291.0
2025-02-21,MARICO.NS,2025-02-21,642.0,644.6500244140625,615.2000122070312,624.7999877929688,618.6382446289062,1976242.0
2025-02-21,TATASTEEL.NS,2025-02-21,137.91000366210938,141.60000610351562,137.14999389648438,140.75999450683594,137.5522003173828,41987785.0
2025-02-21,PIDILITIND.NS,2025-02-21,1412.4749755859375,1415.75,1383.7750244140625,1397.8499755859375,1388.3223876953125,1153982.0
2025-02-21,RITES.NS,2025-02-21,221.3999938964844,225.8000030517578,217.0500030517578,218.1499938964844,213.17405700683597,1261215.0
2025-02-21,HCLTECH.NS,2025-02-21,1690.0,1704.1500244140625,1685.1500244140625,1700.699951171875,1655.02099609375,1222563.0
2025-02-21,RAYMOND.NS,2025-02-21,1390.050048828125,1439.9000244140625,1376.0,1381.0999755859375,1381.0999755859375,165407.0
2025-02-21,POLYCAB.NS,2025-02-21,,,,,,
2025-02-21,SUNPHARMA.NS,2025-02-21,1678.050048828125,1684.4000244140625,1632.0,1643.75,1638.3568115234375,2244190.0
2025-02-21,MAXHEALTH.NS,2025-02-21,1031.9000244140625,1039.0999755859375,1005.0,1010.25,1009.0855712890624,926535.0
2025-02-21,BEML.NS,2025-02-21,1312.5,1364.9000244140625,1309.425048828125,1317.0999755859375,1310.9105224609375,783736.0
2025-02-21,HINDUNILVR.NS,2025-02-21,2248.050048828125,2253.550048828125,2226.39990234375,2241.64990234375,2201.01953125,1781509.0
2025-02-21,DATAPATTNS.NS,2025-02-21,1569.949951171875,1689.949951171875,1538.050048828125,1553.5999755859375,1548.9525146484375,945626.0
2025-02-21,LUPIN.NS,2025-02-21,1985.0,1987.949951171875,1901.9000244140625,1905.3499755859373,1893.57275390625,937687.0
2025-02-21,POONAWALLA.NS,2025-02-21,,,,,,
2025-02-21,ASHOKLEY.NS,2025-02-21,113.05999755859376,114.19499969482422,110.0749969482422,111.26499938964844,108.59532928466795,11291962.0
2025-02-21,PRESTIGE.NS,2025-02-21,1245.0,1262.9000244140625,1204.0,1216.300048828125,1214.901611328125,913356.0
2025-02-21,TECHM.NS,2025-02-21,1657.75,1664.949951171875,1642.199951171875,1649.5,1603.1165771484375,1479239.0
2025-02-21,INFY.NS,2025-02-21,1821.800048828125,1829.8499755859373,1806.199951171875,1815.0,1762.8302001953125,3379879.0
2025-02-21,MON100.NS,2025-02-21,207.42999267578125,207.42999267578125,201.8600006103516,203.2400054931641,203.2400054931641,582967.0
2025-02-21,NAVINFLUOR.NS,2025-02-21,4024.0,4060.0,3940.300048828125,4033.89990234375,4023.802734375,158392.0
2025-02-21,RAILTEL.NS,2025-02-21,311.0,322.45001220703125,304.04998779296875,305.5,302.918212890625,1765645.0
2025-02-21,INDIGO.NS,2025-02-21,4500.0,4545.0,4480.0,4510.75,4503.14013671875,505647.0
2025-02-21,HDFCBANK.NS,2025-02-21,840.4500122070312,847.4749755859375,838.625,846.25,834.9638061523438,15680940.0
2025-02-21,KOTAKBANK.NS,2025-02-21,,,,,,
2025-02-21,OBEROIRLTY.NS,2025-02-21,1620.0,1657.0,1574.0,1581.800048828125,1576.164794921875,496920.0
2025-02-21,M&M.NS,2025-02-21,,,,,,
2025-02-21,AUROPHARMA.NS,2025-02-21,1118.0,1126.8499755859375,1096.550048828125,1115.1500244140625,1110.979736328125,1093980.0
2025-02-21,PVRINOX.NS,2025-02-21,1011.0,1025.0,1005.0,1012.0,1012.0,364404.0
2025-02-21,MUTHOOTFIN.NS,2025-02-21,2280.75,2289.64990234375,2181.10009765625,2212.10009765625,2185.35546875,586551.0
2025-02-21,MPHASIS.NS,2025-02-21,2640.0,2650.949951171875,2555.5,2567.550048828125,2517.2509765625,248774.0
2025-02-21,NESTLEIND.NS,2025-02-21,1108.4749755859375,1109.050048828125,1094.6500244140625,1107.4749755859375,1102.8380126953125,1188490.0
2025-02-21,INDUSTOWER.NS,2025-02-21,339.0,340.95001220703125,331.5,336.3999938964844,336.3999938964844,7741976.0
2025-02-21,SBICARD.NS,2025-02-21,846.0999755859375,850.75,824.7999877929688,835.2000122070312,832.7120971679688,2061566.0
2025-02-21,CESC.NS,2025-02-21,137.0500030517578,139.5,133.8800048828125,136.55999755859375,132.1226348876953,5095169.0
2025-02-21,TITAN.NS,2025-02-21,3191.449951171875,3205.949951171875,3162.25,3179.89990234375,3170.35888671875,407794.0
2025-02-21,CUMMINSIND.NS,2025-02-21,2800.0,2860.300048828125,2797.0,2836.14990234375,2809.64599609375,627587.0
2025-02-21,BAJFINANCE.NS,2025-02-21,836.0,842.030029296875,828.7999877929688,839.6699829101562,834.5205688476562,6086470.0
2025-02-21,MRF.NS,2025-02-21,109900.0,110371.0,108786.0,109263.296875,109094.9296875,5319.0
2025-02-21,ONGC.NS,2025-02-21,241.8999938964844,243.0500030517578,238.1000061035156,239.8999938964844,232.9375762939453,5697387.0
2025-02-21,GOLDBEES.NS,2025-02-21,72.68000030517578,72.68000030517578,71.75,72.08000183105469,72.08000183105469,11836188.0
2025-02-21,BHARATFORG.NS,2025-02-21,,,,,,
2025-02-21,CONCOR.NS,2025-02-21,551.2000122070312,558.1599731445312,544.7999877929688,550.0800170898438,544.342529296875,1009667.0
2025-02-21,OIL.NS,2025-02-21,,,,,,
2025-02-21,DIXON.NS,2025-02-21,14202.0,14364.849609375,13920.0498046875,13971.900390625,13965.685546875,234145.0
2025-02-21,DRREDDY.NS,2025-02-21,1170.699951171875,1170.75,1145.25,1151.800048828125,1144.541259765625,6828902.0
2025-02-21,APOLLOTYRE.NS,2025-02-21,418.3999938964844,423.5499877929688,407.25,408.6499938964844,404.3233642578125,1152287.0
2025-02-21,BHARTIARTL.NS,2025-02-21,1643.5,1658.699951171875,1629.199951171875,1639.25,1625.65966796875,5447583.0
2025-02-21,LALPATHLAB.NS,2025-02-21,2625.449951171875,2629.949951171875,2546.0,2599.5,2583.3369140625,177202.0
2025-02-21,SRF.NS,2025-02-21,2796.0,2824.60009765625,2754.0,2778.89990234375,2775.263427734375,424887.0
2025-02-21,TATACOMM.NS,2025-02-21,1486.3499755859375,1495.449951171875,1439.0999755859375,1450.1500244140625,1428.820556640625,282141.0
2025-02-21,CIPLA.NS,2025-02-21,1489.0,1502.0,1468.6500244140625,1475.75,1460.152099609375,1413123.0
2025-02-21,BHEL.NS,2025-02-21,199.83999633789065,202.1499938964844,195.5,196.41000366210935,195.99815368652344,12105028.0
2025-02-21,BSOFT.NS,2025-02-21,474.1000061035156,484.6499938964844,472.3999938964844,475.2999877929688,467.927978515625,864428.0
2025-02-21,ZENSARTECH.NS,2025-02-21,808.5999755859375,820.0499877929688,784.0,791.25,780.9679565429688,1028300.0
2025-02-21,TATAELXSI.NS,2025-02-21,6024.7998046875,6080.25,5931.0498046875,5960.4501953125,5893.7783203125,101884.0
2025-02-21,GRSE.NS,2025-02-21,1344.0,1397.0,1312.0,1319.199951171875,1313.634765625,1016652.0
2025-02-21,MAZDOCK.NS,2025-02-21,2145.800048828125,2219.85009765625,2106.0,2119.449951171875,2110.521240234375,3003528.0
2025-02-21,TRIDENT.NS,2025-02-21,28.280000686645508,28.920000076293945,27.700000762939453,27.84000015258789,27.419836044311523,5563654.0
2025-02-21,MANAPPURAM.NS,2025-02-21,,,,,,
2025-02-21,IRCON.NS,2025-02-21,160.89999389648438,166.75,157.6999969482422,158.69000244140625,157.77139282226562,7661534.0
2025-02-21,RVNL.NS,2025-02-21,377.1499938964844,393.0,367.1000061035156,371.7000122070313,369.7673645019531,20755098.0
2025-02-21,NIFTYBEES.NS,2025-02-21,257.989990234375,257.989990234375,254.8000030517578,255.52999877929688,255.52999877929688,6288816.0
2025-02-24,TVSMOTOR.NS,2025-02-24,,,,,,
2025-02-24,HEROMOTOCO.NS,2025-02-24,3839.85009765625,3891.10009765625,3800.10009765625,3884.85009765625,3826.98291015625,272543.0
2025-02-24,LAURUSLABS.NS,2025-02-24,513.0,542.25,512.3499755859375,536.75,535.5762329101562,3627096.0
2025-02-24,SIEMENS.NS,2025-02-24,2874.477783203125,2874.536376953125,2800.8974609375,2860.389892578125,2860.389892578125,957130.0
2025-02-24,HAPPSTMNDS.NS,2025-02-24,668.0999755859375,735.0,660.0499877929688,721.5,713.6722412109375,3998864.0
2025-02-24,BIOCON.NS,2025-02-24,320.0,325.25,315.6000061035156,320.8500061035156,320.4216003417969,2522998.0
2025-02-24,IDFCFIRSTB.NS,2025-02-24,60.0099983215332,60.47999954223633,59.47999954223633,59.900001525878906,59.70458221435547,13848044.0
2025-02-24,ICICIBANK.NS,2025-02-24,1226.699951171875,1231.9000244140625,1210.25,1218.3499755859375,1209.0211181640625,11522480.0
2025-02-24,CAMS.NS,2025-02-24,3378.699951171875,3447.699951171875,3344.75,3417.75,3379.519287109375,364315.0
2025-02-24,BPCL.NS,2025-02-24,251.25,253.5,248.75,251.0,242.2362365722656,6773845.0
2025-02-24,JSWSTEEL.NS,2025-02-24,971.0,984.9000244140624,957.75,966.7999877929688,964.2035522460938,1898963.0
2025-02-24,BDL.NS,2025-02-24,,,,,,
2025-02-24,ITC.NS,2025-02-24,400.0,403.3999938964844,398.75,401.8999938964844,394.6289367675781,7037625.0
2025-02-24,CDSL.NS,2025-02-24,1240.0,1244.8499755859375,1210.550048828125,1213.949951171875,1204.1322021484375,3379288.0
2025-02-24,BRITANNIA.NS,2025-02-24,4750.0,4829.5,4702.0,4804.2998046875,4742.15380859375,259886.0
2025-02-24,WIPRO.NS,2025-02-24,302.95001220703125,303.29998779296875,293.3500061035156,295.04998779296875,289.3584289550781,12600963.0
2025-02-24,TATACHEM.NS,2025-02-24,844.0,844.0,834.0999755859375,836.3499755859375,826.770263671875,357017.0
2025-02-24,ASIANPAINT.NS,2025-02-24,2245.89990234375,2259.0,2241.0,2246.199951171875,2222.197509765625,765042.0
2025-02-24,EICHERMOT.NS,2025-02-24,4936.0,5049.89990234375,4915.5498046875,5010.7998046875,4946.65869140625,410180.0
2025-02-24,COFORGE.NS,2025-02-24,1470.0,1541.2900390625,1449.0,1525.6800537109375,1515.1021728515625,3253465.0
2025-02-24,IIFL.NS,2025-02-24,316.8999938964844,319.3999938964844,309.6499938964844,310.95001220703125,310.95001220703125,611008.0
2025-02-24,TCS.NS,2025-02-24,3743.14990234375,3763.199951171875,3670.0,3675.60009765625,3617.404296875,2508516.0
2025-02-24,HAVELLS.NS,2025-02-24,1509.949951171875,1527.300048828125,1492.300048828125,1522.8499755859375,1517.016845703125,570593.0
2025-02-24,COALINDIA.NS,2025-02-24,368.0499877929688,368.5,361.1499938964844,364.7999877929688,345.3431701660156,4533486.0
2025-02-24,SHREECEM.NS,2025-02-24,28301.0,28474.849609375,28186.150390625,28292.400390625,28157.470703125,11442.0
2025-02-24,SBIN.NS,2025-02-24,710.5,719.75,710.5,716.4000244140625,702.2981567382812,6912148.0
2025-02-24,AXISBANK.NS,2025-02-24,1001.3499755859376,1013.0,998.5499877929688,1010.0499877929688,1009.1875,4265454.0
2025-02-24,IEX.NS,2025-02-24,166.5,167.82000732421875,163.5,164.22999572753906,162.9825439453125,3427628.0
2025-02-24,SUZLON.NS,2025-02-24,54.59999847412109,54.70000076293945,53.45000076293945,54.290000915527344,54.290000915527344,43162800.0
2025-02-24,AARTIIND.NS,2025-02-24,411.9500122070313,411.9500122070313,402.7999877929688,406.25,405.1698303222656,941556.0
2025-02-24,PERSISTENT.NS,2025-02-24,5628.0,5690.0,5465.7001953125,5639.7998046875,5624.63525390625,649930.0
2025-02-24,BATAINDIA.NS,2025-02-24,1277.449951171875,1351.699951171875,1277.449951171875,1336.300048828125,1326.20458984375,533086.0
2025-02-24,PIIND.NS,2025-02-24,3134.199951171875,3138.39990234375,3081.35009765625,3090.449951171875,3082.884521484375,142386.0
2025-02-24,GODREJPROP.NS,2025-02-24,1980.0,2037.800048828125,1945.0999755859373,2033.3499755859373,2033.3499755859373,866997.0
2025-02-24,HINDALCO.NS,2025-02-24,642.0,647.9000244140625,636.25,641.9000244140625,637.2269287109375,5931712.0
2025-02-24,MARUTI.NS,2025-02-24,12248.349609375,12432.5,12220.099609375,12345.2001953125,12213.013671875,399571.0
2025-02-24,MCX.NS,2025-02-24,5523.35009765625,5579.9501953125,5469.0,5541.35009765625,5520.26708984375,211980.0
2025-02-24,SAIL.NS,2025-02-24,111.0999984741211,112.16999816894533,107.6500015258789,108.20999908447266,106.8705596923828,24208995.0
2025-02-24,RELIANCE.NS,2025-02-24,1216.550048828125,1223.25,1210.5,1214.550048828125,1209.718505859375,7172498.0
2025-02-24,PAGEIND.NS,2025-02-24,40990.0,41618.30078125,40715.69921875,41163.1015625,40719.73046875,43411.0
2025-02-24,HDFCAMC.NS,2025-02-24,1893.7249755859373,1905.0,1861.175048828125,1891.7249755859373,1856.8779296875,440498.0
2025-02-24,ADANIENT.NS,2025-02-24,,,,,,
2025-02-24,ANGELONE.NS,2025-02-24,2329.35009765625,2343.949951171875,2252.0,2273.050048828125,2242.17578125,976008.0
2025-02-24,VOLTAS.NS,2025-02-24,1260.0,1291.9000244140625,1243.75,1277.1500244140625,1270.060302734375,1051867.0
2025-02-24,MARICO.NS,2025-02-24,611.0,625.8499755859375,611.0,621.25,615.123291015625,1542899.0
2025-02-24,TATASTEEL.NS,2025-02-24,138.80999755859375,140.66000366210938,136.66000366210938,137.64999389648438,134.51307678222656,25193205.0
2025-02-24,PIDILITIND.NS,2025-02-24,1378.5,1389.0999755859375,1363.5250244140625,1380.9000244140625,1371.4879150390625,738772.0
2025-02-24,RITES.NS,2025-02-24,213.8999938964844,216.5,211.3500061035156,214.6999969482422,209.80276489257807,812631.0
2025-02-24,HCLTECH.NS,2025-02-24,1685.0,1690.0,1637.5999755859375,1644.050048828125,1599.8927001953125,4455420.0
2025-02-24,RAYMOND.NS,2025-02-24,1360.5999755859375,1405.0,1350.0,1393.050048828125,1393.050048828125,169841.0
2025-02-24,POLYCAB.NS,2025-02-24,,,,,,
2025-02-24,SUNPHARMA.NS,2025-02-24,1629.75,1669.9000244140625,1627.050048828125,1639.5,1634.1207275390625,2357441.0
2025-02-24,MAXHEALTH.NS,2025-02-24,1000.0,1004.9500122070312,980.75,987.9500122070312,986.811279296875,1840297.0
2025-02-24,BEML.NS,2025-02-24,1305.0,1336.4000244140625,1268.0999755859375,1319.9749755859375,1313.77197265625,649258.0
2025-02-24,HINDUNILVR.NS,2025-02-24,2230.0,2251.0,2218.800048828125,2241.449951171875,2200.822998046875,1627949.0
2025-02-24,DATAPATTNS.NS,2025-02-24,1540.0,1689.0,1501.0,1642.9000244140625,1637.9854736328125,4145046.0
2025-02-24,LUPIN.NS,2025-02-24,1905.3499755859373,1945.800048828125,1880.0,1902.800048828125,1891.03857421875,1035104.0
2025-02-24,POONAWALLA.NS,2025-02-24,,,,,,
2025-02-24,ASHOKLEY.NS,2025-02-24,110.0,111.94000244140624,109.6500015258789,111.54499816894533,108.8686065673828,12662692.0
2025-02-24,PRESTIGE.NS,2025-02-24,1209.5999755859375,1212.449951171875,1160.0,1186.0999755859375,1184.736328125,2658937.0
2025-02-24,TECHM.NS,2025-02-24,1630.0,1643.949951171875,1604.25,1613.699951171875,1568.3232421875,1672609.0
2025-02-24,INFY.NS,2025-02-24,1800.050048828125,1808.0,1750.25,1764.0999755859375,1713.3931884765625,7594720.0
2025-02-24,MON100.NS,2025-02-24,203.47999572753903,207.0,194.9900054931641,197.27999877929688,197.27999877929688,1215775.0
2025-02-24,NAVINFLUOR.NS,2025-02-24,3986.35009765625,4018.0,3897.64990234375,3911.10009765625,3901.310302734375,92708.0
2025-02-24,RAILTEL.NS,2025-02-24,308.0,315.5,306.29998779296875,308.3999938964844,305.793701171875,6236194.0
2025-02-24,INDIGO.NS,2025-02-24,4502.0,4574.0,4495.64990234375,4536.0,4528.34765625,739113.0
2025-02-24,HDFCBANK.NS,2025-02-24,840.5499877929688,842.0999755859375,830.5499877929688,838.5499877929688,827.366455078125,20693646.0
2025-02-24,KOTAKBANK.NS,2025-02-24,,,,,,
2025-02-24,OBEROIRLTY.NS,2025-02-24,1569.050048828125,1606.6500244140625,1551.0,1583.550048828125,1577.908447265625,328716.0
2025-02-24,M&M.NS,2025-02-24,,,,,,
2025-02-24,AUROPHARMA.NS,2025-02-24,1114.9000244140625,1127.0,1096.550048828125,1101.800048828125,1097.6796875,513334.0
2025-02-24,PVRINOX.NS,2025-02-24,1005.9500122070312,1019.5499877929688,994.1500244140624,999.0999755859376,999.0999755859376,458916.0
2025-02-24,MUTHOOTFIN.NS,2025-02-24,2200.14990234375,2211.60009765625,2147.050048828125,2188.550048828125,2162.090087890625,557806.0
2025-02-24,MPHASIS.NS,2025-02-24,2536.550048828125,2539.0,2463.050048828125,2487.89990234375,2439.1611328125,430982.0
2025-02-24,NESTLEIND.NS,2025-02-24,1099.5,1118.925048828125,1098.0250244140625,1110.199951171875,1105.5516357421875,968084.0
2025-02-24,INDUSTOWER.NS,2025-02-24,332.0,333.8999938964844,325.25,330.20001220703125,330.20001220703125,5605913.0
2025-02-24,SBICARD.NS,2025-02-24,830.0,841.25,825.2000122070312,839.25,836.75,1436630.0
2025-02-24,CESC.NS,2025-02-24,134.11000061035156,137.17999267578125,134.0,136.9499969482422,132.4999542236328,2744331.0
2025-02-24,TITAN.NS,2025-02-24,3131.0,3187.949951171875,3131.0,3173.0,3163.4794921875,431232.0
2025-02-24,CUMMINSIND.NS,2025-02-24,2800.0,2840.0,2768.050048828125,2832.699951171875,2806.228271484375,305219.0
2025-02-24,BAJFINANCE.NS,2025-02-24,832.7999877929688,839.9000244140625,831.10498046875,835.4949951171875,830.3711547851562,3552600.0
2025-02-24,MRF.NS,2025-02-24,109260.0,109500.0,108149.0,108842.0,108674.28125,4368.0
2025-02-24,ONGC.NS,2025-02-24,236.3000030517578,237.9499969482422,234.0,234.3500061035156,227.5486602783203,6883143.0
2025-02-24,GOLDBEES.NS,2025-02-24,72.87999725341797,72.87999725341797,72.12000274658203,72.5999984741211,72.5999984741211,14405974.0
2025-02-24,BHARATFORG.NS,2025-02-24,,,,,,
2025-02-24,CONCOR.NS,2025-02-24,544.0,545.5999755859375,534.6400146484375,541.0399780273438,535.3967895507812,873327.0
2025-02-24,OIL.NS,2025-02-24,,,,,,
2025-02-24,DIXON.NS,2025-02-24,13762.0,14119.9501953125,13664.150390625,14043.349609375,14037.1025390625,256048.0
2025-02-24,DRREDDY.NS,2025-02-24,1151.800048828125,1173.9000244140625,1151.0,1164.550048828125,1157.2108154296875,2017521.0
2025-02-24,APOLLOTYRE.NS,2025-02-24,408.5,408.5,399.2999877929688,401.3500061035156,397.10064697265625,1539491.0
2025-02-24,BHARTIARTL.NS,2025-02-24,1627.0,1637.550048828125,1598.0,1601.300048828125,1588.0242919921875,4673190.0
2025-02-24,LALPATHLAB.NS,2025-02-24,2592.0,2624.89990234375,2577.85009765625,2589.75,2573.647705078125,209653.0
2025-02-24,SRF.NS,2025-02-24,2772.0,2796.60009765625,2740.39990234375,2759.35009765625,2755.7392578125,366653.0
2025-02-24,TATACOMM.NS,2025-02-24,1441.6500244140625,1445.0,1415.0999755859375,1436.050048828125,1414.927978515625,741744.0
2025-02-24,CIPLA.NS,2025-02-24,1460.0,1489.0,1457.5999755859375,1476.75,1461.1416015625,1403090.0
2025-02-24,BHEL.NS,2025-02-24,192.25,194.97999572753903,190.50999450683597,191.42999267578125,191.0285797119141,10830137.0
2025-02-24,BSOFT.NS,2025-02-24,469.4500122070313,473.75,460.25,471.5,464.1869201660156,1080053.0
2025-02-24,ZENSARTECH.NS,2025-02-24,778.8499755859375,778.9000244140625,747.8499755859375,761.8499755859375,751.949951171875,2561277.0
2025-02-24,TATAELXSI.NS,2025-02-24,5960.4501953125,5960.4501953125,5782.0,5851.7998046875,5786.34326171875,151226.0
2025-02-24,GRSE.NS,2025-02-24,1290.0,1374.449951171875,1272.449951171875,1337.8499755859375,1332.2060546875,2333905.0
2025-02-24,MAZDOCK.NS,2025-02-24,2079.0,2186.199951171875,2056.449951171875,2151.050048828125,2141.98828125,4314616.0
2025-02-24,TRIDENT.NS,2025-02-24,27.799999237060547,27.84000015258789,27.299999237060547,27.40999984741211,26.996326446533203,2710588.0
2025-02-24,MANAPPURAM.NS,2025-02-24,,,,,,
2025-02-24,IRCON.NS,2025-02-24,156.0,157.3000030517578,152.97000122070312,154.91000366210938,154.01327514648438,5024103.0
2025-02-24,RVNL.NS,2025-02-24,364.9500122070313,369.3999938964844,359.1000061035156,364.1499938964844,362.256591796875,10785069.0
2025-02-24,NIFTYBEES.NS,2025-02-24,255.1999969482422,255.1999969482422,252.5,252.8699951171875,252.8699951171875,9201091.0
2025-02-25,TVSMOTOR.NS,2025-02-25,,,,,,
2025-02-25,HEROMOTOCO.NS,2025-02-25,3877.0,3883.300048828125,3817.10009765625,3828.25,3771.225830078125,661184.0
2025-02-25,LAURUSLABS.NS,2025-02-25,536.0,552.5999755859375,532.0,550.1500244140625,548.9469604492188,2927066.0
2025-02-25,SIEMENS.NS,2025-02-25,2868.07958984375,2895.43359375,2824.93505859375,2839.7568359375,2839.7568359375,490647.0
2025-02-25,HAPPSTMNDS.NS,2025-02-25,707.0999755859375,724.0999755859375,701.25,716.1500244140625,708.3803100585938,1253083.0
2025-02-25,BIOCON.NS,2025-02-25,324.04998779296875,329.0,319.6000061035156,321.20001220703125,320.7711181640625,4105011.0
2025-02-25,IDFCFIRSTB.NS,2025-02-25,59.900001525878906,60.38999938964844,58.70000076293945,58.810001373291016,58.618141174316406,16301552.0
2025-02-25,ICICIBANK.NS,2025-02-25,1226.5999755859375,1231.6500244140625,1221.0,1224.1500244140625,1214.7767333984375,11059417.0
2025-02-25,CAMS.NS,2025-02-25,3408.550048828125,3422.949951171875,3315.5,3345.14990234375,3307.731201171875,363358.0
2025-02-25,BPCL.NS,2025-02-25,251.8999938964844,252.8999938964844,247.6999969482422,248.4499969482422,239.7752685546875,4172676.0
2025-02-25,JSWSTEEL.NS,2025-02-25,967.0,973.4500122070312,957.5,958.75,956.1751708984376,1095348.0
2025-02-25,BDL.NS,2025-02-25,,,,,,
2025-02-25,ITC.NS,2025-02-25,402.0,407.0,400.5,404.8500061035156,397.5255737304688,15760891.0
2025-02-25,CDSL.NS,2025-02-25,1211.0,1221.449951171875,1196.0999755859375,1201.25,1191.534912109375,2575233.0
2025-02-25,BRITANNIA.NS,2025-02-25,4785.89990234375,4853.7001953125,4760.0,4798.0498046875,4735.984375,479647.0
2025-02-25,WIPRO.NS,2025-02-25,294.3500061035156,296.29998779296875,290.1000061035156,291.29998779296875,285.6807556152344,10810040.0
2025-02-25,TATACHEM.NS,2025-02-25,844.0,844.0,824.0,827.7000122070312,818.2194213867188,492961.0
2025-02-25,ASIANPAINT.NS,2025-02-25,2246.199951171875,2257.10009765625,2217.699951171875,2224.75,2200.9765625,947702.0
2025-02-25,EICHERMOT.NS,2025-02-25,5028.0,5075.0,4978.0498046875,4989.7998046875,4925.927734375,402917.0
2025-02-25,COFORGE.NS,2025-02-25,1516.02001953125,1543.0999755859375,1502.4599609375,1526.75,1516.1646728515625,1271640.0
2025-02-25,IIFL.NS,2025-02-25,311.3999938964844,318.1000061035156,309.5,312.5,312.5,654948.0
2025-02-25,TCS.NS,2025-02-25,3625.0,3658.0,3621.25,3629.550048828125,3572.0830078125,4101954.0
2025-02-25,HAVELLS.NS,2025-02-25,1529.25,1552.6500244140625,1510.0,1547.9000244140625,1541.970947265625,550271.0
2025-02-25,COALINDIA.NS,2025-02-25,364.0,365.3999938964844,358.70001220703125,361.1499938964844,341.8878479003906,4525493.0
2025-02-25,SHREECEM.NS,2025-02-25,28244.0,28589.0,28029.0,28197.44921875,28062.974609375,31625.0
2025-02-25,SBIN.NS,2025-02-25,718.9500122070312,718.9500122070312,710.0,710.9000244140625,696.9064331054688,8599635.0
2025-02-25,AXISBANK.NS,2025-02-25,1004.0,1013.7000122070312,997.0999755859376,1009.0999755859376,1008.23828125,5708975.0
2025-02-25,IEX.NS,2025-02-25,164.0,167.60000610351562,161.6999969482422,166.24000549316406,164.977294921875,4040595.0
2025-02-25,SUZLON.NS,2025-02-25,54.290000915527344,55.08000183105469,54.27000045776367,54.58000183105469,54.58000183105469,21791959.0
2025-02-25,AARTIIND.NS,2025-02-25,406.0,410.3999938964844,401.0499877929688,402.2000122070313,401.130615234375,911831.0
2025-02-25,PERSISTENT.NS,2025-02-25,5520.0,5670.0,5470.0,5508.10009765625,5493.28955078125,338075.0
2025-02-25,BATAINDIA.NS,2025-02-25,1336.0,1377.1500244140625,1330.550048828125,1346.050048828125,1335.8809814453125,1046583.0
2025-02-25,PIIND.NS,2025-02-25,3092.050048828125,3118.699951171875,3065.0,3084.800048828125,3077.248291015625,220228.0
2025-02-25,GODREJPROP.NS,2025-02-25,2016.0,2037.449951171875,1980.0,1987.050048828125,1987.050048828125,544517.0
2025-02-25,HINDALCO.NS,2025-02-25,636.0,638.4500122070312,617.0999755859375,619.4500122070312,614.9403686523438,10249548.0
2025-02-25,MARUTI.NS,2025-02-25,12388.75,12507.400390625,12350.0,12476.349609375,12342.7587890625,363355.0
2025-02-25,MCX.NS,2025-02-25,5541.35009765625,5620.0,5479.75,5497.5498046875,5476.63330078125,291435.0
2025-02-25,SAIL.NS,2025-02-25,108.11000061035156,109.48999786376952,105.8000030517578,106.16999816894533,104.8558120727539,18825311.0
2025-02-25,RELIANCE.NS,2025-02-25,1211.0,1221.0,1201.5,1204.0,1199.21044921875,11552182.0
2025-02-25,PAGEIND.NS,2025-02-25,41449.0,42087.94921875,41162.0,41929.55078125,41477.92578125,27459.0
2025-02-25,HDFCAMC.NS,2025-02-25,1891.5,1918.9749755859373,1870.0,1882.625,1847.9456787109373,434252.0
2025-02-25,ADANIENT.NS,2025-02-25,,,,,,
2025-02-25,ANGELONE.NS,2025-02-25,2284.39990234375,2307.64990234375,2195.5,2213.14990234375,2183.089599609375,943432.0
2025-02-25,VOLTAS.NS,2025-02-25,1280.0,1301.5999755859375,1263.5,1277.699951171875,1270.607177734375,1218753.0
2025-02-25,MARICO.NS,2025-02-25,616.25,623.75,615.8499755859375,621.7999877929688,615.6678466796875,1225342.0
2025-02-25,TATASTEEL.NS,2025-02-25,138.49000549316406,139.35000610351562,136.6999969482422,137.07000732421875,133.94630432128906,23575603.0
2025-02-25,PIDILITIND.NS,2025-02-25,1380.5,1382.5,1345.5,1348.25,1339.0604248046875,754522.0
2025-02-25,RITES.NS,2025-02-25,216.0,217.8500061035156,212.1000061035156,216.1000061035156,211.17083740234372,839583.0
2025-02-25,HCLTECH.NS,2025-02-25,1636.0,1651.949951171875,1631.25,1636.0999755859375,1592.15625,1951519.0
2025-02-25,RAYMOND.NS,2025-02-25,1398.949951171875,1417.4000244140625,1380.0,1398.300048828125,1398.300048828125,119862.0
2025-02-25,POLYCAB.NS,2025-02-25,,,,,,
2025-02-25,SUNPHARMA.NS,2025-02-25,1639.5,1647.800048828125,1606.25,1613.5999755859375,1608.3056640625,2836717.0
2025-02-25,MAXHEALTH.NS,2025-02-25,994.4000244140624,1028.0,986.0,1022.9000244140624,1021.7210083007812,2747013.0
2025-02-25,BEML.NS,2025-02-25,1315.5,1336.9749755859375,1297.5999755859375,1310.550048828125,1304.391357421875,419070.0
2025-02-25,HINDUNILVR.NS,2025-02-25,2243.0,2269.60009765625,2237.949951171875,2259.300048828125,2218.349609375,1988040.0
2025-02-25,DATAPATTNS.NS,2025-02-25,1640.3499755859375,1656.800048828125,1592.0,1608.050048828125,1603.23974609375,528027.0
2025-02-25,LUPIN.NS,2025-02-25,1915.0,1924.0999755859373,1889.0,1899.199951171875,1887.4608154296875,597879.0
2025-02-25,POONAWALLA.NS,2025-02-25,,,,,,
2025-02-25,ASHOKLEY.NS,2025-02-25,111.48999786376952,114.19499969482422,110.8550033569336,113.61499786376952,110.8889389038086,19793824.0
2025-02-25,PRESTIGE.NS,2025-02-25,1187.8499755859375,1208.949951171875,1173.6500244140625,1192.0,1190.6295166015625,592872.0
2025-02-25,TECHM.NS,2025-02-25,1608.050048828125,1614.0,1589.0,1593.949951171875,1549.1285400390625,1425126.0
2025-02-25,INFY.NS,2025-02-25,1745.1500244140625,1778.449951171875,1745.1500244140625,1767.699951171875,1716.8897705078125,5092963.0
2025-02-25,MON100.NS,2025-02-25,191.3500061035156,199.7400054931641,191.3500061035156,193.1999969482422,193.1999969482422,947003.0
2025-02-25,NAVINFLUOR.NS,2025-02-25,3915.10009765625,3959.75,3792.449951171875,3809.60009765625,3800.064208984375,163002.0
2025-02-25,RAILTEL.NS,2025-02-25,307.29998779296875,311.79998779296875,301.6499938964844,307.5,304.9013061523437,1478990.0
2025-02-25,INDIGO.NS,2025-02-25,4540.0,4558.89990234375,4415.0,4427.4501953125,4419.98095703125,547833.0
2025-02-25,HDFCBANK.NS,2025-02-25,835.5499877929688,844.0,835.5499877929688,841.1749877929688,829.9564819335938,24138708.0
2025-02-25,KOTAKBANK.NS,2025-02-25,,,,,,
2025-02-25,OBEROIRLTY.NS,2025-02-25,1591.9000244140625,1615.5,1536.050048828125,1543.3499755859375,1537.8516845703125,969576.0
2025-02-25,M&M.NS,2025-02-25,,,,,,
2025-02-25,AUROPHARMA.NS,2025-02-25,1099.9000244140625,1109.800048828125,1076.0,1081.050048828125,1077.0072021484375,856818.0
2025-02-25,PVRINOX.NS,2025-02-25,999.5999755859376,1024.25,967.0,984.4000244140624,984.4000244140624,1017054.0
2025-02-25,MUTHOOTFIN.NS,2025-02-25,2210.300048828125,2230.75,2159.25,2183.25,2156.85400390625,672944.0
2025-02-25,MPHASIS.NS,2025-02-25,2470.5,2495.25,2440.0,2452.89990234375,2404.846923828125,268308.0
2025-02-25,NESTLEIND.NS,2025-02-25,1111.2249755859375,1128.199951171875,1106.925048828125,1125.199951171875,1120.48876953125,1285668.0
2025-02-25,INDUSTOWER.NS,2025-02-25,330.5,336.95001220703125,329.6000061035156,331.6000061035156,331.6000061035156,4709750.0
2025-02-25,SBICARD.NS,2025-02-25,833.0,848.4500122070312,830.0,840.7000122070312,840.7000122070312,1018173.0
2025-02-25,CESC.NS,2025-02-25,137.00999450683594,138.0,131.35000610351562,133.25,128.92019653320312,5296481.0
2025-02-25,TITAN.NS,2025-02-25,3140.0,3211.5,3136.550048828125,3198.800048828125,3189.2021484375,642281.0
2025-02-25,CUMMINSIND.NS,2025-02-25,2832.699951171875,2846.050048828125,2770.0,2788.14990234375,2762.0947265625,379168.0
2025-02-25,BAJFINANCE.NS,2025-02-25,835.4949951171875,852.6649780273438,833.8049926757812,848.8800048828125,843.674072265625,10985410.0
2025-02-25,MRF.NS,2025-02-25,108700.0,109244.953125,107000.0,107203.953125,107038.7578125,4923.0
2025-02-25,ONGC.NS,2025-02-25,235.0,236.6999969482422,232.5500030517578,233.0,226.23782348632807,5519036.0
2025-02-25,GOLDBEES.NS,2025-02-25,73.18000030517578,73.18000030517578,72.37000274658203,72.75,72.75,13144809.0
2025-02-25,BHARATFORG.NS,2025-02-25,,,,,,
2025-02-25,CONCOR.NS,2025-02-25,540.0,544.7999877929688,537.2000122070312,540.760009765625,535.1197509765625,921503.0
2025-02-25,OIL.NS,2025-02-25,,,,,,
2025-02-25,DIXON.NS,2025-02-25,14000.0,14326.599609375,13940.0,14151.599609375,14145.3046875,192840.0
2025-02-25,DRREDDY.NS,2025-02-25,1167.1500244140625,1169.550048828125,1122.5,1128.1500244140625,1121.040283203125,6463238.0
2025-02-25,APOLLOTYRE.NS,2025-02-25,401.3500061035156,404.7000122070313,398.1000061035156,398.9500122070313,394.72607421875,2001189.0
2025-02-25,BHARTIARTL.NS,2025-02-25,1597.0,1649.1500244140625,1597.0,1641.4000244140625,1627.7918701171875,6286808.0
2025-02-25,LALPATHLAB.NS,2025-02-25,2589.75,2616.85009765625,2383.050048828125,2410.10009765625,2395.11474609375,827666.0
2025-02-25,SRF.NS,2025-02-25,2756.60009765625,2791.14990234375,2720.10009765625,2768.050048828125,2764.427734375,510161.0
2025-02-25,TATACOMM.NS,2025-02-25,1428.8499755859375,1453.199951171875,1401.199951171875,1405.449951171875,1384.7779541015625,597426.0
2025-02-25,CIPLA.NS,2025-02-25,1471.0,1482.4000244140625,1454.5999755859375,1463.3499755859375,1447.8831787109375,992994.0
2025-02-25,BHEL.NS,2025-02-25,191.6999969482422,196.41000366210935,187.6499938964844,194.6100006103516,194.2019195556641,18316744.0
2025-02-25,BSOFT.NS,2025-02-25,469.5499877929688,471.9500122070313,457.0,458.7000122070313,451.58544921875,622391.0
2025-02-25,ZENSARTECH.NS,2025-02-25,755.0,811.0,752.4000244140625,804.0499877929688,793.6016235351562,4262210.0
2025-02-25,TATAELXSI.NS,2025-02-25,5851.7998046875,5877.7001953125,5675.0,5695.64990234375,5631.93994140625,162406.0
2025-02-25,GRSE.NS,2025-02-25,1338.0,1387.699951171875,1322.9000244140625,1331.199951171875,1325.5841064453125,1219387.0
2025-02-25,MAZDOCK.NS,2025-02-25,2157.949951171875,2207.050048828125,2115.0,2123.25,2114.305419921875,3111381.0
2025-02-25,TRIDENT.NS,2025-02-25,27.399999618530277,27.68000030517578,27.100000381469727,27.13999938964844,26.73040008544922,2884835.0
2025-02-25,MANAPPURAM.NS,2025-02-25,,,,,,
2025-02-25,IRCON.NS,2025-02-25,155.0,157.49000549316406,153.11000061035156,153.83999633789062,152.949462890625,3253141.0
2025-02-25,RVNL.NS,2025-02-25,363.1499938964844,370.8999938964844,360.7000122070313,363.5,361.6099853515625,7546931.0
2025-02-25,NIFTYBEES.NS,2025-02-25,252.97999572753903,253.5800018310547,252.30999755859372,252.75,252.75,3549369.0
2025-02-27,TVSMOTOR.NS,2025-02-27,,,,,,
2025-02-27,HEROMOTOCO.NS,2025-02-27,3808.14990234375,3810.300048828125,3725.25,3759.550048828125,3703.54931640625,877741.0
2025-02-27,LAURUSLABS.NS,2025-02-27,550.0,551.5999755859375,534.5,543.0,541.8125610351562,1501153.0
2025-02-27,SIEMENS.NS,2025-02-27,2841.576416015625,2857.36669921875,2734.625244140625,2751.06103515625,2751.06103515625,641615.0
2025-02-27,HAPPSTMNDS.NS,2025-02-27,707.0,714.6500244140625,697.9000244140625,700.1500244140625,692.5538940429688,734521.0
2025-02-27,BIOCON.NS,2025-02-27,322.25,322.79998779296875,308.6499938964844,311.8500061035156,311.43359375,3877068.0
2025-02-27,IDFCFIRSTB.NS,2025-02-27,59.0,60.459999084472656,58.77000045776367,59.220001220703125,59.02680206298828,41867624.0
2025-02-27,ICICIBANK.NS,2025-02-27,1225.1500244140625,1234.8499755859375,1218.449951171875,1222.449951171875,1213.0897216796875,12008162.0
2025-02-27,CAMS.NS,2025-02-27,3358.0,3379.0,3246.5,3257.75,3221.308837890625,352465.0
2025-02-27,BPCL.NS,2025-02-27,248.4499969482422,249.3999938964844,242.1000061035156,244.75,236.20445251464844,7376510.0
2025-02-27,JSWSTEEL.NS,2025-02-27,958.75,981.0,958.7000122070312,975.0,972.3815307617188,2049890.0
2025-02-27,BDL.NS,2025-02-27,,,,,,
2025-02-27,ITC.NS,2025-02-27,404.8500061035156,406.5,399.5,401.6000061035156,394.3343505859375,19051003.0
2025-02-27,CDSL.NS,2025-02-27,1203.0,1208.699951171875,1150.25,1153.75,1144.4190673828125,3485153.0
2025-02-27,BRITANNIA.NS,2025-02-27,4798.0498046875,4860.7001953125,4766.5,4782.7998046875,4720.931640625,386556.0
2025-02-27,WIPRO.NS,2025-02-27,294.0,295.79998779296875,291.3500061035156,294.5,288.8190612792969,15555649.0
2025-02-27,TATACHEM.NS,2025-02-27,827.25,829.0,800.0,801.8499755859375,792.6654663085938,743101.0
2025-02-27,ASIANPAINT.NS,2025-02-27,2214.0,2228.39990234375,2198.0,2213.64990234375,2189.9951171875,1027196.0
2025-02-27,EICHERMOT.NS,2025-02-27,4960.5,5000.0,4889.85009765625,4935.5,4872.32275390625,561804.0
2025-02-27,COFORGE.NS,2025-02-27,1543.989990234375,1543.989990234375,1482.0899658203125,1497.800048828125,1487.4154052734375,1368470.0
2025-02-27,IIFL.NS,2025-02-27,315.0,320.70001220703125,311.8500061035156,316.8999938964844,316.8999938964844,1758622.0
2025-02-27,TCS.NS,2025-02-27,3611.699951171875,3638.0,3600.699951171875,3612.550048828125,3555.352294921875,3823856.0
2025-02-27,HAVELLS.NS,2025-02-27,1472.0,1476.0,1402.199951171875,1451.25,1445.6910400390625,6037735.0
2025-02-27,COALINDIA.NS,2025-02-27,359.0,367.7999877929688,356.1499938964844,363.8500061035156,344.4438781738281,6196610.0
2025-02-27,SHREECEM.NS,2025-02-27,28101.0,28510.0,27741.55078125,28306.400390625,28171.404296875,53283.0
2025-02-27,SBIN.NS,2025-02-27,716.0,717.7000122070312,701.0999755859375,703.9000244140625,690.0442504882812,12033139.0
2025-02-27,AXISBANK.NS,2025-02-27,1007.6500244140624,1023.5499877929688,1005.1500244140624,1016.7000122070312,1015.8318481445312,9777690.0
2025-02-27,IEX.NS,2025-02-27,165.50999450683594,165.89999389648438,153.4600067138672,156.94000244140625,155.7479248046875,9872288.0
2025-02-27,SUZLON.NS,2025-02-27,54.63999938964844,54.93999862670898,51.75,52.130001068115234,52.130001068115234,39073334.0
2025-02-27,AARTIIND.NS,2025-02-27,402.2000122070313,404.5,392.3999938964844,395.8500061035156,394.7975158691406,1108424.0
2025-02-27,PERSISTENT.NS,2025-02-27,5525.0,5550.2998046875,5400.0,5473.25,5458.533203125,354670.0
2025-02-27,BATAINDIA.NS,2025-02-27,1330.449951171875,1343.8499755859375,1247.5,1282.25,1272.5628662109375,351668.0
2025-02-27,PIIND.NS,2025-02-27,3084.800048828125,3097.949951171875,3000.0,3012.449951171875,3005.075439453125,378209.0
2025-02-27,GODREJPROP.NS,2025-02-27,1985.0,2002.0999755859373,1929.199951171875,1939.25,1939.25,875017.0
2025-02-27,HINDALCO.NS,2025-02-27,625.0999755859375,633.9000244140625,619.5,631.9500122070312,627.349365234375,7263151.0
2025-02-27,MARUTI.NS,2025-02-27,12531.7001953125,12550.0,12312.0,12380.599609375,12248.0341796875,236805.0
2025-02-27,MCX.NS,2025-02-27,5519.5,5519.89990234375,5328.0498046875,5371.9501953125,5351.51171875,470666.0
2025-02-27,SAIL.NS,2025-02-27,106.1999969482422,107.9800033569336,104.66999816894533,105.9800033569336,104.6681671142578,18631329.0
2025-02-27,RELIANCE.NS,2025-02-27,1212.800048828125,1215.0,1200.6500244140625,1207.0999755859375,1202.298095703125,11509215.0
2025-02-27,PAGEIND.NS,2025-02-27,42240.0,42240.0,41500.0,41870.1484375,41419.16015625,35641.0
2025-02-27,HDFCAMC.NS,2025-02-27,1872.550048828125,1881.425048828125,1823.25,1844.4000244140625,1810.4248046875,1480148.0
2025-02-27,ADANIENT.NS,2025-02-27,,,,,,
2025-02-27,ANGELONE.NS,2025-02-27,2213.14990234375,2234.0,2140.0,2195.800048828125,2165.975341796875,1139119.0
2025-02-27,VOLTAS.NS,2025-02-27,1285.0999755859375,1321.800048828125,1275.0,1312.6500244140625,1305.36328125,2636482.0
2025-02-27,MARICO.NS,2025-02-27,610.0,625.25,609.9500122070312,623.2999877929688,617.1530151367188,1440672.0
2025-02-27,TATASTEEL.NS,2025-02-27,137.2100067138672,138.99000549316406,135.8800048828125,138.69000244140625,135.5293731689453,30747044.0
2025-02-27,PIDILITIND.NS,2025-02-27,1349.625,1358.949951171875,1330.050048828125,1338.550048828125,1329.4266357421875,496562.0
2025-02-27,RITES.NS,2025-02-27,216.5500030517578,217.4499969482422,210.1000061035156,212.8500061035156,207.99496459960935,784377.0
2025-02-27,HCLTECH.NS,2025-02-27,1620.0,1660.0,1615.199951171875,1629.199951171875,1585.44140625,2266866.0
2025-02-27,RAYMOND.NS,2025-02-27,1393.8499755859375,1402.9000244140625,1351.0,1359.0999755859375,1359.0999755859375,108429.0
2025-02-27,POLYCAB.NS,2025-02-27,,,,,,
2025-02-27,SUNPHARMA.NS,2025-02-27,1628.949951171875,1653.0999755859375,1605.050048828125,1647.5,1642.094482421875,2744489.0
2025-02-27,MAXHEALTH.NS,2025-02-27,1027.800048828125,1037.949951171875,1008.25,1016.0999755859376,1014.9287719726562,3750612.0
2025-02-27,BEML.NS,2025-02-27,1303.5,1309.4749755859375,1276.2750244140625,1285.050048828125,1279.01123046875,397766.0
2025-02-27,HINDUNILVR.NS,2025-02-27,2269.64990234375,2269.64990234375,2233.10009765625,2244.949951171875,2204.259521484375,1699658.0
2025-02-27,DATAPATTNS.NS,2025-02-27,1613.0,1619.0,1510.0,1520.5,1515.95166015625,418407.0
2025-02-27,LUPIN.NS,2025-02-27,1900.699951171875,1916.0,1881.050048828125,1891.050048828125,1879.3612060546875,1100973.0
2025-02-27,POONAWALLA.NS,2025-02-27,,,,,,
2025-02-27,ASHOKLEY.NS,2025-02-27,113.75,113.79499816894533,111.1750030517578,112.71499633789062,110.01053619384766,14564826.0
2025-02-27,PRESTIGE.NS,2025-02-27,1178.949951171875,1179.0,1128.550048828125,1134.550048828125,1133.24560546875,1523020.0
2025-02-27,TECHM.NS,2025-02-27,1575.0,1595.699951171875,1569.9000244140625,1588.25,1543.5888671875,2208643.0
2025-02-27,INFY.NS,2025-02-27,1755.199951171875,1775.8499755859375,1751.0999755859375,1764.300048828125,1713.5875244140625,5757079.0
2025-02-27,MON100.NS,2025-02-27,194.8999938964844,196.88999938964844,190.1100006103516,195.0,195.0,863929.0
2025-02-27,NAVINFLUOR.NS,2025-02-27,3780.0,3900.0,3605.0,3773.699951171875,3764.25390625,365198.0
2025-02-27,RAILTEL.NS,2025-02-27,309.95001220703125,312.79998779296875,294.5,297.6000061035156,295.0849914550781,1820686.0
2025-02-27,INDIGO.NS,2025-02-27,4443.5,4499.0,4418.0,4443.39990234375,4435.90380859375,591554.0
2025-02-27,HDFCBANK.NS,2025-02-27,841.2750244140625,855.375,841.2750244140625,850.3499755859375,839.0091552734375,35786800.0
2025-02-27,KOTAKBANK.NS,2025-02-27,,,,,,
2025-02-27,OBEROIRLTY.NS,2025-02-27,1543.5,1546.75,1501.0,1507.75,1502.37841796875,1409398.0
2025-02-27,M&M.NS,2025-02-27,,,,,,
2025-02-27,AUROPHARMA.NS,2025-02-27,1081.6500244140625,1090.0,1065.8499755859375,1080.699951171875,1076.658447265625,884839.0
2025-02-27,PVRINOX.NS,2025-02-27,988.0,990.8499755859376,901.1500244140624,916.25,916.25,1796996.0
2025-02-27,MUTHOOTFIN.NS,2025-02-27,2217.64990234375,2255.0,2195.0,2208.64990234375,2181.94677734375,1302048.0
2025-02-27,MPHASIS.NS,2025-02-27,2445.0,2449.0,2360.0,2376.39990234375,2329.845458984375,775514.0
2025-02-27,NESTLEIND.NS,2025-02-27,1130.0999755859375,1140.9000244140625,1125.0,1139.0999755859375,1134.3306884765625,1502006.0
2025-02-27,INDUSTOWER.NS,2025-02-27,331.6499938964844,339.8999938964844,329.5,338.25,338.25,8675643.0
2025-02-27,SBICARD.NS,2025-02-27,844.9000244140625,864.75,844.0,856.75,856.75,2846707.0
2025-02-27,CESC.NS,2025-02-27,133.5,135.5500030517578,130.02000427246094,134.25,129.8876953125,6022533.0
2025-02-27,TITAN.NS,2025-02-27,3198.800048828125,3228.0,3176.949951171875,3223.10009765625,3213.429443359375,604023.0
2025-02-27,CUMMINSIND.NS,2025-02-27,2766.35009765625,2820.89990234375,2766.35009765625,2811.14990234375,2784.879638671875,496668.0
2025-02-27,BAJFINANCE.NS,2025-02-27,854.260009765625,873.9000244140625,854.260009765625,870.5399780273438,865.2012329101562,18382830.0
2025-02-27,MRF.NS,2025-02-27,107399.0,107879.8515625,105250.453125,105723.3984375,105560.484375,8469.0
2025-02-27,ONGC.NS,2025-02-27,233.5,233.8500061035156,228.5,231.0,224.2958831787109,9664032.0
2025-02-27,GOLDBEES.NS,2025-02-27,72.68000030517578,72.68000030517578,71.51000213623047,71.87999725341797,71.87999725341797,27165044.0
2025-02-27,BHARATFORG.NS,2025-02-27,,,,,,
2025-02-27,CONCOR.NS,2025-02-27,539.2000122070312,542.6400146484375,522.1599731445312,530.0399780273438,524.5115356445312,2715185.0
2025-02-27,OIL.NS,2025-02-27,,,,,,
2025-02-27,DIXON.NS,2025-02-27,14222.150390625,14240.0,13630.0,13824.2998046875,13818.150390625,239876.0
2025-02-27,DRREDDY.NS,2025-02-27,1128.5,1136.3499755859375,1115.0,1125.550048828125,1118.4566650390625,3435069.0
2025-02-27,APOLLOTYRE.NS,2025-02-27,398.9500122070313,400.2000122070313,389.0,389.9500122070313,385.82135009765625,1377674.0
2025-02-27,BHARTIARTL.NS,2025-02-27,1643.4000244140625,1656.0,1638.6500244140625,1650.4000244140625,1636.71728515625,7568745.0
2025-02-27,LALPATHLAB.NS,2025-02-27,2399.0,2434.949951171875,2302.300048828125,2358.550048828125,2343.885009765625,878602.0
2025-02-27,SRF.NS,2025-02-27,2798.0,2864.5,2795.75,2854.0,2850.26513671875,1514535.0
2025-02-27,TATACOMM.NS,2025-02-27,1406.5999755859375,1411.5999755859375,1376.9000244140625,1388.949951171875,1368.5206298828125,458204.0
2025-02-27,CIPLA.NS,2025-02-27,1452.0,1464.300048828125,1436.0,1441.1500244140625,1425.9178466796875,1260808.0
2025-02-27,BHEL.NS,2025-02-27,195.0399932861328,195.4900054931641,186.3000030517578,187.44000244140625,187.0469665527344,11545214.0
2025-02-27,BSOFT.NS,2025-02-27,460.5,462.9500122070313,445.3500061035156,449.7000122070313,442.72503662109375,1036841.0
2025-02-27,ZENSARTECH.NS,2025-02-27,804.0499877929688,812.25,781.7999877929688,797.7000122070312,787.3341064453125,1115715.0
2025-02-27,TATAELXSI.NS,2025-02-27,5695.64990234375,5721.5498046875,5513.4501953125,5563.14990234375,5500.92236328125,182977.0
2025-02-27,GRSE.NS,2025-02-27,1337.0,1346.449951171875,1290.8499755859375,1309.9000244140625,1304.3740234375,596439.0
2025-02-27,MAZDOCK.NS,2025-02-27,2131.0,2149.5,2086.0,2101.949951171875,2093.094970703125,1410640.0
2025-02-27,TRIDENT.NS,2025-02-27,27.15999984741211,27.32999992370605,26.51000022888184,26.6299991607666,26.22809791564941,3761974.0
2025-02-27,MANAPPURAM.NS,2025-02-27,,,,,,
2025-02-27,IRCON.NS,2025-02-27,153.83999633789062,154.6999969482422,148.0,148.82000732421875,147.9585418701172,4121223.0
2025-02-27,RVNL.NS,2025-02-27,363.0499877929688,364.7000122070313,347.3999938964844,350.04998779296875,348.2299194335937,5933298.0
2025-02-27,NIFTYBEES.NS,2025-02-27,253.8000030517578,253.8000030517578,252.05999755859372,252.55999755859372,252.55999755859372,3567646.0
2025-02-28,TVSMOTOR.NS,2025-02-28,,,,,,
2025-02-28,HEROMOTOCO.NS,2025-02-28,3745.60009765625,3746.949951171875,3662.14990234375,3681.10009765625,3626.267822265625,995134.0
2025-02-28,LAURUSLABS.NS,2025-02-28,537.0,537.9000244140625,522.5499877929688,527.2000122070312,526.0471801757812,2085666.0
2025-02-28,SIEMENS.NS,2025-02-28,2729.547607421875,2764.767578125,2689.044677734375,2713.9921875,2713.9921875,919544.0
2025-02-28,HAPPSTMNDS.NS,2025-02-28,700.0,724.0999755859375,677.0,686.2999877929688,678.8541259765625,3282559.0
2025-02-28,BIOCON.NS,2025-02-28,311.75,311.79998779296875,298.54998779296875,302.45001220703125,302.0461730957031,4697901.0
2025-02-28,IDFCFIRSTB.NS,2025-02-28,58.90999984741211,59.0,57.09999847412109,58.38999938964844,58.19950866699219,45236034.0
2025-02-28,ICICIBANK.NS,2025-02-28,1216.0,1225.0,1200.0999755859375,1204.0999755859375,1194.8802490234375,20215075.0
2025-02-28,CAMS.NS,2025-02-28,3206.949951171875,3227.39990234375,3126.0,3143.10009765625,3107.94140625,586964.0
2025-02-28,BPCL.NS,2025-02-28,244.0500030517578,244.0500030517578,236.1499938964844,237.3000030517578,229.01458740234372,14066882.0
2025-02-28,JSWSTEEL.NS,2025-02-28,968.0999755859376,968.5999755859376,940.5499877929688,950.7000122070312,948.1467895507812,2553800.0
2025-02-28,BDL.NS,2025-02-28,,,,,,
2025-02-28,ITC.NS,2025-02-28,399.0,402.5,392.2000122070313,395.0,387.853759765625,31954776.0
2025-02-28,CDSL.NS,2025-02-28,1135.0,1142.949951171875,1103.050048828125,1107.9000244140625,1098.93994140625,5075016.0
2025-02-28,BRITANNIA.NS,2025-02-28,4782.7998046875,4786.4501953125,4553.7998046875,4595.4501953125,4536.005859375,676501.0
2025-02-28,WIPRO.NS,2025-02-28,294.0,294.0,277.0,277.6499938964844,272.2940979003906,17458839.0
2025-02-28,TATACHEM.NS,2025-02-28,799.9000244140625,801.5999755859375,765.0,777.3499755859375,768.4461059570312,835197.0
2025-02-28,ASIANPAINT.NS,2025-02-28,2210.0,2211.35009765625,2175.800048828125,2179.75,2156.45751953125,1701193.0
2025-02-28,EICHERMOT.NS,2025-02-28,4910.0498046875,4931.9501953125,4755.0,4773.60009765625,4712.4951171875,1076243.0
2025-02-28,COFORGE.NS,2025-02-28,1479.93994140625,1490.9300537109375,1419.6300048828125,1472.4300537109375,1462.2213134765625,7373890.0
2025-02-28,IIFL.NS,2025-02-28,314.3999938964844,321.29998779296875,299.6000061035156,301.8999938964844,301.8999938964844,6341698.0
2025-02-28,TCS.NS,2025-02-28,3584.949951171875,3600.0,3457.0,3483.25,3428.099609375,7085018.0
2025-02-28,HAVELLS.NS,2025-02-28,1438.0,1463.949951171875,1403.0999755859375,1421.800048828125,1416.3538818359375,1845171.0
2025-02-28,COALINDIA.NS,2025-02-28,366.7999877929688,375.75,365.2999877929688,369.3500061035156,349.6505126953125,21899478.0
2025-02-28,SHREECEM.NS,2025-02-28,28108.349609375,28172.0,27002.19921875,27284.0,27153.880859375,71987.0
2025-02-28,SBIN.NS,2025-02-28,700.9000244140625,701.3499755859375,682.5999755859375,688.7999877929688,675.241455078125,15780609.0
2025-02-28,AXISBANK.NS,2025-02-28,1014.7999877929688,1035.5,1009.9500122070312,1015.5499877929688,1014.6828002929688,15026849.0
2025-02-28,IEX.NS,2025-02-28,156.1699981689453,162.49000549316406,154.5,155.92999267578125,154.74559020996094,17438779.0
2025-02-28,SUZLON.NS,2025-02-28,51.209999084472656,51.900001525878906,49.5099983215332,49.709999084472656,49.709999084472656,93211241.0
2025-02-28,AARTIIND.NS,2025-02-28,392.0,392.7999877929688,374.4500122070313,376.0,375.0002746582031,2310606.0
2025-02-28,PERSISTENT.NS,2025-02-28,5370.0,5472.60009765625,5149.2001953125,5303.89990234375,5289.63818359375,1607716.0
2025-02-28,BATAINDIA.NS,2025-02-28,1264.4000244140625,1267.0,1213.800048828125,1221.0999755859375,1211.8748779296875,153312.0
2025-02-28,PIIND.NS,2025-02-28,3012.449951171875,3032.0,2962.550048828125,3013.949951171875,3006.57177734375,627755.0
2025-02-28,GODREJPROP.NS,2025-02-28,1908.050048828125,1966.449951171875,1905.0999755859373,1936.300048828125,1936.300048828125,2243350.0
2025-02-28,HINDALCO.NS,2025-02-28,630.0,636.5999755859375,619.4500122070312,634.3499755859375,629.7318115234375,13041185.0
2025-02-28,MARUTI.NS,2025-02-28,12338.5,12338.5,11811.7001953125,11945.849609375,11817.939453125,605149.0
2025-02-28,MCX.NS,2025-02-28,5333.39990234375,5389.7998046875,4945.75,4991.64990234375,4972.658203125,778948.0
2025-02-28,SAIL.NS,2025-02-28,104.75,105.5,101.5999984741211,105.0199966430664,103.72003936767578,27074952.0
2025-02-28,RELIANCE.NS,2025-02-28,1202.0,1217.3499755859375,1193.300048828125,1200.0999755859375,1195.325927734375,23007298.0
2025-02-28,PAGEIND.NS,2025-02-28,41870.05078125,41870.1484375,40000.0,40515.94921875,40079.546875,44079.0
2025-02-28,HDFCAMC.NS,2025-02-28,1835.5250244140625,1838.925048828125,1800.5,1814.1500244140625,1780.7320556640625,1271818.0
2025-02-28,ADANIENT.NS,2025-02-28,,,,,,
2025-02-28,ANGELONE.NS,2025-02-28,2179.949951171875,2222.949951171875,2091.699951171875,2169.14990234375,2139.687255859375,1494315.0
2025-02-28,VOLTAS.NS,2025-02-28,1310.0,1335.550048828125,1283.0999755859375,1320.0999755859375,1312.7718505859375,8031830.0
2025-02-28,MARICO.NS,2025-02-28,620.7999877929688,624.5499877929688,598.0499877929688,600.5999755859375,594.6768798828125,2680280.0
2025-02-28,TATASTEEL.NS,2025-02-28,137.8000030517578,137.8000030517578,134.05999755859375,137.1999969482422,134.07333374023438,45540594.0
2025-02-28,PIDILITIND.NS,2025-02-28,1338.449951171875,1338.449951171875,1321.0,1328.949951171875,1319.8919677734375,990394.0
2025-02-28,RITES.NS,2025-02-28,208.4499969482422,210.3000030517578,203.1999969482422,204.5500030517578,199.88429260253903,1202983.0
2025-02-28,HCLTECH.NS,2025-02-28,1612.0,1614.949951171875,1562.449951171875,1575.050048828125,1532.7459716796875,4910121.0
2025-02-28,RAYMOND.NS,2025-02-28,1351.0,1365.199951171875,1285.050048828125,1293.3499755859375,1293.3499755859375,216614.0
2025-02-28,POLYCAB.NS,2025-02-28,,,,,,
2025-02-28,SUNPHARMA.NS,2025-02-28,1671.0,1671.0,1586.4000244140625,1593.25,1588.0224609375,3549979.0
2025-02-28,MAXHEALTH.NS,2025-02-28,1009.5999755859376,1012.0,965.0499877929688,978.0999755859376,976.9725952148438,3484870.0
2025-02-28,BEML.NS,2025-02-28,1266.25,1294.3499755859375,1223.949951171875,1227.300048828125,1221.5325927734375,568660.0
2025-02-28,HINDUNILVR.NS,2025-02-28,2245.050048828125,2249.60009765625,2185.85009765625,2190.25,2150.55126953125,3683249.0
2025-02-28,DATAPATTNS.NS,2025-02-28,1499.1500244140625,1532.6500244140625,1415.050048828125,1437.75,1433.4490966796875,876478.0
2025-02-28,LUPIN.NS,2025-02-28,1920.0,1925.0,1859.5,1904.6500244140625,1892.877197265625,1321909.0
2025-02-28,POONAWALLA.NS,2025-02-28,,,,,,
2025-02-28,ASHOKLEY.NS,2025-02-28,110.99500274658205,111.20500183105467,105.66000366210938,106.47000122070312,103.9153823852539,26693850.0
2025-02-28,PRESTIGE.NS,2025-02-28,1131.949951171875,1142.1500244140625,1083.6500244140625,1126.5999755859375,1125.3046875,1906279.0
2025-02-28,TECHM.NS,2025-02-28,1570.0,1572.9000244140625,1478.4000244140625,1487.8499755859375,1446.011962890625,4155992.0
2025-02-28,INFY.NS,2025-02-28,1755.050048828125,1755.0999755859375,1682.449951171875,1687.699951171875,1639.189208984375,12182167.0
2025-02-28,MON100.NS,2025-02-28,194.1999969482422,194.2400054931641,181.1000061035156,183.92999267578125,183.92999267578125,1918568.0
2025-02-28,NAVINFLUOR.NS,2025-02-28,3773.699951171875,3814.75,3624.75,3762.25,3752.83251953125,126348.0
2025-02-28,RAILTEL.NS,2025-02-28,291.5,294.6000061035156,275.20001220703125,281.1499938964844,278.77398681640625,2244463.0
2025-02-28,INDIGO.NS,2025-02-28,4469.89990234375,4525.0,4403.2998046875,4477.2998046875,4469.74658203125,2126278.0
2025-02-28,HDFCBANK.NS,2025-02-28,842.5,868.625,842.5,866.2000122070312,854.6477661132812,54516728.0
2025-02-28,KOTAKBANK.NS,2025-02-28,,,,,,
2025-02-28,OBEROIRLTY.NS,2025-02-28,1478.0,1507.75,1451.949951171875,1484.5,1479.2113037109375,2237962.0
2025-02-28,M&M.NS,2025-02-28,,,,,,
2025-02-28,AUROPHARMA.NS,2025-02-28,1075.9000244140625,1076.3499755859375,1053.300048828125,1058.300048828125,1054.34228515625,795117.0
2025-02-28,PVRINOX.NS,2025-02-28,907.0,981.0,866.2999877929688,903.9500122070312,903.9500122070312,734676.0
2025-02-28,MUTHOOTFIN.NS,2025-02-28,2205.10009765625,2205.10009765625,2120.25,2132.800048828125,2107.01416015625,844753.0
2025-02-28,MPHASIS.NS,2025-02-28,2340.0,2364.550048828125,2227.050048828125,2247.25,2203.2255859375,1097369.0
2025-02-28,NESTLEIND.NS,2025-02-28,1130.5,1135.0,1092.5,1094.824951171875,1090.240966796875,3687132.0
2025-02-28,INDUSTOWER.NS,2025-02-28,337.8999938964844,337.8999938964844,321.8999938964844,323.3500061035156,323.3500061035156,9209911.0
2025-02-28,SBICARD.NS,2025-02-28,856.6500244140625,856.6500244140625,827.5,838.7999877929688,838.7999877929688,2772042.0
2025-02-28,CESC.NS,2025-02-28,132.99000549316406,133.88999938964844,129.25,130.7899932861328,126.54011535644533,4520186.0
2025-02-28,TITAN.NS,2025-02-28,3202.0,3217.949951171875,3060.0,3077.25,3068.016845703125,1322618.0
2025-02-28,CUMMINSIND.NS,2025-02-28,2800.0,2805.0,2701.449951171875,2717.949951171875,2692.55078125,826862.0
2025-02-28,BAJFINANCE.NS,2025-02-28,866.5,867.0,851.0050048828125,853.030029296875,847.7987060546875,17545800.0
2025-02-28,MRF.NS,2025-02-28,105480.0,105649.75,103824.1015625,105373.703125,105211.328125,8766.0
2025-02-28,ONGC.NS,2025-02-28,230.0,230.5,223.1499938964844,225.25,218.71275329589844,17237276.0
2025-02-28,GOLDBEES.NS,2025-02-28,71.63999938964844,71.63999938964844,70.52999877929688,71.0999984741211,71.0999984741211,31520842.0
2025-02-28,BHARATFORG.NS,2025-02-28,,,,,,
2025-02-28,CONCOR.NS,2025-02-28,522.5999755859375,526.1199951171875,497.2000122070313,498.9599914550781,493.7556762695313,3432116.0
2025-02-28,OIL.NS,2025-02-28,,,,,,
2025-02-28,DIXON.NS,2025-02-28,13725.0,14090.400390625,13453.0,13935.849609375,13929.650390625,851848.0
2025-02-28,DRREDDY.NS,2025-02-28,1128.699951171875,1132.0,1104.550048828125,1116.5,1109.463623046875,3895033.0
2025-02-28,APOLLOTYRE.NS,2025-02-28,388.8999938964844,389.6499938964844,373.3500061035156,374.2999877929688,370.3370361328125,1471211.0
2025-02-28,BHARTIARTL.NS,2025-02-28,1641.949951171875,1648.449951171875,1559.5,1570.199951171875,1557.18212890625,13640211.0
2025-02-28,LALPATHLAB.NS,2025-02-28,2351.89990234375,2358.35009765625,2300.0,2310.449951171875,2296.083984375,126948.0
2025-02-28,SRF.NS,2025-02-28,2826.10009765625,2831.0,2759.050048828125,2795.39990234375,2791.74169921875,1004086.0
2025-02-28,TATACOMM.NS,2025-02-28,1367.75,1377.949951171875,1343.300048828125,1352.5,1332.6068115234375,796779.0
2025-02-28,CIPLA.NS,2025-02-28,1440.0,1448.699951171875,1400.0,1407.5,1392.62353515625,3340343.0
2025-02-28,BHEL.NS,2025-02-28,183.0,186.5200042724609,177.60000610351562,179.1699981689453,178.79429626464844,17163841.0
2025-02-28,BSOFT.NS,2025-02-28,444.7000122070313,445.8999938964844,422.6499938964844,424.0499877929688,417.4728698730469,1319352.0
2025-02-28,ZENSARTECH.NS,2025-02-28,788.5499877929688,788.5999755859375,730.7999877929688,738.4500122070312,728.8540649414062,2330271.0
2025-02-28,TATAELXSI.NS,2025-02-28,5514.10009765625,5563.0,5302.5498046875,5411.10009765625,5350.5732421875,337674.0
2025-02-28,GRSE.NS,2025-02-28,1285.0,1308.0,1246.0,1256.0,1250.701416015625,915025.0
2025-02-28,MAZDOCK.NS,2025-02-28,2070.0,2151.0,2047.9000244140625,2131.050048828125,2122.07275390625,2931250.0
2025-02-28,TRIDENT.NS,2025-02-28,26.5,26.57999992370605,25.46999931335449,25.790000915527344,25.400775909423828,5585085.0
2025-02-28,MANAPPURAM.NS,2025-02-28,,,,,,
2025-02-28,IRCON.NS,2025-02-28,145.6999969482422,148.3300018310547,140.0,141.66000366210938,140.83998107910156,6842142.0
2025-02-28,RVNL.NS,2025-02-28,343.95001220703125,350.1499938964844,328.0,332.3999938964844,330.67169189453125,12212186.0
2025-02-28,NIFTYBEES.NS,2025-02-28,252.9499969482422,252.9499969482422,248.0800018310547,248.4499969482422,248.4499969482422,19632154.0
