date,kdcode,dt,open,high,low,close,adj_close,volume
2025-01-06,TVSMOTOR.NS,2025-01-06,,,,,,
2025-01-06,HEROMOTOCO.NS,2025-01-06,4259.0,4300.0,4187.75,4202.7998046875,4038.858642578125,813031.0
2025-01-06,LAURUSLABS.NS,2025-01-06,615.2999877929688,615.9000244140625,594.0,599.5499877929688,598.2388916015625,1622012.0
2025-01-06,SIEMENS.NS,2025-01-06,3891.102294921875,3893.831787109375,3771.76513671875,3799.76513671875,3786.4287109375,489305.0
2025-01-06,HAPPSTMNDS.NS,2025-01-06,738.0999755859375,739.7999877929688,707.0,712.0999755859375,704.374267578125,328121.0
2025-01-06,BIOCON.NS,2025-01-06,369.4500122070313,372.7999877929688,356.75,358.1000061035156,357.6218566894531,1962539.0
2025-01-06,IDFCFIRSTB.NS,2025-01-06,66.01000213623047,66.19999694824219,62.29999923706055,62.61000061035156,62.40574264526367,30933757.0
2025-01-06,ICICIBANK.NS,2025-01-06,1268.050048828125,1277.75,1257.0,1264.0999755859375,1254.4207763671875,7504047.0
2025-01-06,CAMS.NS,2025-01-06,5092.4501953125,5126.9501953125,4837.9501953125,4852.60009765625,4775.39208984375,334884.0
2025-01-06,BPCL.NS,2025-01-06,296.3999938964844,297.25,284.1000061035156,284.8500061035156,269.5777893066406,7361716.0
2025-01-06,JSWSTEEL.NS,2025-01-06,915.0499877929688,919.8499755859376,897.9000244140625,900.9000244140624,898.4805908203125,1104617.0
2025-01-06,BDL.NS,2025-01-06,,,,,,
2025-01-06,ITC.NS,2025-01-06,455.6000061035156,461.75,441.25,442.6499938964844,427.8877258300781,22009958.0
2025-01-06,CDSL.NS,2025-01-06,1807.4000244140625,1816.9000244140625,1723.0,1731.25,1717.24853515625,2547576.0
2025-01-06,BRITANNIA.NS,2025-01-06,4873.5,4873.5,4773.2998046875,4791.25,4729.2724609375,619930.0
2025-01-06,WIPRO.NS,2025-01-06,295.0,297.79998779296875,290.54998779296875,294.29998779296875,282.9994812011719,9173687.0
2025-01-06,TATACHEM.NS,2025-01-06,1034.449951171875,1034.449951171875,986.0,991.25,979.8960571289062,1560552.0
2025-01-06,ASIANPAINT.NS,2025-01-06,2335.949951171875,2340.0,2256.699951171875,2267.14990234375,2242.92333984375,1190987.0
2025-01-06,EICHERMOT.NS,2025-01-06,5310.75,5350.0,5188.4501953125,5250.10009765625,5182.89599609375,419050.0
2025-01-06,COFORGE.NS,2025-01-06,1933.9300537109373,1950.4000244140625,1920.0,1926.3499755859373,1908.8385009765625,1655670.0
2025-01-06,IIFL.NS,2025-01-06,422.2000122070313,424.8500061035156,401.2999877929688,404.4500122070313,404.4500122070313,1617044.0
2025-01-06,TCS.NS,2025-01-06,4105.5,4149.64990234375,4066.39990234375,4095.0,3957.34619140625,2085593.0
2025-01-06,HAVELLS.NS,2025-01-06,1701.0,1704.699951171875,1639.1500244140625,1646.1500244140625,1635.6839599609375,442325.0
2025-01-06,COALINDIA.NS,2025-01-06,394.0499877929688,394.0499877929688,377.1499938964844,378.75,353.3345642089844,8774141.0
2025-01-06,SHREECEM.NS,2025-01-06,26121.0,26327.94921875,25780.75,25908.599609375,25738.884765625,32735.0
2025-01-06,SBIN.NS,2025-01-06,797.4000244140625,797.5999755859375,773.1500244140625,776.4000244140625,761.1171264648438,11419367.0
2025-01-06,AXISBANK.NS,2025-01-06,1087.75,1090.0,1059.9000244140625,1063.4000244140625,1062.491943359375,5283413.0
2025-01-06,IEX.NS,2025-01-06,179.5,179.82000732421875,173.0,173.6300048828125,170.83663940429688,7309023.0
2025-01-06,SUZLON.NS,2025-01-06,62.04999923706055,62.119998931884766,58.84999847412109,58.84999847412109,58.84999847412109,62445389.0
2025-01-06,AARTIIND.NS,2025-01-06,421.0,421.0,402.0,403.8500061035156,402.7762451171875,1215415.0
2025-01-06,PERSISTENT.NS,2025-01-06,6405.9501953125,6488.85009765625,6267.5,6311.14990234375,6273.39599609375,314015.0
2025-01-06,BATAINDIA.NS,2025-01-06,1466.0,1479.0,1411.0,1423.949951171875,1413.1923828125,457642.0
2025-01-06,PIIND.NS,2025-01-06,3670.0,3687.300048828125,3581.199951171875,3600.199951171875,3584.708251953125,381910.0
2025-01-06,GODREJPROP.NS,2025-01-06,2747.0,2764.699951171875,2603.60009765625,2616.10009765625,2616.10009765625,640754.0
2025-01-06,HINDALCO.NS,2025-01-06,592.5999755859375,593.8499755859375,571.5999755859375,574.0999755859375,569.9204711914062,11202314.0
2025-01-06,MARUTI.NS,2025-01-06,11929.0,11979.900390625,11690.7001953125,11755.650390625,11629.7763671875,383268.0
2025-01-06,MCX.NS,2025-01-06,6171.0,6199.85009765625,5795.14990234375,5813.35009765625,5791.23193359375,351287.0
2025-01-06,SAIL.NS,2025-01-06,114.0999984741211,114.5500030517578,110.0,110.41999816894533,109.0531997680664,17656887.0
2025-01-06,RELIANCE.NS,2025-01-06,1253.949951171875,1262.0,1215.0,1218.0,1213.15478515625,14816766.0
2025-01-06,PAGEIND.NS,2025-01-06,47941.25,48197.94921875,47586.0,47999.8984375,47316.11328125,34830.0
2025-01-06,HDFCAMC.NS,2025-01-06,2100.0,2119.22509765625,2011.0,2052.47509765625,2014.6669921875,1650778.0
2025-01-06,ADANIENT.NS,2025-01-06,,,,,,
2025-01-06,ANGELONE.NS,2025-01-06,2885.0,2990.0,2732.5,2751.85009765625,2702.932861328125,2387281.0
2025-01-06,VOLTAS.NS,2025-01-06,1826.0,1833.0999755859373,1767.75,1776.0,1766.14111328125,787457.0
2025-01-06,MARICO.NS,2025-01-06,667.0,675.0499877929688,633.1500244140625,648.3499755859375,638.5596313476562,2833965.0
2025-01-06,TATASTEEL.NS,2025-01-06,138.36000061035156,138.38999938964844,131.35000610351562,132.17999267578125,129.167724609375,44620509.0
2025-01-06,PIDILITIND.NS,2025-01-06,1466.550048828125,1473.9749755859375,1435.0,1447.375,1437.509765625,891568.0
2025-01-06,RITES.NS,2025-01-06,295.5,295.6000061035156,279.1499938964844,284.1499938964844,275.6265563964844,1943189.0
2025-01-06,HCLTECH.NS,2025-01-06,1951.25,1973.4000244140625,1930.0,1953.050048828125,1881.5052490234373,1789037.0
2025-01-06,RAYMOND.NS,2025-01-06,1776.199951171875,1780.050048828125,1685.0,1701.8499755859375,1701.8499755859375,311963.0
2025-01-06,POLYCAB.NS,2025-01-06,,,,,,
2025-01-06,SUNPHARMA.NS,2025-01-06,1850.5,1856.5,1825.6500244140625,1847.4000244140625,1830.307861328125,1397724.0
2025-01-06,MAXHEALTH.NS,2025-01-06,1181.9000244140625,1186.199951171875,1145.0,1153.199951171875,1151.8707275390625,1250365.0
2025-01-06,BEML.NS,2025-01-06,2071.0,2071.22509765625,1935.0,1948.5,1936.0443115234373,373650.0
2025-01-06,HINDUNILVR.NS,2025-01-06,2418.0,2418.949951171875,2361.64990234375,2376.199951171875,2333.130615234375,900419.0
2025-01-06,DATAPATTNS.NS,2025-01-06,2520.0,2521.0,2333.0,2344.800048828125,2337.785888671875,138821.0
2025-01-06,LUPIN.NS,2025-01-06,2370.0,2382.89990234375,2340.14990234375,2360.300048828125,2345.710693359375,845909.0
2025-01-06,POONAWALLA.NS,2025-01-06,,,,,,
2025-01-06,ASHOKLEY.NS,2025-01-06,117.0,117.06500244140624,112.65499877929688,113.08000183105467,110.36678314208984,7541810.0
2025-01-06,PRESTIGE.NS,2025-01-06,1660.050048828125,1670.0,1578.199951171875,1594.949951171875,1593.1162109375,819534.0
2025-01-06,TECHM.NS,2025-01-06,1704.75,1711.300048828125,1675.0,1686.300048828125,1638.8817138671875,945693.0
2025-01-06,INFY.NS,2025-01-06,1952.0,1973.0,1928.0,1937.8499755859373,1882.1490478515625,7164403.0
2025-01-06,MON100.NS,2025-01-06,210.6999969482422,210.7400054931641,203.1999969482422,205.0200042724609,205.0200042724609,736815.0
2025-01-06,NAVINFLUOR.NS,2025-01-06,3375.0,3384.949951171875,3319.050048828125,3346.89990234375,3338.522216796875,114664.0
2025-01-06,RAILTEL.NS,2025-01-06,424.6499938964844,424.7000122070313,393.6000061035156,395.7000122070313,392.3559875488281,2104629.0
2025-01-06,INDIGO.NS,2025-01-06,4466.0,4483.89990234375,4233.0,4266.9501953125,4259.75146484375,828533.0
2025-01-06,HDFCBANK.NS,2025-01-06,870.0499877929688,878.5999755859375,852.9000244140625,855.25,843.84375,18816348.0
2025-01-06,KOTAKBANK.NS,2025-01-06,,,,,,
2025-01-06,OBEROIRLTY.NS,2025-01-06,2270.0,2296.800048828125,2188.050048828125,2209.449951171875,2199.161865234375,504981.0
2025-01-06,M&M.NS,2025-01-06,,,,,,
2025-01-06,AUROPHARMA.NS,2025-01-06,1324.0,1325.0,1300.0999755859375,1312.800048828125,1307.8905029296875,732526.0
2025-01-06,PVRINOX.NS,2025-01-06,1309.0,1312.449951171875,1243.050048828125,1250.699951171875,1250.699951171875,739335.0
2025-01-06,MUTHOOTFIN.NS,2025-01-06,2226.10009765625,2256.5,2164.10009765625,2185.800048828125,2159.373291015625,454156.0
2025-01-06,MPHASIS.NS,2025-01-06,2960.199951171875,2960.199951171875,2875.0,2897.64990234375,2840.884033203125,421827.0
2025-01-06,NESTLEIND.NS,2025-01-06,1121.75,1122.449951171875,1085.0,1092.5,1081.003173828125,2276932.0
2025-01-06,INDUSTOWER.NS,2025-01-06,345.79998779296875,345.79998779296875,328.04998779296875,329.79998779296875,329.79998779296875,6233638.0
2025-01-06,SBICARD.NS,2025-01-06,741.0,760.9000244140625,727.8499755859375,730.5,728.3239135742188,4921422.0
2025-01-06,CESC.NS,2025-01-06,186.6000061035156,186.72000122070312,175.25999450683594,176.0800018310547,165.3833770751953,4835749.0
2025-01-06,TITAN.NS,2025-01-06,3490.0,3528.5,3441.199951171875,3470.39990234375,3459.987060546875,2145936.0
2025-01-06,CUMMINSIND.NS,2025-01-06,3237.949951171875,3239.949951171875,3151.800048828125,3176.199951171875,3126.300048828125,956388.0
2025-01-06,BAJFINANCE.NS,2025-01-06,750.0,759.989990234375,731.6749877929688,734.9349975585938,730.4279174804688,19059760.0
2025-01-06,MRF.NS,2025-01-06,126800.0,126919.25,122310.0,122869.953125,122677.265625,7675.0
2025-01-06,ONGC.NS,2025-01-06,259.1099853515625,259.5,251.4499969482422,254.3600006103516,242.15695190429688,19265884.0
2025-01-06,GOLDBEES.NS,2025-01-06,65.06999969482422,65.62999725341797,64.33999633789062,64.61000061035156,64.61000061035156,9120655.0
2025-01-06,BHARATFORG.NS,2025-01-06,,,,,,
2025-01-06,CONCOR.NS,2025-01-06,628.9199829101562,629.5599975585938,602.8800048828125,610.8800048828125,601.0379028320312,1635487.0
2025-01-06,OIL.NS,2025-01-06,,,,,,
2025-01-06,DIXON.NS,2025-01-06,18412.0,18700.0,17910.05078125,18037.25,18029.2265625,312804.0
2025-01-06,DRREDDY.NS,2025-01-06,1360.4000244140625,1361.300048828125,1333.800048828125,1350.3499755859375,1341.83984375,1539970.0
2025-01-06,APOLLOTYRE.NS,2025-01-06,511.5,513.5,497.1000061035156,500.75,495.4482421875,1029267.0
2025-01-06,BHARTIARTL.NS,2025-01-06,1596.1500244140625,1609.8499755859375,1567.0999755859375,1588.449951171875,1575.28076171875,4584188.0
2025-01-06,LALPATHLAB.NS,2025-01-06,2985.0,3077.050048828125,2950.199951171875,3000.449951171875,2975.472412109375,1301889.0
2025-01-06,SRF.NS,2025-01-06,2296.25,2300.0,2260.0,2277.449951171875,2271.687255859375,579516.0
2025-01-06,TATACOMM.NS,2025-01-06,1733.6500244140625,1748.699951171875,1682.050048828125,1691.199951171875,1666.324951171875,342429.0
2025-01-06,CIPLA.NS,2025-01-06,1500.0,1509.25,1479.5,1491.4000244140625,1475.63671875,981443.0
2025-01-06,BHEL.NS,2025-01-06,231.5,231.5,219.19000244140625,219.82000732421875,219.35906982421875,15604026.0
2025-01-06,BSOFT.NS,2025-01-06,553.0999755859375,558.4000244140625,543.75,545.25,536.7930297851562,2271252.0
2025-01-06,ZENSARTECH.NS,2025-01-06,790.25,799.75,763.3499755859375,771.7000122070312,759.808349609375,713290.0
2025-01-06,TATAELXSI.NS,2025-01-06,6690.0,6710.89990234375,6470.14990234375,6486.4501953125,6413.89453125,175457.0
2025-01-06,GRSE.NS,2025-01-06,1642.949951171875,1649.25,1522.5,1534.8499755859375,1519.398193359375,396538.0
2025-01-06,MAZDOCK.NS,2025-01-06,2235.0,2235.0,2120.0,2130.35009765625,2121.375732421875,1781399.0
2025-01-06,TRIDENT.NS,2025-01-06,34.18000030517578,34.25,32.439998626708984,32.58000183105469,32.08830261230469,6716452.0
2025-01-06,MANAPPURAM.NS,2025-01-06,,,,,,
2025-01-06,IRCON.NS,2025-01-06,216.6000061035156,216.9900054931641,203.1000061035156,204.13999938964844,200.8377227783203,4804409.0
2025-01-06,RVNL.NS,2025-01-06,434.6000061035156,434.7999877929688,408.3999938964844,410.4500122070313,408.3158874511719,4405141.0
2025-01-06,NIFTYBEES.NS,2025-01-06,268.04998779296875,269.6000061035156,263.6099853515625,264.4800109863281,264.4800109863281,8357958.0
2025-01-07,TVSMOTOR.NS,2025-01-07,,,,,,
2025-01-07,HEROMOTOCO.NS,2025-01-07,4200.10009765625,4224.85009765625,4155.2998046875,4162.0498046875,3999.698486328125,396158.0
2025-01-07,LAURUSLABS.NS,2025-01-07,603.25,619.4000244140625,601.2999877929688,612.4500122070312,611.1107177734375,1601696.0
2025-01-07,SIEMENS.NS,2025-01-07,3811.15283203125,3843.144287109375,3771.5009765625,3805.018798828125,3791.663818359375,528092.0
2025-01-07,HAPPSTMNDS.NS,2025-01-07,714.4000244140625,725.9500122070312,714.4000244140625,724.1500244140625,716.2935791015625,250079.0
2025-01-07,BIOCON.NS,2025-01-07,363.1000061035156,388.9500122070313,363.1000061035156,382.3500061035156,381.8394775390625,19915058.0
2025-01-07,IDFCFIRSTB.NS,2025-01-07,62.91999816894531,63.34000015258789,62.310001373291016,62.43999862670898,62.23629379272461,14463434.0
2025-01-07,ICICIBANK.NS,2025-01-07,1266.5,1288.949951171875,1266.5,1279.25,1269.454833984375,7539758.0
2025-01-07,CAMS.NS,2025-01-07,4868.0,4969.0,4840.39990234375,4878.7998046875,4801.1748046875,244811.0
2025-01-07,BPCL.NS,2025-01-07,287.1000061035156,290.5,280.70001220703125,282.79998779296875,267.6376647949219,8306436.0
2025-01-07,JSWSTEEL.NS,2025-01-07,901.5499877929688,913.7000122070312,899.2000122070312,911.7999877929688,909.3512573242188,688211.0
2025-01-07,BDL.NS,2025-01-07,,,,,,
2025-01-07,ITC.NS,2025-01-07,445.5,447.6000061035156,440.1499938964844,441.1000061035156,426.3894348144531,14294780.0
2025-01-07,CDSL.NS,2025-01-07,1732.0,1772.0,1726.6500244140625,1758.75,1744.5262451171875,2361921.0
2025-01-07,BRITANNIA.NS,2025-01-07,4804.9501953125,4885.7998046875,4804.9501953125,4832.25,4769.7421875,450200.0
2025-01-07,WIPRO.NS,2025-01-07,294.29998779296875,297.5,291.29998779296875,294.04998779296875,282.7590637207031,7381943.0
2025-01-07,TATACHEM.NS,2025-01-07,1001.0,1022.5,991.0,1012.2000122070312,1000.6060791015624,1311159.0
2025-01-07,ASIANPAINT.NS,2025-01-07,2272.0,2316.0,2272.0,2292.60009765625,2268.1015625,740798.0
2025-01-07,EICHERMOT.NS,2025-01-07,5250.10009765625,5292.0,5166.5,5177.2998046875,5111.02734375,439721.0
2025-01-07,COFORGE.NS,2025-01-07,1928.0,1955.5999755859373,1913.050048828125,1924.0400390625,1906.5496826171875,3033345.0
2025-01-07,IIFL.NS,2025-01-07,405.9500122070313,423.2000122070313,405.9500122070313,421.3999938964844,421.3999938964844,1124136.0
2025-01-07,TCS.NS,2025-01-07,4114.9501953125,4140.35009765625,4011.550048828125,4028.300048828125,3892.88818359375,2669054.0
2025-01-07,HAVELLS.NS,2025-01-07,1647.5,1665.9000244140625,1626.4000244140625,1636.050048828125,1625.648193359375,527750.0
2025-01-07,COALINDIA.NS,2025-01-07,380.5499877929688,384.25,376.5,379.7999877929688,354.3141174316406,6542121.0
2025-01-07,SHREECEM.NS,2025-01-07,25999.900390625,26300.0,25782.599609375,26003.900390625,25833.5625,20692.0
2025-01-07,SBIN.NS,2025-01-07,779.8499755859375,783.8499755859375,774.8499755859375,778.75,763.4208374023438,9669152.0
2025-01-07,AXISBANK.NS,2025-01-07,1064.550048828125,1070.5,1056.0,1067.5,1066.5885009765625,4619462.0
2025-01-07,IEX.NS,2025-01-07,173.97999572753906,175.1999969482422,169.05999755859375,173.72999572753906,170.93502807617188,6044285.0
2025-01-07,SUZLON.NS,2025-01-07,58.060001373291016,61.790000915527344,58.060001373291016,60.880001068115234,60.880001068115234,59115926.0
2025-01-07,AARTIIND.NS,2025-01-07,406.0,414.25,404.7999877929688,405.3500061035156,404.2722473144531,1170873.0
2025-01-07,PERSISTENT.NS,2025-01-07,6319.9501953125,6404.39990234375,6300.0,6334.2998046875,6296.40673828125,367951.0
2025-01-07,BATAINDIA.NS,2025-01-07,1424.0,1442.0,1390.0,1424.4000244140625,1413.6390380859375,85433.0
2025-01-07,PIIND.NS,2025-01-07,3623.89990234375,3635.0,3585.949951171875,3592.85009765625,3577.39013671875,417142.0
2025-01-07,GODREJPROP.NS,2025-01-07,2635.0,2676.5,2621.64990234375,2652.14990234375,2652.14990234375,310336.0
2025-01-07,HINDALCO.NS,2025-01-07,573.0499877929688,588.4000244140625,572.0499877929688,584.5,580.2447509765625,5379682.0
2025-01-07,MARUTI.NS,2025-01-07,11755.650390625,11825.9501953125,11673.7001953125,11721.2998046875,11595.7939453125,308104.0
2025-01-07,MCX.NS,2025-01-07,5826.9501953125,6056.7998046875,5736.60009765625,6025.14990234375,6002.22607421875,355119.0
2025-01-07,SAIL.NS,2025-01-07,110.41999816894533,112.25,110.41999816894533,111.47000122070312,110.0902099609375,7161545.0
2025-01-07,RELIANCE.NS,2025-01-07,1222.0,1244.5,1221.25,1240.8499755859375,1235.913818359375,10070505.0
2025-01-07,PAGEIND.NS,2025-01-07,47956.0,49254.69921875,47956.0,48813.6484375,48118.2734375,43413.0
2025-01-07,HDFCAMC.NS,2025-01-07,2045.449951171875,2064.949951171875,2031.2249755859373,2035.8499755859373,1998.3480224609373,577822.0
2025-01-07,ADANIENT.NS,2025-01-07,,,,,,
2025-01-07,ANGELONE.NS,2025-01-07,2775.0,2802.60009765625,2695.14990234375,2761.449951171875,2712.36181640625,1582035.0
2025-01-07,VOLTAS.NS,2025-01-07,1772.0,1805.0,1764.6500244140625,1779.699951171875,1769.820556640625,895288.0
2025-01-07,MARICO.NS,2025-01-07,645.2999877929688,654.75,638.6500244140625,643.5999755859375,633.8814086914062,1687921.0
2025-01-07,TATASTEEL.NS,2025-01-07,132.77999877929688,133.8800048828125,132.00999450683594,133.3800048828125,130.34039306640625,24239451.0
2025-01-07,PIDILITIND.NS,2025-01-07,1447.3499755859375,1482.199951171875,1447.3499755859375,1463.800048828125,1453.8228759765625,738948.0
2025-01-07,RITES.NS,2025-01-07,284.0,288.1499938964844,280.6499938964844,284.6499938964844,276.111572265625,1266003.0
2025-01-07,HCLTECH.NS,2025-01-07,1960.0,1981.0,1908.9000244140625,1915.9000244140625,1845.7159423828125,2494547.0
2025-01-07,RAYMOND.NS,2025-01-07,1703.949951171875,1778.0,1696.1500244140625,1751.5,1751.5,443039.0
2025-01-07,POLYCAB.NS,2025-01-07,,,,,,
2025-01-07,SUNPHARMA.NS,2025-01-07,1848.550048828125,1865.0,1845.6500244140625,1853.4000244140625,1836.25244140625,1615649.0
2025-01-07,MAXHEALTH.NS,2025-01-07,1170.0,1204.949951171875,1155.6500244140625,1198.3499755859375,1196.96875,1976892.0
2025-01-07,BEML.NS,2025-01-07,1953.75,1965.0,1905.0,1919.300048828125,1907.031005859375,404472.0
2025-01-07,HINDUNILVR.NS,2025-01-07,2377.14990234375,2402.25,2375.25,2390.800048828125,2347.46630859375,922768.0
2025-01-07,DATAPATTNS.NS,2025-01-07,2344.85009765625,2396.449951171875,2335.10009765625,2389.0,2381.853515625,82008.0
2025-01-07,LUPIN.NS,2025-01-07,2360.050048828125,2392.25,2347.5,2357.64990234375,2343.076904296875,1249557.0
2025-01-07,POONAWALLA.NS,2025-01-07,,,,,,
2025-01-07,ASHOKLEY.NS,2025-01-07,113.16000366210938,114.5999984741211,111.7750015258789,112.26000213623048,109.56645965576172,8939686.0
2025-01-07,PRESTIGE.NS,2025-01-07,1590.0,1611.699951171875,1575.0,1583.449951171875,1581.62939453125,787790.0
2025-01-07,TECHM.NS,2025-01-07,1693.0,1705.0,1661.5,1671.1500244140625,1624.15771484375,1305847.0
2025-01-07,INFY.NS,2025-01-07,1945.0,1958.550048828125,1923.6500244140625,1930.8499755859373,1875.3502197265625,4294832.0
2025-01-07,MON100.NS,2025-01-07,211.1499938964844,214.3500061035156,204.0,204.08999633789065,204.08999633789065,910157.0
2025-01-07,NAVINFLUOR.NS,2025-01-07,3350.0,3507.199951171875,3333.75,3478.300048828125,3469.59326171875,292488.0
2025-01-07,RAILTEL.NS,2025-01-07,398.0,405.0,396.4500122070313,399.7000122070313,396.3221435546875,988903.0
2025-01-07,INDIGO.NS,2025-01-07,4300.0,4356.0,4285.10009765625,4328.60009765625,4321.29736328125,584163.0
2025-01-07,HDFCBANK.NS,2025-01-07,857.5,860.5,850.0,856.7000122070312,845.2744140625,13527906.0
2025-01-07,KOTAKBANK.NS,2025-01-07,,,,,,
2025-01-07,OBEROIRLTY.NS,2025-01-07,2220.0,2287.75,2211.0,2268.39990234375,2257.837158203125,779322.0
2025-01-07,M&M.NS,2025-01-07,,,,,,
2025-01-07,AUROPHARMA.NS,2025-01-07,1314.0,1328.0,1293.8499755859375,1297.5,1292.647705078125,1332147.0
2025-01-07,PVRINOX.NS,2025-01-07,1251.949951171875,1253.8499755859375,1153.6500244140625,1222.699951171875,1222.699951171875,3168224.0
2025-01-07,MUTHOOTFIN.NS,2025-01-07,2200.0,2221.75,2184.75,2209.14990234375,2182.44091796875,315147.0
2025-01-07,MPHASIS.NS,2025-01-07,2914.5,2937.949951171875,2892.75,2926.199951171875,2868.874755859375,555628.0
2025-01-07,NESTLEIND.NS,2025-01-07,1095.0999755859375,1108.1500244140625,1089.949951171875,1106.324951171875,1094.6826171875,1191638.0
2025-01-07,INDUSTOWER.NS,2025-01-07,331.29998779296875,335.29998779296875,327.54998779296875,328.1499938964844,328.1499938964844,4495351.0
2025-01-07,SBICARD.NS,2025-01-07,730.0,741.0999755859375,724.6500244140625,732.9500122070312,730.7666625976562,957937.0
2025-01-07,CESC.NS,2025-01-07,177.97999572753906,181.52999877929688,175.64999389648438,179.22999572753906,168.34202575683594,3797828.0
2025-01-07,TITAN.NS,2025-01-07,3490.0,3576.699951171875,3485.0,3505.10009765625,3494.583251953125,2389563.0
2025-01-07,CUMMINSIND.NS,2025-01-07,3176.199951171875,3227.949951171875,3152.050048828125,3164.5,3114.783935546875,554853.0
2025-01-07,BAJFINANCE.NS,2025-01-07,735.4949951171875,744.6900024414062,730.14501953125,735.39501953125,730.8850708007812,10425380.0
2025-01-07,MRF.NS,2025-01-07,123450.0,124230.0,120700.1015625,121222.1484375,121032.0390625,8586.0
2025-01-07,ONGC.NS,2025-01-07,259.1499938964844,267.3999938964844,258.04998779296875,263.489990234375,250.8489227294922,52956766.0
2025-01-07,GOLDBEES.NS,2025-01-07,66.55000305175781,66.55000305175781,64.62000274658203,64.7699966430664,64.7699966430664,10745727.0
2025-01-07,BHARATFORG.NS,2025-01-07,,,,,,
2025-01-07,CONCOR.NS,2025-01-07,610.8800048828125,613.4400024414062,596.52001953125,603.4000244140625,593.6784057617188,2139412.0
2025-01-07,OIL.NS,2025-01-07,,,,,,
2025-01-07,DIXON.NS,2025-01-07,18142.099609375,18550.0,18100.0,18451.849609375,18443.642578125,233535.0
2025-01-07,DRREDDY.NS,2025-01-07,1352.0,1373.050048828125,1347.5,1351.550048828125,1343.0323486328125,1723188.0
2025-01-07,APOLLOTYRE.NS,2025-01-07,501.3500061035156,505.6499938964844,496.5499877929688,498.1000061035156,492.8262939453125,2127349.0
2025-01-07,BHARTIARTL.NS,2025-01-07,1594.0,1603.0,1584.050048828125,1590.8499755859375,1577.660888671875,2830856.0
2025-01-07,LALPATHLAB.NS,2025-01-07,3000.050048828125,3143.89990234375,2982.14990234375,3100.64990234375,3074.838134765625,519018.0
2025-01-07,SRF.NS,2025-01-07,2271.0,2359.89990234375,2271.0,2308.449951171875,2302.608642578125,505414.0
2025-01-07,TATACOMM.NS,2025-01-07,1690.0,1705.0,1680.0,1686.449951171875,1661.6448974609375,194557.0
2025-01-07,CIPLA.NS,2025-01-07,1490.0,1510.0,1487.949951171875,1497.449951171875,1481.6226806640625,1045516.0
2025-01-07,BHEL.NS,2025-01-07,221.0,226.27999877929688,218.6499938964844,224.82000732421875,224.3485870361328,12709847.0
2025-01-07,BSOFT.NS,2025-01-07,544.6500244140625,552.9000244140625,542.0499877929688,547.5,539.0081176757812,2135885.0
2025-01-07,ZENSARTECH.NS,2025-01-07,773.2999877929688,791.8499755859375,769.2999877929688,773.2999877929688,761.3836669921875,433144.0
2025-01-07,TATAELXSI.NS,2025-01-07,6540.0,6577.75,6422.5,6542.35009765625,6469.16943359375,208512.0
2025-01-07,GRSE.NS,2025-01-07,1534.8499755859375,1620.1500244140625,1519.1500244140625,1574.550048828125,1558.6983642578125,548553.0
2025-01-07,MAZDOCK.NS,2025-01-07,2130.35009765625,2222.0,2107.050048828125,2180.550048828125,2171.364013671875,2097861.0
2025-01-07,TRIDENT.NS,2025-01-07,32.45000076293945,33.09000015258789,32.16999816894531,32.95000076293945,32.45271682739258,6974467.0
2025-01-07,MANAPPURAM.NS,2025-01-07,,,,,,
2025-01-07,IRCON.NS,2025-01-07,204.0,208.6999969482422,203.3600006103516,207.72999572753903,204.36964416503903,2602160.0
2025-01-07,RVNL.NS,2025-01-07,411.0,418.9500122070313,411.0,416.1499938964844,413.9862365722656,2593957.0
2025-01-07,NIFTYBEES.NS,2025-01-07,266.25,266.25,263.7099914550781,265.1600036621094,265.1600036621094,3881642.0
2025-01-08,TVSMOTOR.NS,2025-01-08,,,,,,
2025-01-08,HEROMOTOCO.NS,2025-01-08,4197.0,4197.0,4100.0,4138.10009765625,3976.682861328125,438731.0
2025-01-08,LAURUSLABS.NS,2025-01-08,615.0499877929688,617.9000244140625,605.0,611.0999755859375,609.7636108398438,1248839.0
2025-01-08,SIEMENS.NS,2025-01-08,3800.263916015625,3811.827880859375,3659.70703125,3696.13037109375,3683.15771484375,915457.0
2025-01-08,HAPPSTMNDS.NS,2025-01-08,721.0499877929688,728.0999755859375,712.4500122070312,717.5999755859375,709.8145751953125,201581.0
2025-01-08,BIOCON.NS,2025-01-08,381.0,383.6499938964844,368.3999938964844,371.2000122070313,370.7043762207031,3256228.0
2025-01-08,IDFCFIRSTB.NS,2025-01-08,62.59999847412109,62.880001068115234,61.540000915527344,62.650001525878906,62.445613861083984,20249738.0
2025-01-08,ICICIBANK.NS,2025-01-08,1280.550048828125,1285.0,1252.3499755859375,1263.75,1254.073486328125,7566309.0
2025-01-08,CAMS.NS,2025-01-08,4899.89990234375,4929.25,4700.0,4707.9501953125,4633.04345703125,382806.0
2025-01-08,BPCL.NS,2025-01-08,282.79998779296875,287.8999938964844,280.5,286.79998779296875,271.4232177734375,6037032.0
2025-01-08,JSWSTEEL.NS,2025-01-08,910.0,911.9500122070312,895.1500244140625,902.2999877929688,899.8767700195312,744601.0
2025-01-08,BDL.NS,2025-01-08,,,,,,
2025-01-08,ITC.NS,2025-01-08,443.0,452.0499877929688,437.1000061035156,449.5499877929688,434.5576477050781,13482926.0
2025-01-08,CDSL.NS,2025-01-08,1760.4000244140625,1760.5999755859375,1698.0,1722.4000244140625,1708.47021484375,2695329.0
2025-01-08,BRITANNIA.NS,2025-01-08,4850.0,4871.89990234375,4760.14990234375,4859.89990234375,4797.03466796875,371105.0
2025-01-08,WIPRO.NS,2025-01-08,293.0,298.45001220703125,289.29998779296875,297.54998779296875,286.1246643066406,7937785.0
2025-01-08,TATACHEM.NS,2025-01-08,1014.2000122070312,1016.9500122070312,999.7000122070312,1003.7000122070312,992.2034912109376,1682463.0
2025-01-08,ASIANPAINT.NS,2025-01-08,2287.050048828125,2338.0,2272.699951171875,2334.35009765625,2309.405517578125,1439632.0
2025-01-08,EICHERMOT.NS,2025-01-08,5212.2001953125,5237.85009765625,5134.2998046875,5163.2001953125,5097.1083984375,343162.0
2025-01-08,COFORGE.NS,2025-01-08,1923.4100341796875,1923.4100341796875,1874.5999755859373,1911.5999755859373,1894.2227783203125,1219475.0
2025-01-08,IIFL.NS,2025-01-08,423.4500122070313,438.0,416.3500061035156,434.6000061035156,434.6000061035156,3163396.0
2025-01-08,TCS.NS,2025-01-08,4034.89990234375,4126.0,4017.75,4108.39990234375,3970.295654296875,2181277.0
2025-01-08,HAVELLS.NS,2025-01-08,1635.550048828125,1649.199951171875,1613.550048828125,1643.699951171875,1633.2493896484375,704620.0
2025-01-08,COALINDIA.NS,2025-01-08,380.0499877929688,382.0499877929688,376.0,380.3500061035156,354.82720947265625,7407778.0
2025-01-08,SHREECEM.NS,2025-01-08,26130.0,26249.94921875,25798.55078125,26027.44921875,25856.955078125,18111.0
2025-01-08,SBIN.NS,2025-01-08,780.9000244140625,783.9500122070312,760.0999755859375,771.1500244140625,755.970458984375,15641490.0
2025-01-08,AXISBANK.NS,2025-01-08,1063.75,1082.3499755859375,1059.0999755859375,1074.949951171875,1074.0321044921875,8780098.0
2025-01-08,IEX.NS,2025-01-08,173.0500030517578,174.3000030517578,170.11000061035156,173.8800048828125,171.08262634277344,4180288.0
2025-01-08,SUZLON.NS,2025-01-08,60.79999923706055,61.0,59.0,60.02999877929688,60.02999877929688,37159538.0
2025-01-08,AARTIIND.NS,2025-01-08,405.5,407.3500061035156,390.25,397.8500061035156,396.7921752929688,2674511.0
2025-01-08,PERSISTENT.NS,2025-01-08,6330.0,6333.25,6092.10009765625,6230.2001953125,6192.93017578125,454176.0
2025-01-08,BATAINDIA.NS,2025-01-08,1427.4000244140625,1432.0999755859375,1386.8499755859375,1420.75,1410.0166015625,142177.0
2025-01-08,PIIND.NS,2025-01-08,3616.199951171875,3652.85009765625,3574.300048828125,3630.449951171875,3614.828369140625,569680.0
2025-01-08,GODREJPROP.NS,2025-01-08,2652.0,2657.5,2504.949951171875,2564.25,2564.25,1138184.0
2025-01-08,HINDALCO.NS,2025-01-08,582.75,587.5999755859375,577.4500122070312,586.6500244140625,582.379150390625,4077369.0
2025-01-08,MARUTI.NS,2025-01-08,11726.0,11859.9501953125,11725.2998046875,11822.0,11695.416015625,303100.0
2025-01-08,MCX.NS,2025-01-08,6025.14990234375,6025.5498046875,5835.14990234375,5938.5,5915.90576171875,312982.0
2025-01-08,SAIL.NS,2025-01-08,111.1999969482422,111.4499969482422,109.0500030517578,109.76000213623048,108.40137481689452,15060506.0
2025-01-08,RELIANCE.NS,2025-01-08,1249.0,1271.050048828125,1245.3499755859375,1265.5,1260.4658203125,19346579.0
2025-01-08,PAGEIND.NS,2025-01-08,48667.0,48776.8984375,47111.05078125,48063.30078125,47378.6171875,39288.0
2025-01-08,HDFCAMC.NS,2025-01-08,2039.824951171875,2040.824951171875,1996.0,2031.2249755859373,1993.8082275390625,995150.0
2025-01-08,ADANIENT.NS,2025-01-08,,,,,,
2025-01-08,ANGELONE.NS,2025-01-08,2784.0,2784.85009765625,2630.050048828125,2653.64990234375,2606.478271484375,1913994.0
2025-01-08,VOLTAS.NS,2025-01-08,1774.0999755859375,1779.5,1707.300048828125,1764.449951171875,1754.6551513671875,1193905.0
2025-01-08,MARICO.NS,2025-01-08,638.0999755859375,640.3499755859375,623.25,638.4000244140625,628.7598876953125,1621163.0
2025-01-08,TATASTEEL.NS,2025-01-08,133.92999267578125,134.24000549316406,131.77000427246094,132.63999938964844,129.61724853515625,31570331.0
2025-01-08,PIDILITIND.NS,2025-01-08,1465.0,1474.375,1439.0999755859375,1454.0,1444.0897216796875,851086.0
2025-01-08,RITES.NS,2025-01-08,285.0,286.75,278.1000061035156,279.6000061035156,271.2130432128906,1364701.0
2025-01-08,HCLTECH.NS,2025-01-08,1906.300048828125,1938.5,1894.550048828125,1932.25,1861.4671630859373,2372138.0
2025-01-08,RAYMOND.NS,2025-01-08,1737.0,1739.1500244140625,1690.0,1696.6500244140625,1696.6500244140625,249437.0
2025-01-08,POLYCAB.NS,2025-01-08,,,,,,
2025-01-08,SUNPHARMA.NS,2025-01-08,1862.5999755859373,1862.5999755859373,1829.199951171875,1837.75,1820.7471923828125,1298188.0
2025-01-08,MAXHEALTH.NS,2025-01-08,1220.0999755859375,1227.949951171875,1190.050048828125,1203.199951171875,1201.8131103515625,2659177.0
2025-01-08,BEML.NS,2025-01-08,1922.5,1925.0,1858.0,1866.449951171875,1854.518798828125,382520.0
2025-01-08,HINDUNILVR.NS,2025-01-08,2391.0,2409.0,2368.0,2401.0,2357.481201171875,953351.0
2025-01-08,DATAPATTNS.NS,2025-01-08,2399.0,2443.0,2300.0,2313.35009765625,2306.429931640625,124360.0
2025-01-08,LUPIN.NS,2025-01-08,2362.699951171875,2371.14990234375,2235.0,2252.14990234375,2238.22900390625,1346484.0
2025-01-08,POONAWALLA.NS,2025-01-08,,,,,,
2025-01-08,ASHOKLEY.NS,2025-01-08,112.2300033569336,112.4000015258789,110.5500030517578,111.36499786376952,108.69292449951172,11997500.0
2025-01-08,PRESTIGE.NS,2025-01-08,1577.550048828125,1584.949951171875,1545.0999755859375,1568.5999755859375,1566.7965087890625,525611.0
2025-01-08,TECHM.NS,2025-01-08,1667.949951171875,1669.949951171875,1634.0,1663.75,1616.9658203125,673344.0
2025-01-08,INFY.NS,2025-01-08,1930.0,1938.5999755859373,1888.75,1933.1500244140625,1877.5841064453125,5482050.0
2025-01-08,MON100.NS,2025-01-08,210.1999969482422,210.1999969482422,200.1199951171875,202.41000366210935,202.41000366210935,580708.0
2025-01-08,NAVINFLUOR.NS,2025-01-08,3480.0,3518.199951171875,3427.199951171875,3493.14990234375,3484.406005859375,149010.0
2025-01-08,RAILTEL.NS,2025-01-08,401.0,417.2999877929688,396.2000122070313,409.5499877929688,406.0888977050781,3613402.0
2025-01-08,INDIGO.NS,2025-01-08,4352.2998046875,4352.2998046875,4226.9501953125,4262.14990234375,4254.95947265625,727751.0
2025-01-08,HDFCBANK.NS,2025-01-08,854.125,855.8250122070312,841.6749877929688,847.1500244140625,835.8518676757812,19738190.0
2025-01-08,KOTAKBANK.NS,2025-01-08,,,,,,
2025-01-08,OBEROIRLTY.NS,2025-01-08,2295.0,2297.800048828125,2227.550048828125,2282.39990234375,2271.77197265625,1610259.0
2025-01-08,M&M.NS,2025-01-08,,,,,,
2025-01-08,AUROPHARMA.NS,2025-01-08,1302.050048828125,1307.0,1262.0999755859375,1281.6500244140625,1276.8570556640625,635389.0
2025-01-08,PVRINOX.NS,2025-01-08,1216.5999755859375,1216.5999755859375,1166.5,1177.699951171875,1177.699951171875,962377.0
2025-01-08,MUTHOOTFIN.NS,2025-01-08,2210.0,2216.35009765625,2160.14990234375,2179.199951171875,2152.85302734375,284401.0
2025-01-08,MPHASIS.NS,2025-01-08,2919.0,2932.0,2868.050048828125,2924.85009765625,2867.55126953125,384582.0
2025-01-08,NESTLEIND.NS,2025-01-08,1111.5,1112.4749755859375,1097.2750244140625,1109.949951171875,1098.2694091796875,899000.0
2025-01-08,INDUSTOWER.NS,2025-01-08,329.79998779296875,334.0,325.20001220703125,330.3500061035156,330.3500061035156,5541381.0
2025-01-08,SBICARD.NS,2025-01-08,732.4500122070312,739.4500122070312,718.1500244140625,737.25,735.0538330078125,793910.0
2025-01-08,CESC.NS,2025-01-08,178.49000549316406,178.8000030517578,171.11000061035156,174.4199981689453,163.82421875,5181686.0
2025-01-08,TITAN.NS,2025-01-08,3487.64990234375,3514.5,3391.300048828125,3484.050048828125,3473.596435546875,1317377.0
2025-01-08,CUMMINSIND.NS,2025-01-08,3215.0,3215.0,3121.85009765625,3163.89990234375,3114.193359375,448082.0
2025-01-08,BAJFINANCE.NS,2025-01-08,736.1849975585938,738.844970703125,725.6699829101562,735.5399780273438,731.0291748046875,8444660.0
2025-01-08,MRF.NS,2025-01-08,121998.8984375,121999.8515625,119001.0,119869.296875,119681.3125,7672.0
2025-01-08,ONGC.NS,2025-01-08,266.45001220703125,273.5,265.75,271.3299865722656,258.3127746582031,42237794.0
2025-01-08,GOLDBEES.NS,2025-01-08,66.69999694824219,66.69999694824219,64.80000305175781,65.12000274658203,65.12000274658203,7078909.0
2025-01-08,BHARATFORG.NS,2025-01-08,,,,,,
2025-01-08,CONCOR.NS,2025-01-08,604.4000244140625,608.4000244140625,596.1599731445312,605.4000244140625,595.646240234375,1216712.0
2025-01-08,OIL.NS,2025-01-08,,,,,,
2025-01-08,DIXON.NS,2025-01-08,18445.0,18445.0,16855.30078125,16905.849609375,16898.330078125,856389.0
2025-01-08,DRREDDY.NS,2025-01-08,1369.5,1405.9000244140625,1358.0,1370.75,1362.111328125,3456684.0
2025-01-08,APOLLOTYRE.NS,2025-01-08,498.0,498.0,479.3999938964844,482.8999938964844,477.7872314453125,1082081.0
2025-01-08,BHARTIARTL.NS,2025-01-08,1598.75,1613.449951171875,1577.8499755859375,1599.199951171875,1585.941650390625,3674564.0
2025-01-08,LALPATHLAB.NS,2025-01-08,3100.699951171875,3111.0,2981.300048828125,2994.550048828125,2969.62158203125,152985.0
2025-01-08,SRF.NS,2025-01-08,2298.10009765625,2371.949951171875,2298.10009765625,2350.949951171875,2345.0009765625,977298.0
2025-01-08,TATACOMM.NS,2025-01-08,1686.949951171875,1734.0,1659.25,1704.699951171875,1679.62646484375,872411.0
2025-01-08,CIPLA.NS,2025-01-08,1504.9000244140625,1513.0,1487.550048828125,1494.9000244140625,1479.0997314453125,1277871.0
2025-01-08,BHEL.NS,2025-01-08,224.82000732421875,225.6699981689453,217.77999877929688,221.3699951171875,220.9058074951172,9124370.0
2025-01-08,BSOFT.NS,2025-01-08,544.5999755859375,545.9500122070312,530.2000122070312,544.0499877929688,535.6116333007812,1469371.0
2025-01-08,ZENSARTECH.NS,2025-01-08,772.5,798.5,758.2000122070312,788.9000244140625,776.7433471679688,624438.0
2025-01-08,TATAELXSI.NS,2025-01-08,6575.0,6591.85009765625,6338.0,6473.5,6401.08935546875,380865.0
2025-01-08,GRSE.NS,2025-01-08,1575.0,1580.949951171875,1535.5,1542.699951171875,1527.1690673828125,271099.0
2025-01-08,MAZDOCK.NS,2025-01-08,2185.050048828125,2200.85009765625,2138.800048828125,2155.699951171875,2146.61865234375,1430865.0
2025-01-08,TRIDENT.NS,2025-01-08,33.0099983215332,33.09000015258789,32.279998779296875,32.529998779296875,32.03905487060547,4849190.0
2025-01-08,MANAPPURAM.NS,2025-01-08,,,,,,
2025-01-08,IRCON.NS,2025-01-08,208.5,209.6000061035156,204.22000122070312,206.3300018310547,202.99229431152344,2789432.0
2025-01-08,RVNL.NS,2025-01-08,420.0,423.7000122070313,412.5499877929688,417.3999938964844,415.229736328125,2899992.0
2025-01-08,NIFTYBEES.NS,2025-01-08,265.95001220703125,266.0400085449219,262.79998779296875,264.9200134277344,264.9200134277344,5056466.0
2025-01-09,TVSMOTOR.NS,2025-01-09,,,,,,
2025-01-09,HEROMOTOCO.NS,2025-01-09,4149.35009765625,4164.39990234375,4112.35009765625,4141.25,3979.7099609375,340998.0
2025-01-09,LAURUSLABS.NS,2025-01-09,608.0,616.2999877929688,607.3499755859375,613.0499877929688,611.7093505859375,1400832.0
2025-01-09,SIEMENS.NS,2025-01-09,3696.511962890625,3766.130126953125,3643.82861328125,3663.052978515625,3650.1962890625,581738.0
2025-01-09,HAPPSTMNDS.NS,2025-01-09,717.5999755859375,722.8499755859375,705.0999755859375,708.0999755859375,700.4176635742188,138563.0
2025-01-09,BIOCON.NS,2025-01-09,371.2000122070313,376.0,369.0,370.7000122070313,370.20501708984375,1698790.0
2025-01-09,IDFCFIRSTB.NS,2025-01-09,62.33000183105469,62.91999816894531,61.90999984741211,62.369998931884766,62.16652297973633,15053111.0
2025-01-09,ICICIBANK.NS,2025-01-09,1258.0,1264.75,1248.0999755859375,1262.4000244140625,1252.73388671875,8684920.0
2025-01-09,CAMS.NS,2025-01-09,4707.0,4765.0,4651.2001953125,4662.0,4587.82421875,233968.0
2025-01-09,BPCL.NS,2025-01-09,287.0,287.8500061035156,279.04998779296875,280.0,264.9878234863281,6215902.0
2025-01-09,JSWSTEEL.NS,2025-01-09,901.0,908.9500122070312,888.7999877929688,890.9500122070312,888.5572509765625,1459142.0
2025-01-09,BDL.NS,2025-01-09,,,,,,
2025-01-09,ITC.NS,2025-01-09,449.3999938964844,460.6499938964844,446.0499877929688,450.1000061035156,435.0893249511719,19732649.0
2025-01-09,CDSL.NS,2025-01-09,1718.8499755859375,1723.5,1671.0,1673.949951171875,1660.4119873046875,1757818.0
2025-01-09,BRITANNIA.NS,2025-01-09,4860.5498046875,5050.0,4840.0498046875,4926.2998046875,4862.57568359375,832814.0
2025-01-09,WIPRO.NS,2025-01-09,297.0,298.0,291.3500061035156,292.29998779296875,281.0762634277344,7964702.0
2025-01-09,TATACHEM.NS,2025-01-09,1008.0,1027.4000244140625,998.0499877929688,1014.8499755859376,1003.2257080078124,1712582.0
2025-01-09,ASIANPAINT.NS,2025-01-09,2341.89990234375,2361.39990234375,2321.300048828125,2350.199951171875,2325.086181640625,1362304.0
2025-01-09,EICHERMOT.NS,2025-01-09,5186.2998046875,5195.85009765625,5105.0,5139.89990234375,5074.1064453125,239408.0
2025-01-09,COFORGE.NS,2025-01-09,1913.06005859375,1921.969970703125,1850.510009765625,1856.5999755859373,1839.7225341796875,1249660.0
2025-01-09,IIFL.NS,2025-01-09,433.5,436.5,424.3500061035156,429.2999877929688,429.2999877929688,1604937.0
2025-01-09,TCS.NS,2025-01-09,4101.0,4137.75,4025.300048828125,4038.85009765625,3903.083740234375,2392472.0
2025-01-09,HAVELLS.NS,2025-01-09,1643.699951171875,1648.5,1616.050048828125,1630.199951171875,1619.8353271484375,1034497.0
2025-01-09,COALINDIA.NS,2025-01-09,381.5499877929688,381.5499877929688,370.7999877929688,372.2000122070313,347.22412109375,6247612.0
2025-01-09,SHREECEM.NS,2025-01-09,26000.0,26072.0,25670.05078125,25961.80078125,25791.736328125,26639.0
2025-01-09,SBIN.NS,2025-01-09,771.1500244140625,771.3499755859375,726.25,760.4500122070312,745.4810791015625,15351029.0
2025-01-09,AXISBANK.NS,2025-01-09,1079.5999755859375,1080.1500244140625,1054.25,1061.75,1060.8433837890625,9054190.0
2025-01-09,IEX.NS,2025-01-09,174.3000030517578,178.9499969482422,172.5,173.0399932861328,170.25613403320312,5301026.0
2025-01-09,SUZLON.NS,2025-01-09,60.34000015258789,60.34999847412109,57.650001525878906,57.880001068115234,57.880001068115234,35053006.0
2025-01-09,AARTIIND.NS,2025-01-09,398.5499877929688,417.3500061035156,397.8500061035156,413.3999938964844,412.30084228515625,7735966.0
2025-01-09,PERSISTENT.NS,2025-01-09,6223.35009765625,6296.0,6142.7001953125,6179.35009765625,6142.38427734375,377541.0
2025-01-09,BATAINDIA.NS,2025-01-09,1421.0,1434.4000244140625,1405.4000244140625,1412.9000244140625,1402.225830078125,112693.0
2025-01-09,PIIND.NS,2025-01-09,3635.0,3731.25,3630.449951171875,3659.85009765625,3644.101806640625,388008.0
2025-01-09,GODREJPROP.NS,2025-01-09,2570.0,2572.5,2489.300048828125,2495.89990234375,2495.89990234375,441535.0
2025-01-09,HINDALCO.NS,2025-01-09,580.0,596.8499755859375,578.6500244140625,589.25,584.960205078125,7595188.0
2025-01-09,MARUTI.NS,2025-01-09,11822.0,11850.0,11659.650390625,11740.5498046875,11614.837890625,266413.0
2025-01-09,MCX.NS,2025-01-09,5929.0498046875,5998.7998046875,5842.0,5856.5,5834.2177734375,168723.0
2025-01-09,SAIL.NS,2025-01-09,110.0999984741211,110.62999725341795,108.0500030517578,108.26000213623048,106.9199447631836,11144353.0
2025-01-09,RELIANCE.NS,2025-01-09,1267.0,1269.75,1248.050048828125,1254.75,1249.758544921875,12794704.0
2025-01-09,PAGEIND.NS,2025-01-09,48063.30078125,48063.30078125,47145.05078125,47544.69921875,46867.40234375,10595.0
2025-01-09,HDFCAMC.NS,2025-01-09,2031.2249755859373,2039.9749755859373,1971.0,1975.199951171875,1938.8153076171875,358956.0
2025-01-09,ADANIENT.NS,2025-01-09,,,,,,
2025-01-09,ANGELONE.NS,2025-01-09,2660.0,2688.0,2612.0,2625.85009765625,2579.1728515625,1290101.0
2025-01-09,VOLTAS.NS,2025-01-09,1755.0999755859375,1761.75,1721.3499755859375,1727.9000244140625,1718.3082275390625,622759.0
2025-01-09,MARICO.NS,2025-01-09,639.0,668.9500122070312,635.8499755859375,666.9000244140625,656.82958984375,2573131.0
2025-01-09,TATASTEEL.NS,2025-01-09,132.0,132.39999389648438,129.6999969482422,129.92999267578125,126.96900177001952,31903107.0
2025-01-09,PIDILITIND.NS,2025-01-09,1456.324951171875,1484.324951171875,1453.0,1479.125,1469.04345703125,994948.0
2025-01-09,RITES.NS,2025-01-09,279.6000061035156,279.6000061035156,273.0,274.54998779296875,266.31451416015625,691039.0
2025-01-09,HCLTECH.NS,2025-01-09,1926.800048828125,1944.449951171875,1920.0,1934.800048828125,1863.9237060546875,2742139.0
2025-01-09,RAYMOND.NS,2025-01-09,1695.8499755859375,1724.949951171875,1665.0,1675.0999755859375,1675.0999755859375,237390.0
2025-01-09,POLYCAB.NS,2025-01-09,,,,,,
2025-01-09,SUNPHARMA.NS,2025-01-09,1841.0,1841.0,1814.0,1826.3499755859373,1809.45263671875,1199181.0
2025-01-09,MAXHEALTH.NS,2025-01-09,1206.949951171875,1224.449951171875,1185.4000244140625,1208.5999755859375,1207.2069091796875,1851938.0
2025-01-09,BEML.NS,2025-01-09,1859.949951171875,1907.5,1828.0,1893.300048828125,1881.197265625,690736.0
2025-01-09,HINDUNILVR.NS,2025-01-09,2405.050048828125,2473.64990234375,2386.39990234375,2435.39990234375,2391.257568359375,2425267.0
2025-01-09,DATAPATTNS.NS,2025-01-09,2310.050048828125,2354.949951171875,2300.300048828125,2310.550048828125,2303.638427734375,65431.0
2025-01-09,LUPIN.NS,2025-01-09,2279.0,2293.0,2248.10009765625,2252.85009765625,2238.925048828125,931525.0
2025-01-09,POONAWALLA.NS,2025-01-09,,,,,,
2025-01-09,ASHOKLEY.NS,2025-01-09,110.7750015258789,111.45500183105467,106.95500183105467,107.1999969482422,104.62786102294922,12998912.0
2025-01-09,PRESTIGE.NS,2025-01-09,1570.0,1571.3499755859375,1515.550048828125,1521.25,1519.5009765625,368327.0
2025-01-09,TECHM.NS,2025-01-09,1663.699951171875,1669.5,1638.199951171875,1642.800048828125,1596.60498046875,774065.0
2025-01-09,INFY.NS,2025-01-09,1934.050048828125,1951.8499755859373,1910.550048828125,1917.300048828125,1862.1898193359373,6833503.0
2025-01-09,MON100.NS,2025-01-09,207.9499969482422,207.9499969482422,200.5,201.17999267578125,201.17999267578125,572275.0
2025-01-09,NAVINFLUOR.NS,2025-01-09,3590.300048828125,4017.10009765625,3590.300048828125,3824.550048828125,3814.9765625,3487405.0
2025-01-09,RAILTEL.NS,2025-01-09,408.7000122070313,408.7000122070313,397.2999877929688,399.7999877929688,396.4212646484375,844932.0
2025-01-09,INDIGO.NS,2025-01-09,4278.0,4307.4501953125,4234.89990234375,4260.5498046875,4253.36181640625,516365.0
2025-01-09,HDFCBANK.NS,2025-01-09,842.0750122070312,844.5,829.0499877929688,833.9000244140625,822.778564453125,40420222.0
2025-01-09,KOTAKBANK.NS,2025-01-09,,,,,,
2025-01-09,OBEROIRLTY.NS,2025-01-09,2262.0,2275.39990234375,2217.949951171875,2246.39990234375,2235.939697265625,864248.0
2025-01-09,M&M.NS,2025-01-09,,,,,,
2025-01-09,AUROPHARMA.NS,2025-01-09,1277.0999755859375,1294.8499755859375,1245.0,1248.4000244140625,1243.7313232421875,872743.0
2025-01-09,PVRINOX.NS,2025-01-09,1180.0,1198.0,1158.25,1161.5999755859375,1161.5999755859375,844435.0
2025-01-09,MUTHOOTFIN.NS,2025-01-09,2180.35009765625,2248.449951171875,2129.0,2135.10009765625,2109.286376953125,238684.0
2025-01-09,MPHASIS.NS,2025-01-09,2924.10009765625,2942.949951171875,2869.300048828125,2871.949951171875,2815.6875,202661.0
2025-01-09,NESTLEIND.NS,2025-01-09,1107.7249755859375,1135.9000244140625,1102.0250244140625,1128.0250244140625,1116.1544189453125,2294636.0
2025-01-09,INDUSTOWER.NS,2025-01-09,330.3500061035156,339.29998779296875,328.6000061035156,330.79998779296875,330.79998779296875,7595457.0
2025-01-09,SBICARD.NS,2025-01-09,740.0,740.0,717.0499877929688,730.7000122070312,728.5233764648438,1008063.0
2025-01-09,CESC.NS,2025-01-09,174.0,174.39999389648438,169.3000030517578,169.88999938964844,159.56939697265625,5606219.0
2025-01-09,TITAN.NS,2025-01-09,3485.949951171875,3506.449951171875,3461.550048828125,3487.050048828125,3476.58740234375,826237.0
2025-01-09,CUMMINSIND.NS,2025-01-09,3164.10009765625,3172.699951171875,3088.39990234375,3108.5,3059.663818359375,762592.0
2025-01-09,BAJFINANCE.NS,2025-01-09,733.844970703125,735.5399780273438,723.5999755859375,727.7449951171875,723.281982421875,6681410.0
2025-01-09,MRF.NS,2025-01-09,120390.0,120749.8515625,118740.203125,118885.6484375,118699.203125,5782.0
2025-01-09,ONGC.NS,2025-01-09,272.0299987792969,272.5899963378906,261.7099914550781,263.17999267578125,250.5537872314453,14706472.0
2025-01-09,GOLDBEES.NS,2025-01-09,66.12000274658203,66.12000274658203,65.20999908447266,65.4000015258789,65.4000015258789,8565601.0
2025-01-09,BHARATFORG.NS,2025-01-09,,,,,,
2025-01-09,CONCOR.NS,2025-01-09,607.7999877929688,610.47998046875,600.239990234375,606.5599975585938,596.7875366210938,1583145.0
2025-01-09,OIL.NS,2025-01-09,,,,,,
2025-01-09,DIXON.NS,2025-01-09,16901.099609375,17200.0,16706.69921875,16852.69921875,16845.203125,607211.0
2025-01-09,DRREDDY.NS,2025-01-09,1380.0,1382.949951171875,1364.0999755859375,1371.5999755859375,1362.9559326171875,1607980.0
2025-01-09,APOLLOTYRE.NS,2025-01-09,485.0499877929688,486.1000061035156,474.0499877929688,475.6000061035156,470.56451416015625,1426100.0
2025-01-09,BHARTIARTL.NS,2025-01-09,1600.0,1620.199951171875,1592.4000244140625,1607.050048828125,1593.7266845703125,4684859.0
2025-01-09,LALPATHLAB.NS,2025-01-09,3009.5,3012.5,2964.800048828125,3004.25,2979.24072265625,96472.0
2025-01-09,SRF.NS,2025-01-09,2500.0,2697.699951171875,2480.0,2673.89990234375,2667.1337890625,10340857.0
2025-01-09,TATACOMM.NS,2025-01-09,1696.25,1745.4000244140625,1693.75,1706.800048828125,1681.6956787109375,476320.0
2025-01-09,CIPLA.NS,2025-01-09,1490.0999755859375,1499.4000244140625,1481.0,1488.199951171875,1472.470458984375,995821.0
2025-01-09,BHEL.NS,2025-01-09,223.8500061035156,223.8500061035156,215.8000030517578,216.3800048828125,215.92628479003903,9403979.0
2025-01-09,BSOFT.NS,2025-01-09,544.1500244140625,549.0,539.4500122070312,543.4500122070312,535.0209350585938,1516991.0
2025-01-09,ZENSARTECH.NS,2025-01-09,793.0,797.7000122070312,767.2000122070312,775.9000244140625,763.9436645507812,502402.0
2025-01-09,TATAELXSI.NS,2025-01-09,6525.0,6635.0,6425.0,6439.9501953125,6367.9150390625,346979.0
2025-01-09,GRSE.NS,2025-01-09,1543.0,1586.8499755859375,1520.0,1535.550048828125,1520.0911865234375,370342.0
2025-01-09,MAZDOCK.NS,2025-01-09,2150.0,2251.199951171875,2132.85009765625,2232.550048828125,2223.14501953125,2089236.0
2025-01-09,TRIDENT.NS,2025-01-09,32.630001068115234,32.7599983215332,32.06999969482422,32.18000030517578,31.694337844848636,3272589.0
2025-01-09,MANAPPURAM.NS,2025-01-09,,,,,,
2025-01-09,IRCON.NS,2025-01-09,206.3300018310547,209.8999938964844,199.1000061035156,204.3699951171875,201.06399536132807,2709569.0
2025-01-09,RVNL.NS,2025-01-09,416.0,418.8999938964844,409.0,410.2999877929688,408.1666259765625,1712306.0
2025-01-09,NIFTYBEES.NS,2025-01-09,264.75,265.5,262.8999938964844,263.1499938964844,263.1499938964844,3929443.0
2025-01-10,TVSMOTOR.NS,2025-01-10,,,,,,
2025-01-10,HEROMOTOCO.NS,2025-01-10,4145.0,4164.0,4086.39990234375,4122.2001953125,3961.403076171875,355269.0
2025-01-10,LAURUSLABS.NS,2025-01-10,613.3499755859375,614.75,581.9500122070312,583.7000122070312,582.423583984375,2159660.0
2025-01-10,SIEMENS.NS,2025-01-10,3656.947998046875,3671.447021484375,3561.325927734375,3583.514404296875,3570.93701171875,644503.0
2025-01-10,HAPPSTMNDS.NS,2025-01-10,707.5499877929688,717.0,700.3499755859375,706.6500244140625,698.9834594726562,325317.0
2025-01-10,BIOCON.NS,2025-01-10,369.9500122070313,370.5499877929688,357.95001220703125,360.9500122070313,360.4680480957031,2223573.0
2025-01-10,IDFCFIRSTB.NS,2025-01-10,62.310001373291016,62.470001220703125,60.2599983215332,60.38999938964844,60.1929817199707,19780398.0
2025-01-10,ICICIBANK.NS,2025-01-10,1259.0,1264.949951171875,1243.0999755859375,1249.8499755859375,1240.2799072265625,7854524.0
2025-01-10,CAMS.NS,2025-01-10,4660.0498046875,4695.64990234375,4503.0498046875,4522.75,4450.7900390625,268747.0
2025-01-10,BPCL.NS,2025-01-10,280.5,283.5,275.6000061035156,277.6499938964844,262.7637939453125,9073218.0
2025-01-10,JSWSTEEL.NS,2025-01-10,890.9500122070312,908.0,880.25,900.0999755859375,897.6826782226562,1614629.0
2025-01-10,BDL.NS,2025-01-10,,,,,,
2025-01-10,ITC.NS,2025-01-10,449.9500122070313,452.0,442.5,444.8999938964844,430.0626831054688,9145729.0
2025-01-10,CDSL.NS,2025-01-10,1671.6500244140625,1687.300048828125,1590.0,1594.449951171875,1581.554931640625,3222381.0
2025-01-10,BRITANNIA.NS,2025-01-10,4928.5,4958.39990234375,4881.64990234375,4939.2001953125,4875.30908203125,305669.0
2025-01-10,WIPRO.NS,2025-01-10,294.29998779296875,303.25,294.29998779296875,300.54998779296875,289.00946044921875,19505556.0
2025-01-10,TATACHEM.NS,2025-01-10,1015.5,1016.0,969.5499877929688,977.75,966.5507202148438,1867534.0
2025-01-10,ASIANPAINT.NS,2025-01-10,2335.60009765625,2348.89990234375,2316.0,2320.75,2295.95068359375,1214334.0
2025-01-10,EICHERMOT.NS,2025-01-10,5150.0,5162.7001953125,5040.0,5058.4501953125,4993.69921875,316803.0
2025-01-10,COFORGE.NS,2025-01-10,1875.0,1909.8499755859373,1853.989990234375,1880.8299560546875,1863.7322998046875,3126025.0
2025-01-10,IIFL.NS,2025-01-10,429.0,429.0,412.3500061035156,415.3500061035156,415.3500061035156,1417314.0
2025-01-10,TCS.NS,2025-01-10,4200.0,4297.0,4170.0,4265.64990234375,4122.259765625,7894300.0
2025-01-10,HAVELLS.NS,2025-01-10,1630.199951171875,1643.699951171875,1591.0,1600.25,1590.07568359375,936502.0
2025-01-10,COALINDIA.NS,2025-01-10,371.3999938964844,373.2000122070313,364.7000122070313,368.5,343.7723388671875,4893721.0
2025-01-10,SHREECEM.NS,2025-01-10,25950.0,26061.75,25550.05078125,25738.30078125,25569.701171875,29569.0
2025-01-10,SBIN.NS,2025-01-10,760.3499755859375,763.4000244140625,742.0499877929688,743.25,728.61962890625,11779296.0
2025-01-10,AXISBANK.NS,2025-01-10,1056.25,1064.8499755859375,1037.0,1040.699951171875,1039.811279296875,5612886.0
2025-01-10,IEX.NS,2025-01-10,172.5,173.42999267578125,167.89999389648438,168.19000244140625,165.48416137695312,3624984.0
2025-01-10,SUZLON.NS,2025-01-10,58.0,58.150001525878906,55.5,55.56999969482422,55.56999969482422,64397011.0
2025-01-10,AARTIIND.NS,2025-01-10,413.3999938964844,432.0,397.0499877929688,421.75,420.6286315917969,6109270.0
2025-01-10,PERSISTENT.NS,2025-01-10,6175.10009765625,6410.0,6175.10009765625,6319.64990234375,6281.8447265625,705635.0
2025-01-10,BATAINDIA.NS,2025-01-10,1412.9000244140625,1445.199951171875,1403.0,1425.9000244140625,1415.127685546875,279113.0
2025-01-10,PIIND.NS,2025-01-10,3680.0,3700.0,3601.0,3614.5,3598.947021484375,315893.0
2025-01-10,GODREJPROP.NS,2025-01-10,2504.949951171875,2520.89990234375,2381.949951171875,2386.5,2386.5,559640.0
2025-01-10,HINDALCO.NS,2025-01-10,586.0,589.25,571.5999755859375,574.4500122070312,570.2679443359375,10613705.0
2025-01-10,MARUTI.NS,2025-01-10,11690.0,11760.0,11570.0,11631.099609375,11506.5595703125,218246.0
2025-01-10,MCX.NS,2025-01-10,5852.60009765625,5864.0,5622.35009765625,5635.85009765625,5614.40771484375,267025.0
2025-01-10,SAIL.NS,2025-01-10,108.26000213623048,109.0999984741211,104.8000030517578,106.02999877929688,104.71754455566406,18718493.0
2025-01-10,RELIANCE.NS,2025-01-10,1253.8499755859375,1256.75,1236.0,1241.9000244140625,1236.959716796875,8120332.0
2025-01-10,PAGEIND.NS,2025-01-10,47499.94921875,47899.94921875,46525.0,46745.55078125,46079.63671875,12810.0
2025-01-10,HDFCAMC.NS,2025-01-10,1979.9749755859373,1989.4749755859373,1916.4749755859373,1922.4000244140625,1886.9879150390625,947064.0
2025-01-10,ADANIENT.NS,2025-01-10,,,,,,
2025-01-10,ANGELONE.NS,2025-01-10,2628.0,2644.0,2533.0,2544.050048828125,2498.826904296875,1308452.0
2025-01-10,VOLTAS.NS,2025-01-10,1720.0999755859375,1731.3499755859375,1655.0,1663.5,1654.265625,668906.0
2025-01-10,MARICO.NS,2025-01-10,669.0,679.5999755859375,664.7000122070312,673.9000244140625,663.723876953125,3578086.0
2025-01-10,TATASTEEL.NS,2025-01-10,129.92999267578125,130.38999938964844,126.6999969482422,127.43000030517578,124.52598571777344,34855510.0
2025-01-10,PIDILITIND.NS,2025-01-10,1479.125,1489.5,1449.5,1450.675048828125,1440.787353515625,391346.0
2025-01-10,RITES.NS,2025-01-10,273.0,273.79998779296875,264.70001220703125,267.1000061035156,259.0880126953125,1070707.0
2025-01-10,HCLTECH.NS,2025-01-10,1936.0,2002.3499755859373,1935.25,1995.0999755859373,1922.0146484375,4802079.0
2025-01-10,RAYMOND.NS,2025-01-10,1674.0,1678.0,1591.0,1601.050048828125,1601.050048828125,224222.0
2025-01-10,POLYCAB.NS,2025-01-10,,,,,,
2025-01-10,SUNPHARMA.NS,2025-01-10,1825.449951171875,1834.5999755859373,1772.75,1784.800048828125,1768.287109375,857827.0
2025-01-10,MAXHEALTH.NS,2025-01-10,1208.0,1212.0999755859375,1144.3499755859375,1149.9000244140625,1148.5745849609375,1033126.0
2025-01-10,BEML.NS,2025-01-10,1892.4749755859373,1892.4749755859373,1830.0,1851.0,1839.1676025390625,512266.0
2025-01-10,HINDUNILVR.NS,2025-01-10,2435.39990234375,2456.0,2413.800048828125,2442.050048828125,2397.787353515625,1651911.0
2025-01-10,DATAPATTNS.NS,2025-01-10,2300.0,2325.0,2224.800048828125,2234.199951171875,2227.5166015625,123898.0
2025-01-10,LUPIN.NS,2025-01-10,2254.0,2262.60009765625,2183.5,2191.10009765625,2177.556640625,689347.0
2025-01-10,POONAWALLA.NS,2025-01-10,,,,,,
2025-01-10,ASHOKLEY.NS,2025-01-10,107.19499969482422,107.30500030517578,103.8000030517578,105.28500366210938,102.7588119506836,16022686.0
2025-01-10,PRESTIGE.NS,2025-01-10,1532.0,1539.0,1485.6500244140625,1492.4000244140625,1490.6842041015625,557750.0
2025-01-10,TECHM.NS,2025-01-10,1653.0999755859375,1714.0,1636.300048828125,1705.5999755859375,1657.6390380859375,2208899.0
2025-01-10,INFY.NS,2025-01-10,1937.0,1977.800048828125,1932.25,1966.949951171875,1910.4124755859373,8036913.0
2025-01-10,MON100.NS,2025-01-10,207.1999969482422,207.1999969482422,197.5,197.88999938964844,197.88999938964844,654734.0
2025-01-10,NAVINFLUOR.NS,2025-01-10,3650.0,3747.199951171875,3591.10009765625,3630.949951171875,3621.861328125,784351.0
2025-01-10,RAILTEL.NS,2025-01-10,399.7000122070313,399.7000122070313,377.3500061035156,379.25,376.04498291015625,1449461.0
2025-01-10,INDIGO.NS,2025-01-10,4259.0,4299.0,4195.25,4228.7998046875,4221.66552734375,772259.0
2025-01-10,HDFCBANK.NS,2025-01-10,835.5,837.4500122070312,827.0,828.375,817.3272094726562,17453280.0
2025-01-10,KOTAKBANK.NS,2025-01-10,,,,,,
2025-01-10,OBEROIRLTY.NS,2025-01-10,2231.0,2252.0,2125.0,2128.300048828125,2118.389404296875,716902.0
2025-01-10,M&M.NS,2025-01-10,,,,,,
2025-01-10,AUROPHARMA.NS,2025-01-10,1248.4000244140625,1254.699951171875,1183.050048828125,1199.550048828125,1195.0640869140625,2358646.0
2025-01-10,PVRINOX.NS,2025-01-10,1168.0,1168.25,1125.0,1135.5,1135.5,753420.0
2025-01-10,MUTHOOTFIN.NS,2025-01-10,2137.89990234375,2150.35009765625,2099.050048828125,2136.550048828125,2110.71875,434479.0
2025-01-10,MPHASIS.NS,2025-01-10,2885.0,2956.449951171875,2885.0,2915.0,2857.894287109375,1295966.0
2025-01-10,NESTLEIND.NS,2025-01-10,1136.0250244140625,1139.0,1120.625,1123.949951171875,1112.1220703125,1619708.0
2025-01-10,INDUSTOWER.NS,2025-01-10,330.0,330.6499938964844,319.45001220703125,320.3999938964844,320.3999938964844,6603060.0
2025-01-10,SBICARD.NS,2025-01-10,725.0,733.6500244140625,718.1500244140625,722.5499877929688,720.3975830078125,1156720.0
2025-01-10,CESC.NS,2025-01-10,171.0,171.38999938964844,161.5,162.4199981689453,152.55319213867188,10421244.0
2025-01-10,TITAN.NS,2025-01-10,3462.0,3488.0,3428.75,3440.25,3429.927734375,570060.0
2025-01-10,CUMMINSIND.NS,2025-01-10,3105.0,3113.449951171875,2988.89990234375,2999.449951171875,2952.326904296875,632659.0
2025-01-10,BAJFINANCE.NS,2025-01-10,727.7449951171875,736.7050170898438,724.5050048828125,728.8049926757812,724.33544921875,8089630.0
2025-01-10,MRF.NS,2025-01-10,118330.0,119099.703125,117000.046875,117104.546875,116920.8984375,5619.0
2025-01-10,ONGC.NS,2025-01-10,264.0,266.5,258.4700012207031,263.0199890136719,250.4014892578125,13053552.0
2025-01-10,GOLDBEES.NS,2025-01-10,65.88999938964844,66.08999633789062,64.9800033569336,65.93000030517578,65.93000030517578,12772160.0
2025-01-10,BHARATFORG.NS,2025-01-10,,,,,,
2025-01-10,CONCOR.NS,2025-01-10,608.0,608.0,590.5999755859375,600.2000122070312,590.530029296875,2063566.0
2025-01-10,OIL.NS,2025-01-10,,,,,,
2025-01-10,DIXON.NS,2025-01-10,16849.0,17155.0,16611.0,16709.19921875,16701.765625,376805.0
2025-01-10,DRREDDY.NS,2025-01-10,1366.0999755859375,1386.0,1352.5999755859375,1354.4000244140625,1345.8643798828125,1582776.0
2025-01-10,APOLLOTYRE.NS,2025-01-10,475.5499877929688,476.9500122070313,458.5,462.0,457.1085205078125,3414061.0
2025-01-10,BHARTIARTL.NS,2025-01-10,1608.0,1625.0,1591.800048828125,1615.9000244140625,1602.5032958984375,4145892.0
2025-01-10,LALPATHLAB.NS,2025-01-10,3003.449951171875,3003.449951171875,2908.64990234375,2928.14990234375,2903.7744140625,153991.0
2025-01-10,SRF.NS,2025-01-10,2527.050048828125,2620.39990234375,2512.39990234375,2601.10009765625,2594.518310546875,2152573.0
2025-01-10,TATACOMM.NS,2025-01-10,1708.199951171875,1730.8499755859375,1671.0999755859375,1718.9000244140625,1693.61767578125,370084.0
2025-01-10,CIPLA.NS,2025-01-10,1483.0999755859375,1497.699951171875,1465.1500244140625,1468.800048828125,1453.275634765625,930723.0
2025-01-10,BHEL.NS,2025-01-10,216.3800048828125,216.6499938964844,203.1100006103516,204.4900054931641,204.06121826171875,20791872.0
2025-01-10,BSOFT.NS,2025-01-10,542.0,556.7000122070312,541.0499877929688,551.3499755859375,542.7984008789062,2483031.0
2025-01-10,ZENSARTECH.NS,2025-01-10,775.0,789.5999755859375,769.1500244140625,779.8499755859375,767.832763671875,742716.0
2025-01-10,TATAELXSI.NS,2025-01-10,5950.0,6200.0,5921.0,6000.60009765625,5933.47900390625,1431569.0
2025-01-10,GRSE.NS,2025-01-10,1532.050048828125,1532.050048828125,1465.0,1472.0999755859375,1457.27978515625,412641.0
2025-01-10,MAZDOCK.NS,2025-01-10,2225.0,2254.0,2167.300048828125,2223.14990234375,2213.784423828125,1622550.0
2025-01-10,TRIDENT.NS,2025-01-10,32.209999084472656,32.29999923706055,31.13999938964844,31.43000030517578,30.955656051635746,5937411.0
2025-01-10,MANAPPURAM.NS,2025-01-10,,,,,,
2025-01-10,IRCON.NS,2025-01-10,202.02999877929688,203.0,191.1000061035156,192.2400054931641,189.13021850585935,5549670.0
2025-01-10,RVNL.NS,2025-01-10,405.0,407.5,391.0,393.2999877929688,391.2550354003906,4129451.0
2025-01-10,NIFTYBEES.NS,2025-01-10,263.25,263.8699951171875,261.1499938964844,262.2200012207031,262.2200012207031,4496919.0
2025-01-13,TVSMOTOR.NS,2025-01-13,,,,,,
2025-01-13,HEROMOTOCO.NS,2025-01-13,4100.0,4121.9501953125,3997.5,4043.64990234375,3885.9169921875,801718.0
2025-01-13,LAURUSLABS.NS,2025-01-13,577.0499877929688,586.0,555.9000244140625,559.0499877929688,557.8274536132812,1893300.0
2025-01-13,SIEMENS.NS,2025-01-13,3568.399169921875,3568.634033203125,3392.85693359375,3406.5341796875,3394.577880859375,562484.0
2025-01-13,HAPPSTMNDS.NS,2025-01-13,702.9000244140625,734.9000244140625,700.0,718.5,710.704833984375,1800365.0
2025-01-13,BIOCON.NS,2025-01-13,371.0,377.5,360.4500122070313,365.2000122070313,364.7123718261719,23779837.0
2025-01-13,IDFCFIRSTB.NS,2025-01-13,60.369998931884766,60.65999984741211,59.04999923706055,59.33000183105469,59.13644409179688,26818363.0
2025-01-13,ICICIBANK.NS,2025-01-13,1234.9000244140625,1243.949951171875,1224.9000244140625,1229.75,1220.3338623046875,9669336.0
2025-01-13,CAMS.NS,2025-01-13,4464.0,4519.4501953125,4242.0,4281.85009765625,4213.72265625,452427.0
2025-01-13,BPCL.NS,2025-01-13,271.25,274.70001220703125,264.25,265.29998779296875,251.07595825195312,10488655.0
2025-01-13,JSWSTEEL.NS,2025-01-13,895.9500122070312,898.7000122070312,880.0,883.75,881.3765869140625,1416585.0
2025-01-13,BDL.NS,2025-01-13,,,,,,
2025-01-13,ITC.NS,2025-01-13,435.0,444.0,435.0,439.0499877929688,424.4078063964844,17799607.0
2025-01-13,CDSL.NS,2025-01-13,1574.8499755859375,1598.0,1516.75,1529.25,1516.8822021484375,3421640.0
2025-01-13,BRITANNIA.NS,2025-01-13,4922.2001953125,4997.89990234375,4906.0,4927.0498046875,4863.31591796875,448698.0
2025-01-13,WIPRO.NS,2025-01-13,298.95001220703125,299.25,290.25,291.8500061035156,280.6435546875,9541248.0
2025-01-13,TATACHEM.NS,2025-01-13,965.0499877929688,972.2999877929688,947.0499877929688,949.5999755859376,938.7230834960938,1131747.0
2025-01-13,ASIANPAINT.NS,2025-01-13,2291.75,2301.89990234375,2246.39990234375,2252.64990234375,2228.578369140625,1181928.0
2025-01-13,EICHERMOT.NS,2025-01-13,5010.0,5024.2001953125,4925.60009765625,4939.10009765625,4875.876953125,213093.0
2025-01-13,COFORGE.NS,2025-01-13,1864.699951171875,1864.699951171875,1733.5899658203125,1741.1099853515625,1725.282470703125,4296765.0
2025-01-13,IIFL.NS,2025-01-13,418.7999877929688,418.7999877929688,390.2999877929688,392.6000061035156,392.6000061035156,1864788.0
2025-01-13,TCS.NS,2025-01-13,4245.0,4322.9501953125,4227.39990234375,4291.10009765625,4146.85400390625,4003771.0
2025-01-13,HAVELLS.NS,2025-01-13,1580.199951171875,1588.949951171875,1521.25,1532.050048828125,1522.3094482421875,1242457.0
2025-01-13,COALINDIA.NS,2025-01-13,366.1000061035156,370.3999938964844,361.25,362.8999938964844,338.5481262207031,8661589.0
2025-01-13,SHREECEM.NS,2025-01-13,25427.599609375,25499.900390625,24817.80078125,24874.5,24711.560546875,39339.0
2025-01-13,SBIN.NS,2025-01-13,741.5,743.9500122070312,722.5,729.5,715.1403198242188,10414733.0
2025-01-13,AXISBANK.NS,2025-01-13,1026.5999755859375,1063.0,1023.25,1049.300048828125,1048.404052734375,7180930.0
2025-01-13,IEX.NS,2025-01-13,165.0,167.60000610351562,159.80999755859375,160.8699951171875,158.28192138671875,4566001.0
2025-01-13,SUZLON.NS,2025-01-13,54.5,57.0,53.97999954223633,54.45000076293945,54.45000076293945,92083914.0
2025-01-13,AARTIIND.NS,2025-01-13,415.0,434.8500061035156,407.5499877929688,409.4500122070313,408.3613586425781,5697469.0
2025-01-13,PERSISTENT.NS,2025-01-13,6289.25,6306.64990234375,5985.10009765625,6003.39990234375,5967.486328125,540037.0
2025-01-13,BATAINDIA.NS,2025-01-13,1420.0,1420.0,1359.0,1364.050048828125,1353.7449951171875,200946.0
2025-01-13,PIIND.NS,2025-01-13,3602.0,3610.0,3395.0,3400.300048828125,3385.668701171875,376760.0
2025-01-13,GODREJPROP.NS,2025-01-13,2359.0,2373.5,2240.050048828125,2248.89990234375,2248.89990234375,1116026.0
2025-01-13,HINDALCO.NS,2025-01-13,571.5999755859375,573.9500122070312,562.0,563.75,559.6458129882812,7689295.0
2025-01-13,MARUTI.NS,2025-01-13,11468.5,11654.4501953125,11468.0,11497.7001953125,11374.5888671875,253524.0
2025-01-13,MCX.NS,2025-01-13,5501.0498046875,5689.0,5496.7998046875,5566.60009765625,5545.4208984375,552543.0
2025-01-13,SAIL.NS,2025-01-13,104.9000015258789,105.5,99.66000366210938,100.08999633789062,98.85106658935548,21293325.0
2025-01-13,RELIANCE.NS,2025-01-13,1230.0,1245.25,1226.4000244140625,1239.8499755859375,1234.9178466796875,13764861.0
2025-01-13,PAGEIND.NS,2025-01-13,46600.0,46729.3515625,45579.3515625,45911.6015625,45257.5703125,27472.0
2025-01-13,HDFCAMC.NS,2025-01-13,1900.0,1952.4749755859373,1896.0999755859373,1917.2750244140625,1881.9573974609373,796840.0
2025-01-13,ADANIENT.NS,2025-01-13,,,,,,
2025-01-13,ANGELONE.NS,2025-01-13,2510.0,2555.699951171875,2392.0,2446.550048828125,2403.059814453125,2431897.0
2025-01-13,VOLTAS.NS,2025-01-13,1645.0,1654.0,1577.1500244140625,1591.9000244140625,1583.0631103515625,871019.0
2025-01-13,MARICO.NS,2025-01-13,671.0,675.25,663.3499755859375,668.4000244140625,658.3069458007812,3161422.0
2025-01-13,TATASTEEL.NS,2025-01-13,126.0,126.5,122.62000274658205,122.93000030517578,120.12853240966795,38968332.0
2025-01-13,PIDILITIND.NS,2025-01-13,1432.5,1439.5,1395.5,1398.3499755859375,1388.8189697265625,745352.0
2025-01-13,RITES.NS,2025-01-13,264.8999938964844,273.25,254.25,257.70001220703125,249.969970703125,1617500.0
2025-01-13,HCLTECH.NS,2025-01-13,1994.9000244140625,2012.199951171875,1965.4000244140625,1989.4000244140625,1916.5235595703125,5694121.0
2025-01-13,RAYMOND.NS,2025-01-13,1594.050048828125,1595.0,1505.300048828125,1517.0999755859375,1517.0999755859375,306482.0
2025-01-13,POLYCAB.NS,2025-01-13,,,,,,
2025-01-13,SUNPHARMA.NS,2025-01-13,1784.5999755859375,1785.550048828125,1742.449951171875,1746.9000244140625,1730.7376708984375,1645287.0
2025-01-13,MAXHEALTH.NS,2025-01-13,1122.300048828125,1127.449951171875,1069.25,1082.449951171875,1081.2022705078125,2265175.0
2025-01-13,BEML.NS,2025-01-13,1827.5,1834.9749755859373,1778.875,1799.574951171875,1788.0712890625,539018.0
2025-01-13,HINDUNILVR.NS,2025-01-13,2417.050048828125,2460.5,2409.050048828125,2451.0,2406.5751953125,2595013.0
2025-01-13,DATAPATTNS.NS,2025-01-13,2190.0,2218.949951171875,2056.699951171875,2089.0,2082.7509765625,209284.0
2025-01-13,LUPIN.NS,2025-01-13,2159.0,2192.949951171875,2138.64990234375,2154.449951171875,2141.133056640625,746277.0
2025-01-13,POONAWALLA.NS,2025-01-13,,,,,,
2025-01-13,ASHOKLEY.NS,2025-01-13,103.98500061035156,104.49500274658205,100.94499969482422,101.2249984741211,98.79622650146484,12312576.0
2025-01-13,PRESTIGE.NS,2025-01-13,1450.0999755859375,1470.0,1408.0999755859375,1426.6500244140625,1425.009765625,1025557.0
2025-01-13,TECHM.NS,2025-01-13,1698.050048828125,1701.0,1649.9000244140625,1659.6500244140625,1612.9810791015625,1401093.0
2025-01-13,INFY.NS,2025-01-13,1956.0,1982.800048828125,1949.0,1962.199951171875,1905.799072265625,5804152.0
2025-01-13,MON100.NS,2025-01-13,202.88999938964844,202.88999938964844,187.0200042724609,189.5500030517578,189.5500030517578,1298649.0
2025-01-13,NAVINFLUOR.NS,2025-01-13,3624.89990234375,3673.89990234375,3580.64990234375,3617.85009765625,3608.794189453125,654796.0
2025-01-13,RAILTEL.NS,2025-01-13,374.8999938964844,389.7000122070313,353.20001220703125,359.79998779296875,356.7593078613281,2786746.0
2025-01-13,INDIGO.NS,2025-01-13,4100.0,4129.9501953125,3952.0,4001.39990234375,3994.6494140625,2144483.0
2025-01-13,HDFCBANK.NS,2025-01-13,820.0,823.375,812.1500244140625,815.4249877929688,804.5499267578125,21669066.0
2025-01-13,KOTAKBANK.NS,2025-01-13,,,,,,
2025-01-13,OBEROIRLTY.NS,2025-01-13,2123.39990234375,2124.0,2000.050048828125,2013.3499755859373,2003.974853515625,707321.0
2025-01-13,M&M.NS,2025-01-13,,,,,,
2025-01-13,AUROPHARMA.NS,2025-01-13,1191.6500244140625,1191.6500244140625,1152.449951171875,1161.4000244140625,1157.0567626953125,2921597.0
2025-01-13,PVRINOX.NS,2025-01-13,1135.5999755859375,1135.9000244140625,1073.1500244140625,1077.949951171875,1077.949951171875,807130.0
2025-01-13,MUTHOOTFIN.NS,2025-01-13,2136.550048828125,2136.550048828125,2087.300048828125,2096.5,2071.15283203125,473794.0
2025-01-13,MPHASIS.NS,2025-01-13,2885.0,2897.89990234375,2768.050048828125,2777.5,2723.087890625,327553.0
2025-01-13,NESTLEIND.NS,2025-01-13,1122.5,1130.574951171875,1110.7750244140625,1118.675048828125,1106.9027099609375,1609062.0
2025-01-13,INDUSTOWER.NS,2025-01-13,315.54998779296875,333.25,315.54998779296875,320.5,320.5,13453147.0
2025-01-13,SBICARD.NS,2025-01-13,714.9500122070312,716.2000122070312,705.5499877929688,713.5499877929688,711.4244384765625,1012939.0
2025-01-13,CESC.NS,2025-01-13,161.0,161.60000610351562,150.5500030517578,152.02000427246094,142.78500366210938,17221343.0
2025-01-13,TITAN.NS,2025-01-13,3380.0,3467.0,3352.5,3382.75,3372.600341796875,1282557.0
2025-01-13,CUMMINSIND.NS,2025-01-13,2952.60009765625,2988.60009765625,2853.64990234375,2873.35009765625,2828.208251953125,597634.0
2025-01-13,BAJFINANCE.NS,2025-01-13,724.0,725.510009765625,713.4000244140625,715.094970703125,710.7095336914062,6642740.0
2025-01-13,MRF.NS,2025-01-13,117000.0,117000.0,112700.0,113003.796875,112826.5859375,9530.0
2025-01-13,ONGC.NS,2025-01-13,266.0299987792969,268.6000061035156,254.6100006103516,255.72999572753903,243.4612274169922,20416370.0
2025-01-13,GOLDBEES.NS,2025-01-13,65.70999908447266,67.94000244140625,65.70999908447266,66.25,66.25,31223058.0
2025-01-13,BHARATFORG.NS,2025-01-13,,,,,,
2025-01-13,CONCOR.NS,2025-01-13,600.2000122070312,600.2000122070312,580.0,582.719970703125,573.33154296875,2143896.0
2025-01-13,OIL.NS,2025-01-13,,,,,,
2025-01-13,DIXON.NS,2025-01-13,16500.0,16550.0,15741.0,15835.150390625,15828.1064453125,407670.0
2025-01-13,DRREDDY.NS,2025-01-13,1354.050048828125,1354.1500244140625,1330.199951171875,1335.0999755859375,1326.6859130859375,2822318.0
2025-01-13,APOLLOTYRE.NS,2025-01-13,452.0,460.4500122070313,440.9500122070313,443.1499938964844,438.4580993652344,1225767.0
2025-01-13,BHARTIARTL.NS,2025-01-13,1580.0,1614.699951171875,1578.0999755859375,1597.199951171875,1583.958251953125,3705039.0
2025-01-13,LALPATHLAB.NS,2025-01-13,2900.050048828125,2912.0,2850.0,2863.800048828125,2839.960205078125,140390.0
2025-01-13,SRF.NS,2025-01-13,2557.0,2597.5,2506.050048828125,2516.0,2509.63330078125,773391.0
2025-01-13,TATACOMM.NS,2025-01-13,1700.800048828125,1706.9000244140625,1624.5,1632.300048828125,1608.2913818359375,287238.0
2025-01-13,CIPLA.NS,2025-01-13,1460.0,1463.949951171875,1436.3499755859375,1439.199951171875,1423.9884033203125,873093.0
2025-01-13,BHEL.NS,2025-01-13,200.0,201.0,191.66000366210935,192.5800018310547,192.1761779785156,23244835.0
2025-01-13,BSOFT.NS,2025-01-13,548.5999755859375,564.4000244140625,519.3499755859375,525.6500244140625,517.4970703125,3717669.0
2025-01-13,ZENSARTECH.NS,2025-01-13,779.0,791.9000244140625,735.5,746.9000244140625,735.3905029296875,1232274.0
2025-01-13,TATAELXSI.NS,2025-01-13,5975.0,6088.9501953125,5920.0,5941.60009765625,5875.13916015625,368080.0
2025-01-13,GRSE.NS,2025-01-13,1445.4000244140625,1461.800048828125,1350.0,1371.4000244140625,1357.5936279296875,604668.0
2025-01-13,MAZDOCK.NS,2025-01-13,2165.0,2203.75,2005.0,2028.300048828125,2019.7554931640625,2191902.0
2025-01-13,TRIDENT.NS,2025-01-13,31.0,31.26000022888184,29.51000022888184,29.739999771118164,29.291160583496094,9152318.0
2025-01-13,MANAPPURAM.NS,2025-01-13,,,,,,
2025-01-13,IRCON.NS,2025-01-13,190.0,193.82000732421875,181.00999450683597,181.7400054931641,178.80007934570312,4521266.0
2025-01-13,RVNL.NS,2025-01-13,381.9500122070313,383.8500061035156,355.5,357.95001220703125,356.0888671875,8523323.0
2025-01-13,NIFTYBEES.NS,2025-01-13,261.5,261.8999938964844,258.010009765625,258.3999938964844,258.3999938964844,11388279.0
2025-01-14,TVSMOTOR.NS,2025-01-14,,,,,,
2025-01-14,HEROMOTOCO.NS,2025-01-14,4067.0,4134.25,4057.75,4102.64990234375,3942.615478515625,242769.0
2025-01-14,LAURUSLABS.NS,2025-01-14,560.0999755859375,570.4500122070312,560.0999755859375,568.0,566.7579345703125,1049655.0
2025-01-14,SIEMENS.NS,2025-01-14,3413.989013671875,3463.23828125,3386.31201171875,3441.842041015625,3429.76171875,577767.0
2025-01-14,HAPPSTMNDS.NS,2025-01-14,712.0,726.0,710.2000122070312,712.7000122070312,704.9677734375,333900.0
2025-01-14,BIOCON.NS,2025-01-14,371.8500061035156,391.2000122070313,370.25,387.6499938964844,387.1323852539063,16972762.0
2025-01-14,IDFCFIRSTB.NS,2025-01-14,60.0099983215332,62.38999938964844,59.70000076293945,61.93999862670898,61.7379264831543,25869399.0
2025-01-14,ICICIBANK.NS,2025-01-14,1233.3499755859375,1244.8499755859375,1227.449951171875,1240.300048828125,1230.8031005859375,10342698.0
2025-01-14,CAMS.NS,2025-01-14,4320.0,4395.0,4204.0,4219.60009765625,4152.46337890625,370586.0
2025-01-14,BPCL.NS,2025-01-14,267.1000061035156,271.5,266.0,270.20001220703125,255.71324157714844,6710730.0
2025-01-14,JSWSTEEL.NS,2025-01-14,882.5,911.2999877929688,882.5,906.0499877929688,903.61669921875,1948192.0
2025-01-14,BDL.NS,2025-01-14,,,,,,
2025-01-14,ITC.NS,2025-01-14,441.0,441.5,435.8500061035156,436.6000061035156,422.0395202636719,18048459.0
2025-01-14,CDSL.NS,2025-01-14,1544.0,1588.0,1527.699951171875,1572.5,1559.782470703125,2693590.0
2025-01-14,BRITANNIA.NS,2025-01-14,4948.9501953125,4950.0,4850.10009765625,4862.39990234375,4799.50244140625,283367.0
2025-01-14,WIPRO.NS,2025-01-14,291.79998779296875,294.54998779296875,286.54998779296875,292.8500061035156,281.6051330566406,7670070.0
2025-01-14,TATACHEM.NS,2025-01-14,952.5,973.0499877929688,952.5,965.5,954.4409790039062,1120814.0
2025-01-14,ASIANPAINT.NS,2025-01-14,2269.0,2286.35009765625,2237.0,2239.949951171875,2216.01416015625,1316807.0
2025-01-14,EICHERMOT.NS,2025-01-14,4950.0498046875,5041.35009765625,4950.0498046875,5029.5498046875,4965.16845703125,448429.0
2025-01-14,COFORGE.NS,2025-01-14,1750.800048828125,1761.989990234375,1707.9200439453125,1718.47998046875,1702.858154296875,4304205.0
2025-01-14,IIFL.NS,2025-01-14,396.0,407.0,396.0,402.0499877929688,402.0499877929688,990163.0
2025-01-14,TCS.NS,2025-01-14,4302.0,4313.89990234375,4219.0498046875,4233.0498046875,4090.755126953125,3441709.0
2025-01-14,HAVELLS.NS,2025-01-14,1535.0,1555.550048828125,1507.5999755859375,1525.0,1515.30419921875,2260391.0
2025-01-14,COALINDIA.NS,2025-01-14,365.0,374.0,363.0,369.25,344.4720458984375,5698113.0
2025-01-14,SHREECEM.NS,2025-01-14,24874.5,25301.0,24870.05078125,25130.19921875,24965.583984375,12486.0
2025-01-14,SBIN.NS,2025-01-14,732.9500122070312,757.0,732.9500122070312,748.1500244140625,733.4232177734375,11960975.0
2025-01-14,AXISBANK.NS,2025-01-14,1052.949951171875,1061.0,1045.5,1051.6500244140625,1050.7520751953125,6892897.0
2025-01-14,IEX.NS,2025-01-14,163.24000549316406,167.67999267578125,163.24000549316406,166.8300018310547,164.1460418701172,3706333.0
2025-01-14,SUZLON.NS,2025-01-14,55.20000076293945,57.16999816894531,55.11000061035156,57.16999816894531,57.16999816894531,41045252.0
2025-01-14,AARTIIND.NS,2025-01-14,410.4500122070313,416.75,403.25,409.3500061035156,408.2615966796875,1807357.0
2025-01-14,PERSISTENT.NS,2025-01-14,6047.5,6069.0,5850.0,5880.10009765625,5844.92431640625,839681.0
2025-01-14,BATAINDIA.NS,2025-01-14,1365.0,1376.699951171875,1332.0,1343.550048828125,1333.3997802734375,174592.0
2025-01-14,PIIND.NS,2025-01-14,3412.800048828125,3507.949951171875,3412.800048828125,3463.199951171875,3448.2978515625,223455.0
2025-01-14,GODREJPROP.NS,2025-01-14,2253.699951171875,2317.5,2248.39990234375,2307.949951171875,2307.949951171875,723270.0
2025-01-14,HINDALCO.NS,2025-01-14,569.9000244140625,591.9500122070312,568.3499755859375,590.9000244140625,586.5982055664062,8506497.0
2025-01-14,MARUTI.NS,2025-01-14,11533.9501953125,11785.5498046875,11531.0,11741.150390625,11615.431640625,627463.0
2025-01-14,MCX.NS,2025-01-14,5575.0498046875,5725.0,5575.0498046875,5694.0498046875,5672.3857421875,341931.0
2025-01-14,SAIL.NS,2025-01-14,101.69000244140624,106.33999633789062,101.31999969482422,105.87999725341795,104.56939697265624,19913009.0
2025-01-14,RELIANCE.NS,2025-01-14,1244.0999755859375,1253.3499755859375,1227.25,1238.75,1233.822265625,13095266.0
2025-01-14,PAGEIND.NS,2025-01-14,46000.0,46650.94921875,45966.05078125,46471.5,45809.48828125,13713.0
2025-01-14,HDFCAMC.NS,2025-01-14,1926.175048828125,1973.550048828125,1906.675048828125,1932.5250244140625,1896.926513671875,1325996.0
2025-01-14,ADANIENT.NS,2025-01-14,,,,,,
2025-01-14,ANGELONE.NS,2025-01-14,2370.0,2425.89990234375,2274.0,2370.550048828125,2328.410888671875,6227921.0
2025-01-14,VOLTAS.NS,2025-01-14,1585.199951171875,1651.949951171875,1585.199951171875,1637.6500244140625,1628.5592041015625,864485.0
2025-01-14,MARICO.NS,2025-01-14,665.0,669.4000244140625,654.75,661.0999755859375,651.1171264648438,1619502.0
2025-01-14,TATASTEEL.NS,2025-01-14,122.94000244140624,127.63999938964844,122.94000244140624,126.93000030517578,124.0373764038086,36877365.0
2025-01-14,PIDILITIND.NS,2025-01-14,1400.5,1409.8499755859375,1393.175048828125,1404.4749755859375,1394.9022216796875,567936.0
2025-01-14,RITES.NS,2025-01-14,257.70001220703125,263.70001220703125,256.54998779296875,260.25,252.44346618652344,1380639.0
2025-01-14,HCLTECH.NS,2025-01-14,1936.0999755859373,1939.0,1797.75,1813.550048828125,1747.1153564453125,15819311.0
2025-01-14,RAYMOND.NS,2025-01-14,1518.0,1552.0,1511.050048828125,1522.550048828125,1522.550048828125,276102.0
2025-01-14,POLYCAB.NS,2025-01-14,,,,,,
2025-01-14,SUNPHARMA.NS,2025-01-14,1755.0,1784.050048828125,1742.0999755859375,1770.8499755859375,1754.466064453125,1962645.0
2025-01-14,MAXHEALTH.NS,2025-01-14,1102.4000244140625,1107.0,1067.5,1084.9000244140625,1083.6495361328125,1739436.0
2025-01-14,BEML.NS,2025-01-14,1800.0,1819.5,1752.5250244140625,1757.125,1745.892578125,480272.0
2025-01-14,HINDUNILVR.NS,2025-01-14,2465.0,2468.0,2364.10009765625,2367.949951171875,2325.0302734375,2052741.0
2025-01-14,DATAPATTNS.NS,2025-01-14,2116.449951171875,2170.0,2054.550048828125,2149.050048828125,2142.621337890625,161396.0
2025-01-14,LUPIN.NS,2025-01-14,2153.0,2179.050048828125,2136.39990234375,2154.60009765625,2141.2822265625,455763.0
2025-01-14,POONAWALLA.NS,2025-01-14,,,,,,
2025-01-14,ASHOKLEY.NS,2025-01-14,101.54499816894533,105.69499969482422,101.5250015258789,105.0250015258789,102.50505065917967,5900706.0
2025-01-14,PRESTIGE.NS,2025-01-14,1426.0,1451.1500244140625,1413.9000244140625,1426.300048828125,1424.66015625,943578.0
2025-01-14,TECHM.NS,2025-01-14,1669.9000244140625,1670.449951171875,1621.300048828125,1647.5,1601.1728515625,2480288.0
2025-01-14,INFY.NS,2025-01-14,1968.8499755859373,1971.800048828125,1931.0999755859373,1940.050048828125,1884.285888671875,5792162.0
2025-01-14,MON100.NS,2025-01-14,190.0,197.1000061035156,189.00999450683597,192.94000244140625,192.94000244140625,805031.0
2025-01-14,NAVINFLUOR.NS,2025-01-14,3619.550048828125,3672.0,3570.050048828125,3631.85009765625,3622.759033203125,145782.0
2025-01-14,RAILTEL.NS,2025-01-14,365.0,380.0,363.2999877929688,377.0,373.8139953613281,1782361.0
2025-01-14,INDIGO.NS,2025-01-14,3961.050048828125,4025.550048828125,3950.0,3995.0,3988.26025390625,1163662.0
2025-01-14,HDFCBANK.NS,2025-01-14,819.9500122070312,828.0999755859375,818.5,823.2999877929688,812.3198852539062,26661432.0
2025-01-14,KOTAKBANK.NS,2025-01-14,,,,,,
2025-01-14,OBEROIRLTY.NS,2025-01-14,2013.050048828125,2033.449951171875,1953.1500244140625,1975.25,1966.0523681640625,1212125.0
2025-01-14,M&M.NS,2025-01-14,,,,,,
2025-01-14,AUROPHARMA.NS,2025-01-14,1162.949951171875,1182.699951171875,1154.550048828125,1174.5,1170.107666015625,525458.0
2025-01-14,PVRINOX.NS,2025-01-14,1089.0,1107.9000244140625,1077.449951171875,1086.25,1086.25,876149.0
2025-01-14,MUTHOOTFIN.NS,2025-01-14,2109.949951171875,2147.300048828125,2104.949951171875,2123.85009765625,2098.17236328125,312670.0
2025-01-14,MPHASIS.NS,2025-01-14,2791.39990234375,2801.39990234375,2736.5,2780.25,2725.783935546875,736104.0
2025-01-14,NESTLEIND.NS,2025-01-14,1125.5999755859375,1128.300048828125,1099.625,1109.5250244140625,1097.8489990234375,1405098.0
2025-01-14,INDUSTOWER.NS,2025-01-14,324.0,341.8500061035156,323.3999938964844,340.29998779296875,340.29998779296875,12001185.0
2025-01-14,SBICARD.NS,2025-01-14,708.5499877929688,736.5999755859375,707.1500244140625,734.7000122070312,732.5114135742188,1627465.0
2025-01-14,CESC.NS,2025-01-14,153.25999450683594,156.89999389648438,151.16000366210938,153.69000244140625,144.35354614257812,6388587.0
2025-01-14,TITAN.NS,2025-01-14,3400.0,3429.0,3310.0,3322.5,3312.531005859375,1133561.0
2025-01-14,CUMMINSIND.NS,2025-01-14,2873.35009765625,2950.0,2873.35009765625,2940.949951171875,2894.74609375,331376.0
2025-01-14,BAJFINANCE.NS,2025-01-14,723.0,738.7999877929688,719.114990234375,733.5,729.0016479492188,9980110.0
2025-01-14,MRF.NS,2025-01-14,113003.796875,114700.0,112652.1484375,114213.3984375,114034.2890625,8640.0
2025-01-14,ONGC.NS,2025-01-14,257.5199890136719,262.0,256.82000732421875,260.3699951171875,247.8786163330078,8470150.0
2025-01-14,GOLDBEES.NS,2025-01-14,66.27999877929688,66.27999877929688,65.69999694824219,66.04000091552734,66.04000091552734,15911570.0
2025-01-14,BHARATFORG.NS,2025-01-14,,,,,,
2025-01-14,CONCOR.NS,2025-01-14,582.7999877929688,611.7999877929688,582.7999877929688,609.4000244140625,599.581787109375,1243672.0
2025-01-14,OIL.NS,2025-01-14,,,,,,
2025-01-14,DIXON.NS,2025-01-14,15900.0,16372.400390625,15881.099609375,16274.900390625,16267.6611328125,433841.0
2025-01-14,DRREDDY.NS,2025-01-14,1335.1500244140625,1348.8499755859375,1323.6500244140625,1337.550048828125,1329.12060546875,1370223.0
2025-01-14,APOLLOTYRE.NS,2025-01-14,446.8999938964844,456.7000122070313,446.1499938964844,452.7999877929688,448.00592041015625,923545.0
2025-01-14,BHARTIARTL.NS,2025-01-14,1604.699951171875,1633.4000244140625,1578.5,1600.0999755859375,1586.834228515625,7284572.0
2025-01-14,LALPATHLAB.NS,2025-01-14,2862.0,2872.199951171875,2785.5,2803.050048828125,2779.715576171875,363323.0
2025-01-14,SRF.NS,2025-01-14,2505.5,2545.14990234375,2492.199951171875,2509.75,2503.3994140625,289433.0
2025-01-14,TATACOMM.NS,2025-01-14,1648.0,1706.6500244140625,1635.300048828125,1676.9000244140625,1652.2353515625,382855.0
2025-01-14,CIPLA.NS,2025-01-14,1436.0,1451.949951171875,1434.449951171875,1447.75,1432.4481201171875,1028726.0
2025-01-14,BHEL.NS,2025-01-14,193.6999969482422,199.3999938964844,191.7700042724609,197.1000061035156,196.68670654296875,16773870.0
2025-01-14,BSOFT.NS,2025-01-14,529.7000122070312,538.9000244140625,521.0,532.9000244140625,524.6346435546875,1284222.0
2025-01-14,ZENSARTECH.NS,2025-01-14,740.5999755859375,747.3499755859375,716.7000122070312,744.2000122070312,732.7321166992188,823290.0
2025-01-14,TATAELXSI.NS,2025-01-14,5959.89990234375,6125.0,5959.89990234375,6084.7998046875,6016.73681640625,230728.0
2025-01-14,GRSE.NS,2025-01-14,1396.75,1464.9000244140625,1365.8499755859375,1439.25,1424.760498046875,740461.0
2025-01-14,MAZDOCK.NS,2025-01-14,2057.800048828125,2250.0,2055.050048828125,2231.550048828125,2222.1494140625,5145777.0
2025-01-14,TRIDENT.NS,2025-01-14,30.290000915527344,31.51000022888184,29.920000076293945,31.170000076293945,30.6995792388916,8033102.0
2025-01-14,MANAPPURAM.NS,2025-01-14,,,,,,
2025-01-14,IRCON.NS,2025-01-14,183.6499938964844,190.16000366210935,183.1100006103516,188.0399932861328,184.99815368652344,4468280.0
2025-01-14,RVNL.NS,2025-01-14,360.9500122070313,378.9500122070313,360.6000061035156,376.75,374.79107666015625,6050286.0
2025-01-14,NIFTYBEES.NS,2025-01-14,260.95001220703125,260.95001220703125,258.45001220703125,259.260009765625,259.260009765625,4342336.0
2025-01-15,TVSMOTOR.NS,2025-01-15,,,,,,
2025-01-15,HEROMOTOCO.NS,2025-01-15,4123.2001953125,4157.2001953125,4083.14990234375,4111.89990234375,3951.5048828125,281045.0
2025-01-15,LAURUSLABS.NS,2025-01-15,568.0,570.1500244140625,541.7000122070312,556.9000244140625,555.6821899414062,3183480.0
2025-01-15,SIEMENS.NS,2025-01-15,3460.362060546875,3473.099853515625,3402.8359375,3409.58642578125,3397.619384765625,506588.0
2025-01-15,HAPPSTMNDS.NS,2025-01-15,715.5499877929688,732.9000244140625,714.1500244140625,724.0999755859375,716.2440795898438,273047.0
2025-01-15,BIOCON.NS,2025-01-15,390.1000061035156,391.5,378.4500122070313,382.0499877929688,381.5398559570313,6005133.0
2025-01-15,IDFCFIRSTB.NS,2025-01-15,62.0,63.29999923706055,61.900001525878906,62.02000045776367,61.817665100097656,35089619.0
2025-01-15,ICICIBANK.NS,2025-01-15,1234.0,1244.4000244140625,1230.0,1238.25,1228.7686767578125,5355382.0
2025-01-15,CAMS.NS,2025-01-15,4278.2001953125,4380.0,4242.0,4305.39990234375,4236.8984375,427182.0
2025-01-15,BPCL.NS,2025-01-15,273.8999938964844,275.8999938964844,265.25,267.0,252.68479919433597,13448052.0
2025-01-15,JSWSTEEL.NS,2025-01-15,910.0,912.7000122070312,901.5,904.0499877929688,901.6220703125,1581897.0
2025-01-15,BDL.NS,2025-01-15,,,,,,
2025-01-15,ITC.NS,2025-01-15,436.6000061035156,441.7999877929688,435.3500061035156,437.3500061035156,422.7645263671875,9786805.0
2025-01-15,CDSL.NS,2025-01-15,1586.0,1642.25,1569.0999755859375,1602.9000244140625,1589.9366455078125,3865884.0
2025-01-15,BRITANNIA.NS,2025-01-15,4871.0,4937.2001953125,4804.10009765625,4877.0,4813.91357421875,242422.0
2025-01-15,WIPRO.NS,2025-01-15,293.0,294.70001220703125,289.70001220703125,292.6499938964844,281.4128112792969,4662694.0
2025-01-15,TATACHEM.NS,2025-01-15,966.7999877929688,976.9500122070312,954.0,961.9500122070312,950.9317016601562,1108334.0
2025-01-15,ASIANPAINT.NS,2025-01-15,2249.0,2253.75,2220.0,2229.699951171875,2205.873779296875,1308999.0
2025-01-15,EICHERMOT.NS,2025-01-15,5037.89990234375,5093.39990234375,5004.2001953125,5081.89990234375,5016.8486328125,497259.0
2025-01-15,COFORGE.NS,2025-01-15,1717.4000244140625,1743.469970703125,1696.27001953125,1716.6700439453125,1701.0648193359375,3338060.0
2025-01-15,IIFL.NS,2025-01-15,404.0,407.8999938964844,391.0,393.25,393.25,1304816.0
2025-01-15,TCS.NS,2025-01-15,4218.0,4256.4501953125,4207.4501953125,4249.60009765625,4106.7490234375,1653474.0
2025-01-15,HAVELLS.NS,2025-01-15,1529.0,1539.199951171875,1506.699951171875,1526.949951171875,1517.2418212890625,1668330.0
2025-01-15,COALINDIA.NS,2025-01-15,371.8999938964844,381.4500122070313,369.2999877929688,374.6000061035156,349.4630432128906,11117714.0
2025-01-15,SHREECEM.NS,2025-01-15,25280.19921875,25383.69921875,25068.30078125,25294.599609375,25128.908203125,35010.0
2025-01-15,SBIN.NS,2025-01-15,753.1500244140625,758.9000244140625,750.0,753.7000122070312,738.8639526367188,7792299.0
2025-01-15,AXISBANK.NS,2025-01-15,1043.0,1052.9000244140625,1014.6500244140624,1026.800048828125,1025.9232177734375,11418721.0
2025-01-15,IEX.NS,2025-01-15,167.92999267578125,169.64999389648438,164.88999938964844,167.77000427246094,165.0709228515625,2994810.0
2025-01-15,SUZLON.NS,2025-01-15,57.16999816894531,59.79999923706055,56.810001373291016,57.2599983215332,57.2599983215332,65243228.0
2025-01-15,AARTIIND.NS,2025-01-15,411.7000122070313,432.0,411.7000122070313,429.75,428.60736083984375,3320720.0
2025-01-15,PERSISTENT.NS,2025-01-15,5940.0,6219.39990234375,5914.7998046875,6111.25,6074.69140625,1295234.0
2025-01-15,BATAINDIA.NS,2025-01-15,1347.5,1350.0,1306.0,1308.550048828125,1298.664306640625,206940.0
2025-01-15,PIIND.NS,2025-01-15,3485.75,3486.300048828125,3440.0,3459.35009765625,3444.46484375,191829.0
2025-01-15,GODREJPROP.NS,2025-01-15,2309.89990234375,2374.449951171875,2299.25,2306.89990234375,2306.89990234375,530439.0
2025-01-15,HINDALCO.NS,2025-01-15,594.0,596.2000122070312,586.5499877929688,591.5499877929688,587.243408203125,4390121.0
2025-01-15,MARUTI.NS,2025-01-15,11890.5498046875,12192.400390625,11861.0,11947.400390625,11819.4736328125,692822.0
2025-01-15,MCX.NS,2025-01-15,5710.0,6012.2998046875,5710.0,5957.0498046875,5934.38525390625,550299.0
2025-01-15,SAIL.NS,2025-01-15,106.3000030517578,107.73999786376952,104.4000015258789,105.20999908447266,103.9076919555664,10322196.0
2025-01-15,RELIANCE.NS,2025-01-15,1244.949951171875,1257.0,1241.8499755859375,1252.199951171875,1247.2186279296875,9578856.0
2025-01-15,PAGEIND.NS,2025-01-15,46508.25,47237.3515625,45255.1015625,46037.19921875,45381.37890625,25116.0
2025-01-15,HDFCAMC.NS,2025-01-15,1950.925048828125,2057.47509765625,1920.5250244140625,2023.75,1986.470947265625,3728602.0
2025-01-15,ADANIENT.NS,2025-01-15,,,,,,
2025-01-15,ANGELONE.NS,2025-01-15,2380.550048828125,2527.0,2377.0,2497.35009765625,2452.95703125,2848896.0
2025-01-15,VOLTAS.NS,2025-01-15,1635.0,1646.75,1604.449951171875,1625.1500244140625,1616.1285400390625,757277.0
2025-01-15,MARICO.NS,2025-01-15,664.9000244140625,664.9000244140625,650.75,659.75,649.7875366210938,947122.0
2025-01-15,TATASTEEL.NS,2025-01-15,128.0,128.30999755859375,125.77999877929688,126.52999877929688,123.64649200439452,18773125.0
2025-01-15,PIDILITIND.NS,2025-01-15,1414.300048828125,1418.875,1395.5250244140625,1401.375,1391.8233642578125,529870.0
2025-01-15,RITES.NS,2025-01-15,263.0,266.79998779296875,260.79998779296875,262.3500061035156,254.48049926757807,1008010.0
2025-01-15,HCLTECH.NS,2025-01-15,1836.0,1843.550048828125,1812.550048828125,1825.699951171875,1758.8203125,3350594.0
2025-01-15,RAYMOND.NS,2025-01-15,1530.050048828125,1639.949951171875,1530.050048828125,1592.949951171875,1592.949951171875,2984003.0
2025-01-15,POLYCAB.NS,2025-01-15,,,,,,
2025-01-15,SUNPHARMA.NS,2025-01-15,1772.800048828125,1775.0,1747.699951171875,1756.8499755859375,1740.595703125,857867.0
2025-01-15,MAXHEALTH.NS,2025-01-15,1084.9000244140625,1085.050048828125,1035.5,1039.050048828125,1037.8524169921875,4749303.0
2025-01-15,BEML.NS,2025-01-15,1776.0,1802.75,1737.3499755859375,1753.7249755859375,1742.514404296875,889292.0
2025-01-15,HINDUNILVR.NS,2025-01-15,2373.89990234375,2384.89990234375,2350.10009765625,2373.0,2329.989013671875,1215150.0
2025-01-15,DATAPATTNS.NS,2025-01-15,2183.449951171875,2192.25,2128.800048828125,2139.5,2133.099853515625,77003.0
2025-01-15,LUPIN.NS,2025-01-15,2167.0,2167.0,2108.0,2128.699951171875,2115.542236328125,452989.0
2025-01-15,POONAWALLA.NS,2025-01-15,,,,,,
2025-01-15,ASHOKLEY.NS,2025-01-15,105.5250015258789,106.04499816894533,102.1999969482422,103.33999633789062,100.86048126220705,6852198.0
2025-01-15,PRESTIGE.NS,2025-01-15,1440.0,1451.5999755859375,1406.949951171875,1439.3499755859375,1437.6951904296875,423470.0
2025-01-15,TECHM.NS,2025-01-15,1658.0,1679.0,1650.1500244140625,1675.949951171875,1628.82275390625,1079742.0
2025-01-15,INFY.NS,2025-01-15,1947.0,1958.050048828125,1937.0999755859373,1949.6500244140625,1893.60986328125,2985439.0
2025-01-15,MON100.NS,2025-01-15,197.9499969482422,198.77999877929688,188.25999450683597,191.33999633789065,191.33999633789065,904426.0
2025-01-15,NAVINFLUOR.NS,2025-01-15,3631.85009765625,3739.89990234375,3590.10009765625,3714.39990234375,3705.102294921875,250630.0
2025-01-15,RAILTEL.NS,2025-01-15,380.7999877929688,386.6000061035156,374.5,376.75,373.5661010742188,1513860.0
2025-01-15,INDIGO.NS,2025-01-15,4053.60009765625,4153.7001953125,3995.10009765625,4066.0,4059.140380859375,784809.0
2025-01-15,HDFCBANK.NS,2025-01-15,828.25,831.3499755859375,818.1500244140625,821.5250244140625,810.568603515625,14022892.0
2025-01-15,KOTAKBANK.NS,2025-01-15,,,,,,
2025-01-15,OBEROIRLTY.NS,2025-01-15,1992.1500244140625,2032.5,1959.050048828125,2006.8499755859373,1997.5052490234373,804805.0
2025-01-15,M&M.NS,2025-01-15,,,,,,
2025-01-15,AUROPHARMA.NS,2025-01-15,1176.5,1179.75,1144.5,1147.550048828125,1143.258544921875,974366.0
2025-01-15,PVRINOX.NS,2025-01-15,1110.0,1110.0,1080.1500244140625,1084.550048828125,1084.550048828125,691164.0
2025-01-15,MUTHOOTFIN.NS,2025-01-15,2129.949951171875,2195.64990234375,2115.949951171875,2179.550048828125,2153.19873046875,325597.0
2025-01-15,MPHASIS.NS,2025-01-15,2798.0,2816.60009765625,2768.10009765625,2779.75,2725.293701171875,346009.0
2025-01-15,NESTLEIND.NS,2025-01-15,1109.5250244140625,1110.050048828125,1086.0999755859375,1099.824951171875,1088.2510986328125,1447250.0
2025-01-15,INDUSTOWER.NS,2025-01-15,340.8999938964844,361.2000122070313,339.1499938964844,351.79998779296875,351.79998779296875,22050850.0
2025-01-15,SBICARD.NS,2025-01-15,737.0,741.0,724.2999877929688,735.2000122070312,733.0099487304688,1026479.0
2025-01-15,CESC.NS,2025-01-15,156.16000366210938,156.8000030517578,152.3000030517578,154.08999633789062,144.72923278808594,10402105.0
2025-01-15,TITAN.NS,2025-01-15,3322.0,3340.5,3283.0,3323.5,3313.528076171875,1169593.0
2025-01-15,CUMMINSIND.NS,2025-01-15,2962.0,2964.949951171875,2840.10009765625,2888.300048828125,2842.923583984375,677709.0
2025-01-15,BAJFINANCE.NS,2025-01-15,734.0499877929688,735.0,710.52001953125,717.739990234375,713.3383178710938,6817500.0
2025-01-15,MRF.NS,2025-01-15,115200.0,115200.0,113754.5,114227.0,114047.8671875,5385.0
2025-01-15,ONGC.NS,2025-01-15,260.8999938964844,264.4700012207031,257.69000244140625,258.17999267578125,245.79368591308597,9344731.0
2025-01-15,GOLDBEES.NS,2025-01-15,68.0,68.0,65.87999725341797,66.26000213623047,66.26000213623047,7111641.0
2025-01-15,BHARATFORG.NS,2025-01-15,,,,,,
2025-01-15,CONCOR.NS,2025-01-15,610.3599853515625,610.3599853515625,601.2000122070312,607.3200073242188,597.5353393554688,718682.0
2025-01-15,OIL.NS,2025-01-15,,,,,,
2025-01-15,DIXON.NS,2025-01-15,16400.0,17028.0,16104.25,16919.650390625,16912.125,637125.0
2025-01-15,DRREDDY.NS,2025-01-15,1345.0,1345.0,1313.949951171875,1337.199951171875,1328.772705078125,1940371.0
2025-01-15,APOLLOTYRE.NS,2025-01-15,454.2999877929688,459.3500061035156,452.2000122070313,454.75,449.9352722167969,1855864.0
2025-01-15,BHARTIARTL.NS,2025-01-15,1608.050048828125,1613.8499755859375,1593.0,1607.449951171875,1594.123291015625,2960985.0
2025-01-15,LALPATHLAB.NS,2025-01-15,2805.0,2821.10009765625,2730.10009765625,2771.449951171875,2748.378662109375,228220.0
2025-01-15,SRF.NS,2025-01-15,2505.25,2529.25,2484.5,2491.699951171875,2485.39501953125,311184.0
2025-01-15,TATACOMM.NS,2025-01-15,1675.0,1704.75,1668.199951171875,1675.25,1650.609619140625,163380.0
2025-01-15,CIPLA.NS,2025-01-15,1454.949951171875,1455.0,1429.8499755859375,1447.199951171875,1431.90380859375,1126634.0
2025-01-15,BHEL.NS,2025-01-15,199.0,205.3999938964844,198.0500030517578,202.16000366210935,201.7360992431641,13345400.0
2025-01-15,BSOFT.NS,2025-01-15,536.0,537.5,525.5999755859375,527.0499877929688,518.8753662109375,1072679.0
2025-01-15,ZENSARTECH.NS,2025-01-15,745.0,772.8499755859375,743.0999755859375,770.0499877929688,758.1837158203125,554699.0
2025-01-15,TATAELXSI.NS,2025-01-15,6093.89990234375,6135.0498046875,6026.60009765625,6115.75,6047.3408203125,119683.0
2025-01-15,GRSE.NS,2025-01-15,1453.4000244140625,1471.550048828125,1400.25,1408.3499755859375,1394.1715087890625,474711.0
2025-01-15,MAZDOCK.NS,2025-01-15,2255.0,2321.0,2215.449951171875,2229.14990234375,2219.75927734375,3311823.0
2025-01-15,TRIDENT.NS,2025-01-15,31.299999237060547,32.18000030517578,31.200000762939453,31.6299991607666,31.152637481689453,8460744.0
2025-01-15,MANAPPURAM.NS,2025-01-15,,,,,,
2025-01-15,IRCON.NS,2025-01-15,191.05999755859372,195.3999938964844,188.52999877929688,190.00999450683597,186.9362945556641,4687576.0
2025-01-15,RVNL.NS,2025-01-15,380.1000061035156,387.0,370.5499877929688,371.8999938964844,369.96630859375,3567908.0
2025-01-15,NIFTYBEES.NS,2025-01-15,260.25,260.4800109863281,258.7699890136719,259.5799865722656,259.5799865722656,3630304.0
2025-01-16,TVSMOTOR.NS,2025-01-16,,,,,,
2025-01-16,HEROMOTOCO.NS,2025-01-16,4170.0,4175.0,4057.949951171875,4074.10009765625,3915.179443359375,349664.0
2025-01-16,LAURUSLABS.NS,2025-01-16,560.9000244140625,568.8499755859375,553.5,557.7999877929688,556.5802001953125,1402881.0
2025-01-16,SIEMENS.NS,2025-01-16,3447.712158203125,3547.648681640625,3443.368408203125,3527.896240234375,3515.513916015625,585101.0
2025-01-16,HAPPSTMNDS.NS,2025-01-16,745.0,745.0,720.0,722.2999877929688,714.4635620117188,302633.0
2025-01-16,BIOCON.NS,2025-01-16,384.0499877929688,396.75,382.1000061035156,393.1499938964844,392.6250305175781,10454325.0
2025-01-16,IDFCFIRSTB.NS,2025-01-16,62.7400016784668,63.380001068115234,62.560001373291016,62.68000030517578,62.47551345825195,13273141.0
2025-01-16,ICICIBANK.NS,2025-01-16,1245.0999755859375,1255.5,1239.6500244140625,1249.0999755859375,1239.53564453125,11895924.0
2025-01-16,CAMS.NS,2025-01-16,4350.0,4529.0,4350.0,4444.14990234375,4373.4404296875,534221.0
2025-01-16,BPCL.NS,2025-01-16,267.3500061035156,268.95001220703125,263.5,266.8999938964844,252.5901641845703,13754046.0
2025-01-16,JSWSTEEL.NS,2025-01-16,910.0,914.4000244140624,900.0999755859375,906.7999877929688,904.3646850585938,1946590.0
2025-01-16,BDL.NS,2025-01-16,,,,,,
2025-01-16,ITC.NS,2025-01-16,438.0499877929688,439.4500122070313,431.1000061035156,432.8500061035156,418.4145812988281,15774070.0
2025-01-16,CDSL.NS,2025-01-16,1631.0,1633.800048828125,1590.25,1603.25,1590.2838134765625,2852472.0
2025-01-16,BRITANNIA.NS,2025-01-16,4886.0498046875,4900.0,4743.10009765625,4844.5498046875,4781.8828125,454269.0
2025-01-16,WIPRO.NS,2025-01-16,295.8999938964844,296.5,286.70001220703125,288.04998779296875,276.98944091796875,10345666.0
2025-01-16,TATACHEM.NS,2025-01-16,969.0,982.2000122070312,969.0,972.4500122070312,961.3114013671876,600983.0
2025-01-16,ASIANPAINT.NS,2025-01-16,2239.0,2239.85009765625,2207.800048828125,2215.60009765625,2191.924560546875,1936087.0
2025-01-16,EICHERMOT.NS,2025-01-16,5112.0498046875,5134.10009765625,5034.89990234375,5047.7998046875,4983.18505859375,435315.0
2025-01-16,COFORGE.NS,2025-01-16,1720.3699951171875,1792.699951171875,1720.3699951171875,1746.27001953125,1730.3956298828125,1870420.0
2025-01-16,IIFL.NS,2025-01-16,401.0,404.8500061035156,397.6000061035156,399.0499877929688,399.0499877929688,857057.0
2025-01-16,TCS.NS,2025-01-16,4260.0,4294.0,4191.85009765625,4206.2998046875,4064.90478515625,2637705.0
2025-01-16,HAVELLS.NS,2025-01-16,1534.8499755859375,1571.949951171875,1525.1500244140625,1558.25,1548.3427734375,1557265.0
2025-01-16,COALINDIA.NS,2025-01-16,378.4500122070313,381.5,374.7999877929688,378.8500061035156,353.4278564453125,6923722.0
2025-01-16,SHREECEM.NS,2025-01-16,25350.0,25794.0,25305.0,25417.44921875,25250.953125,14703.0
2025-01-16,SBIN.NS,2025-01-16,760.4000244140625,776.7000122070312,760.4000244140625,766.2999877929688,751.2158813476562,11816079.0
2025-01-16,AXISBANK.NS,2025-01-16,1033.9000244140625,1046.449951171875,1027.050048828125,1038.0,1037.1136474609375,10261727.0
2025-01-16,IEX.NS,2025-01-16,169.0,172.10000610351562,168.1999969482422,171.00999450683594,168.2587890625,2620632.0
2025-01-16,SUZLON.NS,2025-01-16,58.7599983215332,59.18999862670898,56.70000076293945,56.869998931884766,56.869998931884766,39797323.0
2025-01-16,AARTIIND.NS,2025-01-16,433.0,440.7999877929688,431.3500061035156,438.75,437.58343505859375,2213536.0
2025-01-16,PERSISTENT.NS,2025-01-16,6155.2001953125,6215.0,6051.10009765625,6071.60009765625,6035.27880859375,284470.0
2025-01-16,BATAINDIA.NS,2025-01-16,1323.949951171875,1325.0,1300.4000244140625,1307.949951171875,1298.0687255859375,149060.0
2025-01-16,PIIND.NS,2025-01-16,3482.0,3505.550048828125,3444.10009765625,3480.449951171875,3465.4736328125,202745.0
2025-01-16,GODREJPROP.NS,2025-01-16,2374.0,2418.39990234375,2335.949951171875,2363.64990234375,2363.64990234375,677423.0
2025-01-16,HINDALCO.NS,2025-01-16,596.0,607.0,590.5499877929688,602.5999755859375,598.2129516601562,4959410.0
2025-01-16,MARUTI.NS,2025-01-16,11981.4501953125,12134.0,11956.2001953125,12092.2998046875,11962.8212890625,551211.0
2025-01-16,MCX.NS,2025-01-16,6010.75,6187.9501953125,6010.75,6102.9501953125,6079.73046875,353142.0
2025-01-16,SAIL.NS,2025-01-16,106.5,108.38999938964844,105.93000030517578,107.5199966430664,106.18909454345705,10971452.0
2025-01-16,RELIANCE.NS,2025-01-16,1258.9000244140625,1275.0,1251.300048828125,1266.449951171875,1261.4119873046875,14117603.0
2025-01-16,PAGEIND.NS,2025-01-16,46061.0,46453.25,45337.19921875,45941.69921875,45287.234375,104583.0
2025-01-16,HDFCAMC.NS,2025-01-16,2023.925048828125,2059.0,2022.5,2045.3499755859373,2007.673095703125,715796.0
2025-01-16,ADANIENT.NS,2025-01-16,,,,,,
2025-01-16,ANGELONE.NS,2025-01-16,2511.0,2567.699951171875,2455.199951171875,2485.5,2441.3173828125,1609570.0
2025-01-16,VOLTAS.NS,2025-01-16,1633.25,1699.0,1573.6500244140625,1587.5999755859375,1578.7869873046875,1344773.0
2025-01-16,MARICO.NS,2025-01-16,660.9500122070312,662.7999877929688,648.3499755859375,652.5999755859375,642.7454833984375,739133.0
2025-01-16,TATASTEEL.NS,2025-01-16,128.0,128.47000122070312,126.55999755859376,127.80999755859376,124.89732360839844,22164393.0
2025-01-16,PIDILITIND.NS,2025-01-16,1412.0,1418.5,1385.925048828125,1392.5,1383.0087890625,304234.0
2025-01-16,RITES.NS,2025-01-16,265.79998779296875,278.20001220703125,265.75,270.3500061035156,262.2405090332031,2899651.0
2025-01-16,HCLTECH.NS,2025-01-16,1833.0,1837.949951171875,1785.300048828125,1792.25,1726.5955810546875,5362008.0
2025-01-16,RAYMOND.NS,2025-01-16,1586.949951171875,1625.0,1576.199951171875,1587.949951171875,1587.949951171875,361789.0
2025-01-16,POLYCAB.NS,2025-01-16,,,,,,
2025-01-16,SUNPHARMA.NS,2025-01-16,1775.050048828125,1775.5999755859375,1740.800048828125,1763.300048828125,1746.986083984375,2180496.0
2025-01-16,MAXHEALTH.NS,2025-01-16,1053.3499755859375,1060.5999755859375,1038.25,1049.949951171875,1048.73974609375,1656965.0
2025-01-16,BEML.NS,2025-01-16,1775.300048828125,1816.300048828125,1771.0250244140625,1796.175048828125,1784.6929931640625,431894.0
2025-01-16,HINDUNILVR.NS,2025-01-16,2376.949951171875,2380.0,2326.050048828125,2345.0,2302.496337890625,2762596.0
2025-01-16,DATAPATTNS.NS,2025-01-16,2160.0,2218.75,2160.0,2193.39990234375,2186.838623046875,88969.0
2025-01-16,LUPIN.NS,2025-01-16,2138.699951171875,2144.25,2079.699951171875,2098.89990234375,2085.92626953125,394270.0
2025-01-16,POONAWALLA.NS,2025-01-16,,,,,,
2025-01-16,ASHOKLEY.NS,2025-01-16,104.8949966430664,105.65499877929688,103.7750015258789,103.95500183105467,101.46072387695312,10451924.0
2025-01-16,PRESTIGE.NS,2025-01-16,1450.0,1497.0,1440.050048828125,1449.8499755859375,1448.18310546875,322369.0
2025-01-16,TECHM.NS,2025-01-16,1695.0,1722.8499755859375,1670.949951171875,1687.6500244140625,1640.1937255859375,2334315.0
2025-01-16,INFY.NS,2025-01-16,1965.949951171875,1966.949951171875,1916.8499755859373,1928.449951171875,1873.0191650390625,7533579.0
2025-01-16,MON100.NS,2025-01-16,193.4499969482422,202.4499969482422,193.44000244140625,200.4900054931641,200.4900054931641,690237.0
2025-01-16,NAVINFLUOR.NS,2025-01-16,3739.39990234375,3790.949951171875,3716.300048828125,3767.60009765625,3758.16943359375,176708.0
2025-01-16,RAILTEL.NS,2025-01-16,386.0,416.5,382.1000061035156,412.75,409.2618408203125,8250714.0
2025-01-16,INDIGO.NS,2025-01-16,4090.0,4143.60009765625,4075.25,4111.75,4104.8134765625,569356.0
2025-01-16,HDFCBANK.NS,2025-01-16,826.4249877929688,830.2750244140625,821.4249877929688,826.0250244140625,815.0086059570312,21212454.0
2025-01-16,KOTAKBANK.NS,2025-01-16,,,,,,
2025-01-16,OBEROIRLTY.NS,2025-01-16,2050.0,2059.14990234375,1958.0,1964.9000244140625,1955.75048828125,548785.0
2025-01-16,M&M.NS,2025-01-16,,,,,,
2025-01-16,AUROPHARMA.NS,2025-01-16,1154.550048828125,1162.5,1148.0999755859375,1156.300048828125,1151.975830078125,383031.0
2025-01-16,PVRINOX.NS,2025-01-16,1095.0,1122.449951171875,1080.699951171875,1083.199951171875,1083.199951171875,719652.0
2025-01-16,MUTHOOTFIN.NS,2025-01-16,2183.949951171875,2216.0,2174.0,2180.0,2153.643310546875,348613.0
2025-01-16,MPHASIS.NS,2025-01-16,2798.0,2872.300048828125,2793.050048828125,2821.39990234375,2766.127685546875,468033.0
2025-01-16,NESTLEIND.NS,2025-01-16,1102.550048828125,1109.125,1078.25,1084.6500244140625,1073.2357177734375,2651618.0
2025-01-16,INDUSTOWER.NS,2025-01-16,363.0,363.0,353.3999938964844,354.54998779296875,354.54998779296875,8279242.0
2025-01-16,SBICARD.NS,2025-01-16,744.75,765.0,739.4500122070312,752.75,750.5076904296875,2039577.0
2025-01-16,CESC.NS,2025-01-16,152.08999633789062,153.6999969482422,148.61000061035156,150.77999877929688,145.8805694580078,11232829.0
2025-01-16,TITAN.NS,2025-01-16,3327.0,3338.85009765625,3282.0,3316.89990234375,3306.94775390625,1170734.0
2025-01-16,CUMMINSIND.NS,2025-01-16,2890.0,2939.199951171875,2886.5,2924.949951171875,2878.99755859375,585735.0
2025-01-16,BAJFINANCE.NS,2025-01-16,720.0,728.9000244140625,719.405029296875,725.9749755859375,721.5228271484375,8608490.0
2025-01-16,MRF.NS,2025-01-16,114800.0,115300.046875,114138.046875,114463.6015625,114284.09375,4528.0
2025-01-16,ONGC.NS,2025-01-16,260.0,265.6300048828125,260.0,263.17999267578125,250.5537872314453,14195450.0
2025-01-16,GOLDBEES.NS,2025-01-16,66.31999969482422,66.80000305175781,66.30000305175781,66.58999633789062,66.58999633789062,12107894.0
2025-01-16,BHARATFORG.NS,2025-01-16,,,,,,
2025-01-16,CONCOR.NS,2025-01-16,612.0,624.52001953125,612.0,620.8400268554688,610.83740234375,1302408.0
2025-01-16,OIL.NS,2025-01-16,,,,,,
2025-01-16,DIXON.NS,2025-01-16,17299.0,17300.0,16900.0,16938.900390625,16931.365234375,171869.0
2025-01-16,DRREDDY.NS,2025-01-16,1340.9000244140625,1347.0,1297.0,1302.75,1294.539794921875,1195731.0
2025-01-16,APOLLOTYRE.NS,2025-01-16,457.0,465.3500061035156,453.75,455.6000061035156,450.7762756347656,1544374.0
2025-01-16,BHARTIARTL.NS,2025-01-16,1619.050048828125,1635.0,1600.550048828125,1630.199951171875,1616.6846923828125,5299325.0
2025-01-16,LALPATHLAB.NS,2025-01-16,2804.39990234375,2819.60009765625,2755.949951171875,2813.449951171875,2790.029296875,131356.0
2025-01-16,SRF.NS,2025-01-16,2505.0,2595.85009765625,2501.550048828125,2583.800048828125,2577.261962890625,445214.0
2025-01-16,TATACOMM.NS,2025-01-16,1681.050048828125,1716.949951171875,1681.050048828125,1707.199951171875,1682.0897216796875,169629.0
2025-01-16,CIPLA.NS,2025-01-16,1451.75,1454.300048828125,1430.8499755859375,1443.5,1428.2430419921875,1080833.0
2025-01-16,BHEL.NS,2025-01-16,205.0,211.72000122070312,204.3500061035156,210.58999633789065,210.14840698242188,12785825.0
2025-01-16,BSOFT.NS,2025-01-16,530.0499877929688,538.5499877929688,530.0499877929688,532.5499877929688,524.2900390625,748355.0
2025-01-16,ZENSARTECH.NS,2025-01-16,774.0499877929688,785.0,755.0,759.7999877929688,748.0917358398438,410708.0
2025-01-16,TATAELXSI.NS,2025-01-16,6140.0,6245.2001953125,6130.0,6184.25,6115.07470703125,144322.0
2025-01-16,GRSE.NS,2025-01-16,1444.8499755859375,1462.9000244140625,1429.0999755859375,1447.800048828125,1433.2244873046875,248484.0
2025-01-16,MAZDOCK.NS,2025-01-16,2254.699951171875,2278.0,2232.199951171875,2248.14990234375,2238.67919921875,1230427.0
2025-01-16,TRIDENT.NS,2025-01-16,32.0099983215332,32.08000183105469,31.780000686645508,31.940000534057617,31.45796012878418,3710547.0
2025-01-16,MANAPPURAM.NS,2025-01-16,,,,,,
2025-01-16,IRCON.NS,2025-01-16,195.0200042724609,225.3000030517578,194.72000122070312,220.41000366210935,216.8445281982422,56490315.0
2025-01-16,RVNL.NS,2025-01-16,391.8500061035156,415.2999877929688,385.8500061035156,411.1499938964844,409.0122375488281,23382354.0
2025-01-16,NIFTYBEES.NS,2025-01-16,260.95001220703125,261.70001220703125,260.010009765625,260.7200012207031,260.7200012207031,3410394.0
2025-01-17,TVSMOTOR.NS,2025-01-17,,,,,,
2025-01-17,HEROMOTOCO.NS,2025-01-17,4076.0,4125.0,4050.0,4098.0,3938.14697265625,211342.0
2025-01-17,LAURUSLABS.NS,2025-01-17,557.7999877929688,569.6500244140625,551.8499755859375,567.7999877929688,566.5582885742188,1251413.0
2025-01-17,SIEMENS.NS,2025-01-17,3527.866943359375,3645.266845703125,3488.5673828125,3629.564697265625,3616.82568359375,612114.0
2025-01-17,HAPPSTMNDS.NS,2025-01-17,725.0,727.8499755859375,715.7999877929688,719.25,711.4466552734375,740829.0
2025-01-17,BIOCON.NS,2025-01-17,394.0,397.7999877929688,387.3500061035156,393.7000122070313,393.17431640625,6070039.0
2025-01-17,IDFCFIRSTB.NS,2025-01-17,62.54999923706055,62.77000045776367,61.54999923706055,62.560001373291016,62.35590744018555,15118299.0
2025-01-17,ICICIBANK.NS,2025-01-17,1243.3499755859375,1249.0,1218.0,1225.449951171875,1216.066650390625,9790533.0
2025-01-17,CAMS.NS,2025-01-17,4470.0,4510.0,4313.85009765625,4418.10009765625,4347.80517578125,253420.0
2025-01-17,BPCL.NS,2025-01-17,268.79998779296875,275.20001220703125,267.25,273.6000061035156,258.9309387207031,9300647.0
2025-01-17,JSWSTEEL.NS,2025-01-17,906.7999877929688,917.5,905.25,908.5999755859376,906.1598510742188,911260.0
2025-01-17,BDL.NS,2025-01-17,,,,,,
2025-01-17,ITC.NS,2025-01-17,433.0,441.7999877929688,432.5,440.2000122070313,425.51947021484375,11270061.0
2025-01-17,CDSL.NS,2025-01-17,1606.949951171875,1616.3499755859375,1587.0999755859375,1597.9000244140625,1584.97705078125,1738737.0
2025-01-17,BRITANNIA.NS,2025-01-17,4846.10009765625,4923.5,4815.7001953125,4854.39990234375,4791.60595703125,492847.0
2025-01-17,WIPRO.NS,2025-01-17,287.79998779296875,287.79998779296875,280.5,281.95001220703125,271.1236877441406,9358955.0
2025-01-17,TATACHEM.NS,2025-01-17,995.0,1002.1500244140624,968.75,975.3499755859376,964.1781616210938,1214761.0
2025-01-17,ASIANPAINT.NS,2025-01-17,2225.64990234375,2269.050048828125,2212.5,2261.0,2236.83935546875,878848.0
2025-01-17,EICHERMOT.NS,2025-01-17,5005.0,5075.39990234375,4998.0498046875,5012.2998046875,4948.1396484375,197564.0
2025-01-17,COFORGE.NS,2025-01-17,1738.0,1755.0,1720.3499755859375,1728.31005859375,1712.5989990234375,1539025.0
2025-01-17,IIFL.NS,2025-01-17,400.0,401.6499938964844,391.5,399.1499938964844,399.1499938964844,797333.0
2025-01-17,TCS.NS,2025-01-17,4159.89990234375,4160.60009765625,4100.0498046875,4124.2998046875,4058.99951171875,1761466.0
2025-01-17,HAVELLS.NS,2025-01-17,1539.949951171875,1616.25,1534.0,1574.199951171875,1564.19140625,4102106.0
2025-01-17,COALINDIA.NS,2025-01-17,380.0,389.2999877929688,378.5499877929688,387.6499938964844,361.6373291015625,8380692.0
2025-01-17,SHREECEM.NS,2025-01-17,25350.0,25637.94921875,25205.5,25315.44921875,25149.62109375,21618.0
2025-01-17,SBIN.NS,2025-01-17,766.2999877929688,767.9500122070312,759.4000244140625,764.0999755859375,749.0592041015625,5766573.0
2025-01-17,AXISBANK.NS,2025-01-17,1000.0,1011.7000122070312,974.5999755859376,991.0499877929688,990.2037353515624,33831617.0
2025-01-17,IEX.NS,2025-01-17,171.0,173.72000122070312,170.0,172.6999969482422,169.92160034179688,2523552.0
2025-01-17,SUZLON.NS,2025-01-17,57.0,57.38999938964844,55.93999862670898,56.84000015258789,56.84000015258789,41806502.0
2025-01-17,AARTIIND.NS,2025-01-17,436.8999938964844,444.3999938964844,435.6499938964844,442.7000122070313,441.52294921875,1304832.0
2025-01-17,PERSISTENT.NS,2025-01-17,6095.0,6095.0,5930.35009765625,5961.2001953125,5925.53955078125,281302.0
2025-01-17,BATAINDIA.NS,2025-01-17,1316.699951171875,1319.1500244140625,1301.6500244140625,1310.800048828125,1300.897216796875,93613.0
2025-01-17,PIIND.NS,2025-01-17,3482.300048828125,3565.64990234375,3479.050048828125,3550.89990234375,3535.62060546875,187757.0
2025-01-17,GODREJPROP.NS,2025-01-17,2362.0,2421.64990234375,2336.0,2407.60009765625,2407.60009765625,505095.0
2025-01-17,HINDALCO.NS,2025-01-17,603.8499755859375,619.0,603.7000122070312,617.0,612.5081787109375,6414327.0
2025-01-17,MARUTI.NS,2025-01-17,12101.900390625,12189.900390625,12004.2998046875,12136.349609375,12006.3994140625,285370.0
2025-01-17,MCX.NS,2025-01-17,6102.9501953125,6122.60009765625,5971.39990234375,6034.89990234375,6011.93896484375,236653.0
2025-01-17,SAIL.NS,2025-01-17,107.0999984741211,109.4499969482422,106.93000030517578,108.81999969482422,107.47300720214844,9191948.0
2025-01-17,RELIANCE.NS,2025-01-17,1322.25,1326.0,1285.0,1302.3499755859375,1297.169189453125,29366277.0
2025-01-17,PAGEIND.NS,2025-01-17,45950.0,46399.3984375,45069.5,46097.55078125,45440.87109375,22562.0
2025-01-17,HDFCAMC.NS,2025-01-17,2045.0,2049.949951171875,2003.0250244140625,2015.425048828125,1978.2994384765625,595028.0
2025-01-17,ADANIENT.NS,2025-01-17,,,,,,
2025-01-17,ANGELONE.NS,2025-01-17,2485.0,2494.449951171875,2442.0,2454.5,2410.86865234375,685877.0
2025-01-17,VOLTAS.NS,2025-01-17,1580.300048828125,1615.5999755859375,1578.5999755859375,1596.949951171875,1588.0850830078125,1005199.0
2025-01-17,MARICO.NS,2025-01-17,650.0,667.9000244140625,645.4000244140625,664.4000244140625,654.3673095703125,2338569.0
2025-01-17,TATASTEEL.NS,2025-01-17,127.9000015258789,131.16000366210938,127.63999938964844,130.27999877929688,127.31103515625,27421959.0
2025-01-17,PIDILITIND.NS,2025-01-17,1385.0250244140625,1421.125,1380.050048828125,1406.675048828125,1397.0872802734375,466682.0
2025-01-17,RITES.NS,2025-01-17,272.0,279.0,269.1000061035156,274.0,265.7810363769531,1779246.0
2025-01-17,HCLTECH.NS,2025-01-17,1773.0,1793.0999755859375,1750.050048828125,1788.9000244140625,1740.852294921875,2424374.0
2025-01-17,RAYMOND.NS,2025-01-17,1588.9000244140625,1616.0,1580.550048828125,1598.1500244140625,1598.1500244140625,223102.0
2025-01-17,POLYCAB.NS,2025-01-17,,,,,,
2025-01-17,SUNPHARMA.NS,2025-01-17,1779.0,1791.949951171875,1767.5999755859375,1786.550048828125,1770.02099609375,1163986.0
2025-01-17,MAXHEALTH.NS,2025-01-17,1051.25,1056.449951171875,1008.7000122070312,1026.6500244140625,1025.4666748046875,2750545.0
2025-01-17,BEML.NS,2025-01-17,1796.175048828125,1832.5,1778.2750244140625,1817.5,1805.8817138671875,592004.0
2025-01-17,HINDUNILVR.NS,2025-01-17,2350.0,2379.300048828125,2343.0,2354.0,2311.333251953125,1333005.0
2025-01-17,DATAPATTNS.NS,2025-01-17,2193.0,2294.699951171875,2170.60009765625,2281.050048828125,2274.2265625,167575.0
2025-01-17,LUPIN.NS,2025-01-17,2098.89990234375,2126.0,2068.050048828125,2113.14990234375,2100.08837890625,289281.0
2025-01-17,POONAWALLA.NS,2025-01-17,,,,,,
2025-01-17,ASHOKLEY.NS,2025-01-17,103.95500183105467,104.43499755859376,102.66999816894533,103.29499816894533,100.81655883789062,6503312.0
2025-01-17,PRESTIGE.NS,2025-01-17,1452.0,1484.0,1439.199951171875,1472.199951171875,1470.50732421875,570227.0
2025-01-17,TECHM.NS,2025-01-17,1684.75,1699.9000244140625,1650.4000244140625,1660.300048828125,1613.6129150390625,2502285.0
2025-01-17,INFY.NS,2025-01-17,1851.0,1858.0,1812.0,1815.449951171875,1763.2672119140625,16409953.0
2025-01-17,MON100.NS,2025-01-17,200.4900054931641,205.4900054931641,197.00999450683597,204.8000030517578,204.8000030517578,563490.0
2025-01-17,NAVINFLUOR.NS,2025-01-17,3779.60009765625,3822.14990234375,3720.0,3755.10009765625,3745.70068359375,102757.0
2025-01-17,RAILTEL.NS,2025-01-17,407.9500122070313,421.6499938964844,402.0,414.3500061035156,410.8483276367188,4060820.0
2025-01-17,INDIGO.NS,2025-01-17,4100.0,4136.0,4068.14990234375,4090.199951171875,4083.299560546875,302579.0
2025-01-17,HDFCBANK.NS,2025-01-17,821.75,825.25,814.25,818.375,807.4605712890625,23112076.0
2025-01-17,KOTAKBANK.NS,2025-01-17,,,,,,
2025-01-17,OBEROIRLTY.NS,2025-01-17,1956.0,1997.050048828125,1937.4000244140625,1988.9000244140625,1979.6387939453125,573104.0
2025-01-17,M&M.NS,2025-01-17,,,,,,
2025-01-17,AUROPHARMA.NS,2025-01-17,1156.0,1181.800048828125,1144.1500244140625,1178.3499755859375,1173.9432373046875,656989.0
2025-01-17,PVRINOX.NS,2025-01-17,1084.75,1110.75,1077.050048828125,1102.199951171875,1102.199951171875,460597.0
2025-01-17,MUTHOOTFIN.NS,2025-01-17,2190.0,2195.0,2143.0,2149.60009765625,2123.611083984375,164362.0
2025-01-17,MPHASIS.NS,2025-01-17,2819.050048828125,2833.85009765625,2785.25,2817.199951171875,2762.010009765625,294222.0
2025-01-17,NESTLEIND.NS,2025-01-17,1090.324951171875,1113.175048828125,1086.2750244140625,1108.5999755859375,1096.9337158203125,911802.0
2025-01-17,INDUSTOWER.NS,2025-01-17,358.1000061035156,365.0,357.1499938964844,362.7000122070313,362.7000122070313,14711286.0
2025-01-17,SBICARD.NS,2025-01-17,764.7000122070312,764.7000122070312,724.6500244140625,740.8499755859375,738.64306640625,1588789.0
2025-01-17,CESC.NS,2025-01-17,150.7899932861328,153.39999389648438,149.10000610351562,152.64999389648438,147.68980407714844,7692289.0
2025-01-17,TITAN.NS,2025-01-17,3319.89990234375,3368.0,3285.050048828125,3357.39990234375,3347.326171875,559153.0
2025-01-17,CUMMINSIND.NS,2025-01-17,2924.949951171875,2959.949951171875,2908.0,2935.25,2889.1357421875,226368.0
2025-01-17,BAJFINANCE.NS,2025-01-17,722.0999755859375,728.4949951171875,715.6300048828125,718.2100219726562,713.8054809570312,6652740.0
2025-01-17,MRF.NS,2025-01-17,114399.953125,114539.1484375,113301.1015625,113948.6484375,113769.953125,3965.0
2025-01-17,ONGC.NS,2025-01-17,262.0,267.0,261.29998779296875,266.57000732421875,253.7811737060547,12148143.0
2025-01-17,GOLDBEES.NS,2025-01-17,66.6500015258789,66.87000274658203,66.61000061035156,66.66000366210938,66.66000366210938,9517063.0
2025-01-17,BHARATFORG.NS,2025-01-17,,,,,,
2025-01-17,CONCOR.NS,2025-01-17,621.5999755859375,626.3200073242188,616.9600219726562,617.9600219726562,608.0038452148438,2824970.0
2025-01-17,OIL.NS,2025-01-17,,,,,,
2025-01-17,DIXON.NS,2025-01-17,17060.0,17330.5,16731.19921875,17224.44921875,17216.787109375,393040.0
2025-01-17,DRREDDY.NS,2025-01-17,1298.0,1320.699951171875,1288.0,1309.4000244140625,1301.14794921875,1432206.0
2025-01-17,APOLLOTYRE.NS,2025-01-17,457.5,458.7000122070313,449.0,452.7999877929688,448.00592041015625,674210.0
2025-01-17,BHARTIARTL.NS,2025-01-17,1630.0999755859375,1639.0,1623.0,1627.5,1614.007080078125,2678801.0
2025-01-17,LALPATHLAB.NS,2025-01-17,2825.0,2829.949951171875,2793.0,2810.050048828125,2786.657470703125,50900.0
2025-01-17,SRF.NS,2025-01-17,2583.0,2632.64990234375,2572.25,2606.449951171875,2599.8544921875,543374.0
2025-01-17,TATACOMM.NS,2025-01-17,1705.0,1722.4000244140625,1695.0,1698.1500244140625,1673.1728515625,72086.0
2025-01-17,CIPLA.NS,2025-01-17,1443.5,1449.6500244140625,1434.0,1442.300048828125,1427.0557861328125,658778.0
2025-01-17,BHEL.NS,2025-01-17,210.2899932861328,214.88999938964844,208.0,214.0800018310547,213.631103515625,11603310.0
2025-01-17,BSOFT.NS,2025-01-17,530.7000122070312,539.0499877929688,527.25,532.5,524.2407836914062,1297405.0
2025-01-17,ZENSARTECH.NS,2025-01-17,761.0,764.6500244140625,745.0,751.7999877929688,740.2150268554688,235584.0
2025-01-17,TATAELXSI.NS,2025-01-17,6190.0,6250.85009765625,6150.0,6212.10009765625,6142.61328125,131996.0
2025-01-17,GRSE.NS,2025-01-17,1448.0,1533.800048828125,1433.550048828125,1507.449951171875,1492.27392578125,1080745.0
2025-01-17,MAZDOCK.NS,2025-01-17,2246.800048828125,2337.25,2227.5,2315.050048828125,2305.29736328125,2714853.0
2025-01-17,TRIDENT.NS,2025-01-17,31.8799991607666,32.189998626708984,31.549999237060547,32.11000061035156,31.625394821166992,4052000.0
2025-01-17,MANAPPURAM.NS,2025-01-17,,,,,,
2025-01-17,IRCON.NS,2025-01-17,215.0,224.8500061035156,213.4600067138672,220.1499938964844,216.58872985839844,25248405.0
2025-01-17,RVNL.NS,2025-01-17,410.0,437.7999877929688,407.0,426.3999938964844,424.1829223632813,24210278.0
2025-01-17,NIFTYBEES.NS,2025-01-17,260.79998779296875,260.79998779296875,258.6000061035156,259.7699890136719,259.7699890136719,3351166.0
2025-01-20,TVSMOTOR.NS,2025-01-20,,,,,,
2025-01-20,HEROMOTOCO.NS,2025-01-20,4117.5,4117.5,4045.550048828125,4092.10009765625,3932.477294921875,254936.0
2025-01-20,LAURUSLABS.NS,2025-01-20,570.5,590.0,564.0999755859375,584.25,582.9723510742188,1836910.0
2025-01-20,SIEMENS.NS,2025-01-20,3633.52685546875,3648.935546875,3588.327880859375,3602.093017578125,3589.450439453125,152373.0
2025-01-20,HAPPSTMNDS.NS,2025-01-20,720.0,730.7000122070312,717.4000244140625,720.8499755859375,713.029296875,724624.0
2025-01-20,BIOCON.NS,2025-01-20,395.0,402.8999938964844,390.75,401.5499877929688,401.0138244628906,8026751.0
2025-01-20,IDFCFIRSTB.NS,2025-01-20,63.0,64.66999816894531,62.36000061035156,63.81999969482422,63.611793518066406,22704592.0
2025-01-20,ICICIBANK.NS,2025-01-20,1223.9000244140625,1241.75,1215.25,1232.949951171875,1223.50927734375,7676418.0
2025-01-20,CAMS.NS,2025-01-20,4420.0,4460.0,4375.0498046875,4430.9501953125,4360.451171875,161291.0
2025-01-20,BPCL.NS,2025-01-20,275.0,278.3999938964844,268.79998779296875,277.29998779296875,262.4325561523437,9623368.0
2025-01-20,JSWSTEEL.NS,2025-01-20,908.5999755859376,925.6500244140624,900.5,919.2000122070312,916.7313842773438,1299378.0
2025-01-20,BDL.NS,2025-01-20,,,,,,
2025-01-20,ITC.NS,2025-01-20,439.0,441.2000122070313,436.0,437.7000122070313,423.1028137207031,8742771.0
2025-01-20,CDSL.NS,2025-01-20,1607.699951171875,1619.3499755859375,1591.300048828125,1598.4000244140625,1585.4730224609375,1507671.0
2025-01-20,BRITANNIA.NS,2025-01-20,4860.0,4908.0,4836.64990234375,4885.39990234375,4822.20458984375,155962.0
2025-01-20,WIPRO.NS,2025-01-20,302.0,305.3999938964844,296.95001220703125,300.25,288.72100830078125,39380165.0
2025-01-20,TATACHEM.NS,2025-01-20,976.9000244140624,982.2000122070312,958.6500244140624,971.4000244140624,960.2734375,1122721.0
2025-01-20,ASIANPAINT.NS,2025-01-20,2272.25,2286.89990234375,2251.0,2280.550048828125,2256.180419921875,555716.0
2025-01-20,EICHERMOT.NS,2025-01-20,5012.35009765625,5038.4501953125,4930.0,5016.75,4952.53271484375,255315.0
2025-01-20,COFORGE.NS,2025-01-20,1728.31005859375,1746.3900146484375,1690.0400390625,1732.4200439453125,1716.671630859375,1751100.0
2025-01-20,IIFL.NS,2025-01-20,400.9500122070313,405.0499877929688,394.0,402.0,402.0,518822.0
2025-01-20,TCS.NS,2025-01-20,4145.7998046875,4145.7998046875,4068.10009765625,4077.800048828125,4013.236083984375,1287799.0
2025-01-20,HAVELLS.NS,2025-01-20,1600.0,1624.949951171875,1576.0,1601.0999755859375,1590.92041015625,1349467.0
2025-01-20,COALINDIA.NS,2025-01-20,389.6000061035156,391.0,382.6499938964844,387.0499877929688,361.0776062011719,14597375.0
2025-01-20,SHREECEM.NS,2025-01-20,25315.44921875,25315.44921875,24967.55078125,25146.0,24981.28125,15923.0
2025-01-20,SBIN.NS,2025-01-20,769.0,785.0,767.8499755859375,779.25,763.9110107421875,9198929.0
2025-01-20,AXISBANK.NS,2025-01-20,992.0499877929688,994.2000122070312,976.5,988.0499877929688,987.206298828125,33440507.0
2025-01-20,IEX.NS,2025-01-20,174.35000610351562,174.35000610351562,170.4499969482422,172.97999572753906,170.1970977783203,2373321.0
2025-01-20,SUZLON.NS,2025-01-20,57.52000045776367,58.790000915527344,56.2599983215332,58.09000015258789,58.09000015258789,49547406.0
2025-01-20,AARTIIND.NS,2025-01-20,446.3999938964844,450.6000061035156,443.0499877929688,449.1499938964844,447.9557800292969,2686026.0
2025-01-20,PERSISTENT.NS,2025-01-20,5994.0,6152.39990234375,5840.0,6090.89990234375,6054.462890625,500440.0
2025-01-20,BATAINDIA.NS,2025-01-20,1322.0,1322.0,1299.300048828125,1302.8499755859375,1293.0072021484375,84532.0
2025-01-20,PIIND.NS,2025-01-20,3623.949951171875,3623.949951171875,3536.0,3597.449951171875,3581.97021484375,163715.0
2025-01-20,GODREJPROP.NS,2025-01-20,2427.449951171875,2445.0,2392.050048828125,2428.14990234375,2428.14990234375,521309.0
2025-01-20,HINDALCO.NS,2025-01-20,617.0499877929688,621.9500122070312,612.25,618.1500244140625,613.6498413085938,2995173.0
2025-01-20,MARUTI.NS,2025-01-20,12147.0498046875,12147.0498046875,11984.0498046875,12020.0498046875,11891.3447265625,251731.0
2025-01-20,MCX.NS,2025-01-20,6070.0,6085.2001953125,5937.0,6026.89990234375,6003.96923828125,224559.0
2025-01-20,SAIL.NS,2025-01-20,109.0,110.25,107.7300033569336,109.87000274658205,108.51001739501952,11548609.0
2025-01-20,RELIANCE.NS,2025-01-20,1316.0,1316.0,1300.25,1305.449951171875,1300.2568359375,14040244.0
2025-01-20,PAGEIND.NS,2025-01-20,46100.0,46673.8984375,45360.0,46339.8515625,45679.71875,15580.0
2025-01-20,HDFCAMC.NS,2025-01-20,2019.324951171875,2044.9749755859373,2000.300048828125,2020.199951171875,1982.986328125,823842.0
2025-01-20,ADANIENT.NS,2025-01-20,,,,,,
2025-01-20,ANGELONE.NS,2025-01-20,2454.5,2609.0,2430.14990234375,2587.5,2541.504150390625,1957385.0
2025-01-20,VOLTAS.NS,2025-01-20,1600.0,1600.0,1530.75,1546.3499755859375,1537.7659912109375,1419203.0
2025-01-20,MARICO.NS,2025-01-20,667.4500122070312,667.4500122070312,655.3499755859375,657.4500122070312,647.522216796875,456518.0
2025-01-20,TATASTEEL.NS,2025-01-20,130.99000549316406,132.10000610351562,128.91000366210938,131.66000366210938,128.6595916748047,20571916.0
2025-01-20,PIDILITIND.NS,2025-01-20,1417.0,1417.0,1391.7249755859375,1393.875,1384.37451171875,404924.0
2025-01-20,RITES.NS,2025-01-20,275.04998779296875,278.20001220703125,272.20001220703125,274.6499938964844,266.4114990234375,982644.0
2025-01-20,HCLTECH.NS,2025-01-20,1790.0999755859375,1799.0,1762.5999755859375,1796.199951171875,1747.9560546875,3401004.0
2025-01-20,RAYMOND.NS,2025-01-20,1613.699951171875,1619.949951171875,1589.25,1605.949951171875,1605.949951171875,125073.0
2025-01-20,POLYCAB.NS,2025-01-20,,,,,,
2025-01-20,SUNPHARMA.NS,2025-01-20,1789.3499755859375,1800.449951171875,1768.300048828125,1778.25,1761.7977294921875,1341246.0
2025-01-20,MAXHEALTH.NS,2025-01-20,1026.6500244140625,1066.75,1015.75,1064.9000244140625,1063.672607421875,2656505.0
2025-01-20,BEML.NS,2025-01-20,1820.0,1911.800048828125,1815.0250244140625,1895.7249755859373,1883.606689453125,635784.0
2025-01-20,HINDUNILVR.NS,2025-01-20,2356.449951171875,2368.0,2335.64990234375,2345.199951171875,2302.692626953125,1382273.0
2025-01-20,DATAPATTNS.NS,2025-01-20,2286.300048828125,2369.85009765625,2264.800048828125,2359.60009765625,2352.541748046875,164854.0
2025-01-20,LUPIN.NS,2025-01-20,2119.14990234375,2134.0,2066.25,2130.64990234375,2117.47998046875,324879.0
2025-01-20,POONAWALLA.NS,2025-01-20,,,,,,
2025-01-20,ASHOKLEY.NS,2025-01-20,103.75,104.91000366210938,102.5250015258789,104.61000061035156,102.10001373291016,10950000.0
2025-01-20,PRESTIGE.NS,2025-01-20,1472.9000244140625,1484.4000244140625,1454.8499755859375,1463.5,1461.8173828125,338038.0
2025-01-20,TECHM.NS,2025-01-20,1663.0,1687.1500244140625,1625.0,1674.5999755859375,1627.5106201171875,4856268.0
2025-01-20,INFY.NS,2025-01-20,1822.949951171875,1827.949951171875,1793.1500244140625,1813.300048828125,1761.17919921875,4333011.0
2025-01-20,MON100.NS,2025-01-20,205.4499969482422,213.4499969482422,204.8000030517578,211.66000366210935,211.66000366210935,1115035.0
2025-01-20,NAVINFLUOR.NS,2025-01-20,3795.10009765625,3795.10009765625,3704.449951171875,3777.14990234375,3767.6953125,99349.0
2025-01-20,RAILTEL.NS,2025-01-20,414.3500061035156,424.0,409.7999877929688,417.0,413.4759521484375,1834522.0
2025-01-20,INDIGO.NS,2025-01-20,4117.0,4166.25,4090.199951171875,4114.2998046875,4107.35888671875,532179.0
2025-01-20,HDFCBANK.NS,2025-01-20,813.0,830.4749755859375,813.0,825.625,814.6138916015625,17557618.0
2025-01-20,KOTAKBANK.NS,2025-01-20,,,,,,
2025-01-20,OBEROIRLTY.NS,2025-01-20,2002.0,2012.3499755859373,1961.050048828125,2002.9000244140625,1993.57373046875,256443.0
2025-01-20,M&M.NS,2025-01-20,,,,,,
2025-01-20,AUROPHARMA.NS,2025-01-20,1180.050048828125,1207.1500244140625,1173.5999755859375,1202.050048828125,1197.5546875,617523.0
2025-01-20,PVRINOX.NS,2025-01-20,1118.0,1118.0,1082.550048828125,1092.449951171875,1092.449951171875,365766.0
2025-01-20,MUTHOOTFIN.NS,2025-01-20,2150.14990234375,2174.800048828125,2131.25,2142.199951171875,2116.30029296875,227843.0
2025-01-20,MPHASIS.NS,2025-01-20,2820.0,2833.0,2751.60009765625,2805.25,2750.294189453125,276667.0
2025-01-20,NESTLEIND.NS,2025-01-20,1109.5999755859375,1112.5,1101.175048828125,1107.0,1095.3505859375,802216.0
2025-01-20,INDUSTOWER.NS,2025-01-20,380.3999938964844,390.4500122070313,370.3500061035156,375.6000061035156,375.6000061035156,23507683.0
2025-01-20,SBICARD.NS,2025-01-20,751.0,764.8499755859375,739.2999877929688,761.5,759.2315673828125,2167132.0
2025-01-20,CESC.NS,2025-01-20,152.8800048828125,153.9600067138672,150.30999755859375,153.4600067138672,148.47349548339844,5268649.0
2025-01-20,TITAN.NS,2025-01-20,3374.10009765625,3407.699951171875,3347.5,3382.25,3372.101806640625,722342.0
2025-01-20,CUMMINSIND.NS,2025-01-20,2959.0,2959.0,2906.85009765625,2943.300048828125,2897.059326171875,227986.0
2025-01-20,BAJFINANCE.NS,2025-01-20,718.2100219726562,747.0,718.2100219726562,744.010009765625,739.447265625,10679710.0
2025-01-20,MRF.NS,2025-01-20,113948.6484375,114044.25,112100.0,113786.6015625,113608.15625,5911.0
2025-01-20,ONGC.NS,2025-01-20,268.1000061035156,270.4700012207031,265.010009765625,269.3599853515625,256.43731689453125,9676264.0
2025-01-20,GOLDBEES.NS,2025-01-20,66.5999984741211,67.29000091552734,66.47000122070312,66.58999633789062,66.58999633789062,7918979.0
2025-01-20,BHARATFORG.NS,2025-01-20,,,,,,
2025-01-20,CONCOR.NS,2025-01-20,618.4000244140625,623.5599975585938,614.719970703125,619.4000244140625,609.420654296875,1548477.0
2025-01-20,OIL.NS,2025-01-20,,,,,,
2025-01-20,DIXON.NS,2025-01-20,17324.0,17687.900390625,17156.05078125,17559.44921875,17551.638671875,360057.0
2025-01-20,DRREDDY.NS,2025-01-20,1308.3499755859375,1309.0,1293.6500244140625,1302.3499755859375,1294.142333984375,561642.0
2025-01-20,APOLLOTYRE.NS,2025-01-20,452.7999877929688,454.8999938964844,447.25,451.2999877929688,446.5217895507813,2372010.0
2025-01-20,BHARTIARTL.NS,2025-01-20,1638.0,1645.0,1618.0999755859375,1641.1500244140625,1627.5439453125,3933044.0
2025-01-20,LALPATHLAB.NS,2025-01-20,2810.050048828125,2839.050048828125,2793.0,2820.5,2797.0205078125,62637.0
2025-01-20,SRF.NS,2025-01-20,2620.0,2632.0,2575.949951171875,2612.10009765625,2605.490478515625,420656.0
2025-01-20,TATACOMM.NS,2025-01-20,1695.0999755859375,1742.449951171875,1679.050048828125,1729.9000244140625,1704.455810546875,146076.0
2025-01-20,CIPLA.NS,2025-01-20,1442.300048828125,1449.550048828125,1428.9000244140625,1445.449951171875,1430.17236328125,738447.0
2025-01-20,BHEL.NS,2025-01-20,215.1499938964844,218.5,213.25,216.9199981689453,216.4651336669922,7252346.0
2025-01-20,BSOFT.NS,2025-01-20,536.9000244140625,538.0,528.5499877929688,533.0999755859375,524.8314208984375,862239.0
2025-01-20,ZENSARTECH.NS,2025-01-20,755.0,759.75,740.5999755859375,754.7999877929688,743.1687622070312,215132.0
2025-01-20,TATAELXSI.NS,2025-01-20,6218.0,6229.0498046875,6121.4501953125,6199.7998046875,6130.45068359375,91944.0
2025-01-20,GRSE.NS,2025-01-20,1517.8499755859375,1599.0,1495.0,1591.550048828125,1575.5272216796875,967459.0
2025-01-20,MAZDOCK.NS,2025-01-20,2320.0,2496.300048828125,2302.10009765625,2438.449951171875,2428.177490234375,5731147.0
2025-01-20,TRIDENT.NS,2025-01-20,32.70000076293945,32.83000183105469,32.16999816894531,32.380001068115234,31.891319274902344,3838679.0
2025-01-20,MANAPPURAM.NS,2025-01-20,,,,,,
2025-01-20,IRCON.NS,2025-01-20,221.3500061035156,229.3999938964844,216.75,218.9199981689453,215.37863159179688,13149405.0
2025-01-20,RVNL.NS,2025-01-20,429.2000122070313,437.4500122070313,416.1000061035156,431.6000061035156,429.35589599609375,9464708.0
2025-01-20,NIFTYBEES.NS,2025-01-20,259.7699890136719,261.8800048828125,259.4100036621094,261.2900085449219,261.2900085449219,4871545.0
2025-01-21,TVSMOTOR.NS,2025-01-21,,,,,,
2025-01-21,HEROMOTOCO.NS,2025-01-21,4092.89990234375,4119.0,4010.0,4024.800048828125,3867.802490234375,287082.0
2025-01-21,LAURUSLABS.NS,2025-01-21,585.0999755859375,593.2000122070312,575.2000122070312,576.9000244140625,575.638427734375,1132012.0
2025-01-21,SIEMENS.NS,2025-01-21,3604.763916015625,3615.916748046875,3470.722412109375,3477.150146484375,3464.946044921875,352632.0
2025-01-21,HAPPSTMNDS.NS,2025-01-21,724.9000244140625,729.9000244140625,716.0,717.3499755859375,709.5672607421875,183957.0
2025-01-21,BIOCON.NS,2025-01-21,403.0,404.7000122070313,389.25,390.5499877929688,390.0285034179688,4681084.0
2025-01-21,IDFCFIRSTB.NS,2025-01-21,64.0,64.33999633789062,62.61000061035156,63.33000183105469,63.12339401245117,18784143.0
2025-01-21,ICICIBANK.NS,2025-01-21,1236.949951171875,1238.949951171875,1192.699951171875,1196.1500244140625,1186.9910888671875,20520898.0
2025-01-21,CAMS.NS,2025-01-21,4499.39990234375,4520.0,4230.0,4248.0498046875,4180.4599609375,392080.0
2025-01-21,BPCL.NS,2025-01-21,278.54998779296875,287.0,278.1499938964844,280.20001220703125,265.1770935058594,15304149.0
2025-01-21,JSWSTEEL.NS,2025-01-21,925.0,933.0,919.5499877929688,926.8499755859376,924.36083984375,1474919.0
2025-01-21,BDL.NS,2025-01-21,,,,,,
2025-01-21,ITC.NS,2025-01-21,438.0,447.0,435.25,437.5499877929688,422.9578247070313,15686500.0
2025-01-21,CDSL.NS,2025-01-21,1600.050048828125,1606.0,1522.0,1527.550048828125,1515.196044921875,3591072.0
2025-01-21,BRITANNIA.NS,2025-01-21,4885.39990234375,4944.14990234375,4850.10009765625,4903.85009765625,4840.416015625,377457.0
2025-01-21,WIPRO.NS,2025-01-21,302.3999938964844,305.8500061035156,297.79998779296875,298.3500061035156,286.8939514160156,15619474.0
2025-01-21,TATACHEM.NS,2025-01-21,974.9500122070312,983.9000244140624,956.0,960.0499877929688,949.0534057617188,792769.0
2025-01-21,ASIANPAINT.NS,2025-01-21,2280.550048828125,2315.0,2255.0,2260.35009765625,2236.1962890625,1410294.0
2025-01-21,EICHERMOT.NS,2025-01-21,5032.35009765625,5080.0,4960.0,4969.9501953125,4906.33203125,416551.0
2025-01-21,COFORGE.NS,2025-01-21,1735.800048828125,1746.5400390625,1648.4300537109375,1652.219970703125,1637.200439453125,2384255.0
2025-01-21,IIFL.NS,2025-01-21,404.0,405.5499877929688,389.5499877929688,391.0,391.0,826878.0
2025-01-21,TCS.NS,2025-01-21,4095.300048828125,4111.0,4030.0,4035.85009765625,3971.950439453125,1971591.0
2025-01-21,HAVELLS.NS,2025-01-21,1609.0,1615.0,1571.0,1576.550048828125,1566.5264892578125,1195387.0
2025-01-21,COALINDIA.NS,2025-01-21,388.0,389.6499938964844,381.0,381.5499877929688,355.9466247558594,20854879.0
2025-01-21,SHREECEM.NS,2025-01-21,25107.599609375,25550.0,25010.099609375,25086.75,24922.419921875,15268.0
2025-01-21,SBIN.NS,2025-01-21,784.7999877929688,784.9000244140625,756.0499877929688,759.0499877929688,744.1085815429688,13751780.0
2025-01-21,AXISBANK.NS,2025-01-21,993.5999755859376,994.4500122070312,963.0,970.2000122070312,969.37158203125,11894500.0
2025-01-21,IEX.NS,2025-01-21,172.97999572753906,174.25,169.08999633789062,170.19000244140625,167.45199584960938,3252863.0
2025-01-21,SUZLON.NS,2025-01-21,58.34999847412109,58.470001220703125,56.34999847412109,57.43000030517578,57.43000030517578,33972001.0
2025-01-21,AARTIIND.NS,2025-01-21,451.8500061035156,466.3999938964844,450.4500122070313,453.0499877929688,451.8453979492188,8709687.0
2025-01-21,PERSISTENT.NS,2025-01-21,6095.39990234375,6143.75,5881.7001953125,5896.7001953125,5861.42529296875,281341.0
2025-01-21,BATAINDIA.NS,2025-01-21,1302.9000244140625,1313.199951171875,1285.0999755859375,1288.8499755859375,1279.113037109375,116474.0
2025-01-21,PIIND.NS,2025-01-21,3616.949951171875,3620.0,3504.0,3519.85009765625,3504.704345703125,187358.0
2025-01-21,GODREJPROP.NS,2025-01-21,2440.0,2446.449951171875,2359.0,2365.85009765625,2365.85009765625,806390.0
2025-01-21,HINDALCO.NS,2025-01-21,626.0499877929688,628.3499755859375,613.4500122070312,614.9500122070312,610.4730834960938,3529837.0
2025-01-21,MARUTI.NS,2025-01-21,12017.0498046875,12139.7998046875,11862.0498046875,11883.7001953125,11756.455078125,300038.0
2025-01-21,MCX.NS,2025-01-21,5950.0,5950.0,5301.2998046875,5504.9501953125,5484.00537109375,2045958.0
2025-01-21,SAIL.NS,2025-01-21,110.0,111.56999969482422,108.1999969482422,109.87999725341795,108.51988220214844,17016648.0
2025-01-21,RELIANCE.NS,2025-01-21,1310.5,1313.0,1270.199951171875,1273.699951171875,1268.6331787109375,14562976.0
2025-01-21,PAGEIND.NS,2025-01-21,46339.8515625,46933.6484375,45866.3515625,45975.8515625,45320.90625,26933.0
2025-01-21,HDFCAMC.NS,2025-01-21,2021.9749755859373,2042.75,2005.875,2014.8499755859373,1977.73486328125,821218.0
2025-01-21,ADANIENT.NS,2025-01-21,,,,,,
2025-01-21,ANGELONE.NS,2025-01-21,2573.0,2587.14990234375,2482.10009765625,2525.300048828125,2490.999755859375,1096699.0
2025-01-21,VOLTAS.NS,2025-01-21,1552.0,1558.9000244140625,1500.449951171875,1504.3499755859375,1495.9991455078125,722888.0
2025-01-21,MARICO.NS,2025-01-21,662.0999755859375,668.2999877929688,657.1500244140625,666.4000244140625,656.3370971679688,2291644.0
2025-01-21,TATASTEEL.NS,2025-01-21,132.05999755859375,132.39999389648438,129.25,129.6999969482422,126.74424743652344,32238213.0
2025-01-21,PIDILITIND.NS,2025-01-21,1400.0,1407.4749755859375,1370.0,1374.8499755859375,1365.4791259765625,719224.0
2025-01-21,RITES.NS,2025-01-21,276.0,276.75,265.0,266.54998779296875,258.5544738769531,1141568.0
2025-01-21,HCLTECH.NS,2025-01-21,1791.4000244140625,1820.75,1791.4000244140625,1802.4000244140625,1753.9896240234375,4005357.0
2025-01-21,RAYMOND.NS,2025-01-21,1614.0,1630.6500244140625,1571.0,1578.199951171875,1578.199951171875,148559.0
2025-01-21,POLYCAB.NS,2025-01-21,,,,,,
2025-01-21,SUNPHARMA.NS,2025-01-21,1772.0999755859375,1805.75,1759.5,1762.699951171875,1746.3914794921875,2489267.0
2025-01-21,MAXHEALTH.NS,2025-01-21,1068.0,1088.0,1061.6500244140625,1078.199951171875,1076.9571533203125,2450803.0
2025-01-21,BEML.NS,2025-01-21,1897.675048828125,1907.2249755859373,1826.75,1836.625,1824.884521484375,353986.0
2025-01-21,HINDUNILVR.NS,2025-01-21,2353.5,2377.300048828125,2332.449951171875,2340.5,2298.077880859375,1842885.0
2025-01-21,DATAPATTNS.NS,2025-01-21,2359.25,2389.449951171875,2279.0,2296.050048828125,2289.181640625,103497.0
2025-01-21,LUPIN.NS,2025-01-21,2136.0,2155.449951171875,2098.0,2104.25,2091.243408203125,433520.0
2025-01-21,POONAWALLA.NS,2025-01-21,,,,,,
2025-01-21,ASHOKLEY.NS,2025-01-21,105.0,105.4499969482422,102.0749969482422,102.37999725341795,99.92350769042967,11790436.0
2025-01-21,PRESTIGE.NS,2025-01-21,1463.5,1481.949951171875,1382.0,1388.9000244140625,1387.30322265625,975343.0
2025-01-21,TECHM.NS,2025-01-21,1674.5999755859375,1703.550048828125,1636.0999755859375,1640.5,1594.36962890625,2500061.0
2025-01-21,INFY.NS,2025-01-21,1819.050048828125,1831.6500244140625,1793.050048828125,1800.699951171875,1748.941162109375,7169109.0
2025-01-21,MON100.NS,2025-01-21,217.5,217.5,205.5200042724609,206.4600067138672,206.4600067138672,1009312.0
2025-01-21,NAVINFLUOR.NS,2025-01-21,3798.0,3851.0,3756.35009765625,3797.0,3787.49560546875,487645.0
2025-01-21,RAILTEL.NS,2025-01-21,417.0,417.6000061035156,399.0,401.25,397.8590393066406,1770717.0
2025-01-21,INDIGO.NS,2025-01-21,4130.0,4139.9501953125,3985.050048828125,4009.800048828125,4003.035400390625,1419661.0
2025-01-21,HDFCBANK.NS,2025-01-21,829.125,830.5250244140625,816.5250244140625,821.2000122070312,810.2479248046875,31158144.0
2025-01-21,KOTAKBANK.NS,2025-01-21,,,,,,
2025-01-21,OBEROIRLTY.NS,2025-01-21,2011.0999755859373,2020.0,1812.0999755859373,1858.050048828125,1849.398193359375,3905130.0
2025-01-21,M&M.NS,2025-01-21,,,,,,
2025-01-21,AUROPHARMA.NS,2025-01-21,1202.0999755859375,1219.8499755859375,1184.949951171875,1187.0,1182.5609130859375,456276.0
2025-01-21,PVRINOX.NS,2025-01-21,1095.0,1110.0,1075.0,1077.4000244140625,1077.4000244140625,547665.0
2025-01-21,MUTHOOTFIN.NS,2025-01-21,2150.0,2183.0,2130.0,2165.050048828125,2138.874267578125,212025.0
2025-01-21,MPHASIS.NS,2025-01-21,2805.25,2854.199951171875,2769.35009765625,2773.550048828125,2719.21533203125,322108.0
2025-01-21,NESTLEIND.NS,2025-01-21,1112.5,1120.0,1095.7750244140625,1098.2249755859375,1086.66796875,1528828.0
2025-01-21,INDUSTOWER.NS,2025-01-21,373.8999938964844,374.0,360.6499938964844,361.6499938964844,361.6499938964844,5167716.0
2025-01-21,SBICARD.NS,2025-01-21,763.0,769.4000244140625,746.0,762.5999755859375,760.3283081054688,2834308.0
2025-01-21,CESC.NS,2025-01-21,154.8800048828125,154.88999938964844,147.0,147.47000122070312,142.67813110351562,5653435.0
2025-01-21,TITAN.NS,2025-01-21,3400.949951171875,3412.699951171875,3335.14990234375,3353.35009765625,3343.28857421875,1016047.0
2025-01-21,CUMMINSIND.NS,2025-01-21,2945.0,2973.0,2900.0,2903.800048828125,2858.179931640625,403269.0
2025-01-21,BAJFINANCE.NS,2025-01-21,745.0,748.5,727.760009765625,729.1649780273438,724.6932373046875,10032060.0
2025-01-21,MRF.NS,2025-01-21,113790.0,115294.796875,111912.046875,112097.25,111921.453125,6999.0
2025-01-21,ONGC.NS,2025-01-21,268.04998779296875,269.3500061035156,264.8099975585937,265.79998779296875,253.048095703125,8989218.0
2025-01-21,GOLDBEES.NS,2025-01-21,68.5999984741211,68.5999984741211,66.3499984741211,66.94999694824219,66.94999694824219,7592915.0
2025-01-21,BHARATFORG.NS,2025-01-21,,,,,,
2025-01-21,CONCOR.NS,2025-01-21,620.0,622.3200073242188,601.5999755859375,604.719970703125,594.9771728515625,1212150.0
2025-01-21,OIL.NS,2025-01-21,,,,,,
2025-01-21,DIXON.NS,2025-01-21,17248.25,17351.0,15028.0,15144.349609375,15137.61328125,2171945.0
2025-01-21,DRREDDY.NS,2025-01-21,1302.3499755859375,1312.949951171875,1285.6500244140625,1288.1500244140625,1280.0318603515625,738787.0
2025-01-21,APOLLOTYRE.NS,2025-01-21,453.6000061035156,458.2000122070313,446.3500061035156,447.6000061035156,442.8609924316406,1474758.0
2025-01-21,BHARTIARTL.NS,2025-01-21,1654.0,1656.699951171875,1620.300048828125,1626.1500244140625,1612.6683349609375,7958844.0
2025-01-21,LALPATHLAB.NS,2025-01-21,2815.75,2850.64990234375,2774.699951171875,2794.300048828125,2771.03857421875,129691.0
2025-01-21,SRF.NS,2025-01-21,2614.0,2632.0,2571.39990234375,2575.14990234375,2568.6337890625,337461.0
2025-01-21,TATACOMM.NS,2025-01-21,1748.0,1748.0,1685.0,1697.050048828125,1672.089111328125,195763.0
2025-01-21,CIPLA.NS,2025-01-21,1450.5,1464.800048828125,1425.0,1428.0,1412.9068603515625,820225.0
2025-01-21,BHEL.NS,2025-01-21,217.19000244140625,218.2400054931641,208.8000030517578,209.5500030517578,209.110595703125,8267629.0
2025-01-21,BSOFT.NS,2025-01-21,535.0,545.0,523.0,525.4500122070312,517.3001708984375,884745.0
2025-01-21,ZENSARTECH.NS,2025-01-21,755.0,765.4500122070312,736.0999755859375,740.0,728.5968017578125,363183.0
2025-01-21,TATAELXSI.NS,2025-01-21,6220.2001953125,6275.0,6140.0,6153.9501953125,6085.11376953125,87671.0
2025-01-21,GRSE.NS,2025-01-21,1600.0,1631.0,1540.0,1548.8499755859375,1533.2572021484375,723457.0
2025-01-21,MAZDOCK.NS,2025-01-21,2460.0,2490.0,2333.35009765625,2351.85009765625,2341.942626953125,3319166.0
2025-01-21,TRIDENT.NS,2025-01-21,32.380001068115234,32.68000030517578,31.809999465942383,32.0099983215332,31.526901245117188,4086491.0
2025-01-21,MANAPPURAM.NS,2025-01-21,,,,,,
2025-01-21,IRCON.NS,2025-01-21,219.5,220.4499969482422,212.0,213.7400054931641,210.2824249267578,6585779.0
2025-01-21,RVNL.NS,2025-01-21,433.0,435.7000122070313,416.75,419.2000122070313,417.0203857421875,7758398.0
2025-01-21,NIFTYBEES.NS,2025-01-21,262.2900085449219,262.4700012207031,257.3399963378906,257.9100036621094,257.9100036621094,8501767.0
2025-01-22,TVSMOTOR.NS,2025-01-22,,,,,,
2025-01-22,HEROMOTOCO.NS,2025-01-22,4027.0,4072.0,4027.0,4055.699951171875,3897.496826171875,272889.0
2025-01-22,LAURUSLABS.NS,2025-01-22,580.0,582.0999755859375,554.5499877929688,570.8499755859375,569.6016235351562,1598673.0
2025-01-22,SIEMENS.NS,2025-01-22,3498.458251953125,3510.1689453125,3392.85693359375,3437.733154296875,3425.667236328125,403985.0
2025-01-22,HAPPSTMNDS.NS,2025-01-22,715.3499755859375,719.9000244140625,708.0,715.9500122070312,708.1824951171875,156970.0
2025-01-22,BIOCON.NS,2025-01-22,390.5499877929688,392.3500061035156,380.1000061035156,388.0499877929688,387.5318298339844,2830379.0
2025-01-22,IDFCFIRSTB.NS,2025-01-22,63.34000015258789,63.43999862670898,61.619998931884766,62.81999969482422,62.61505508422852,18763271.0
2025-01-22,ICICIBANK.NS,2025-01-22,1201.0,1207.5,1191.800048828125,1200.449951171875,1191.258056640625,10377123.0
2025-01-22,CAMS.NS,2025-01-22,4250.0,4257.0498046875,3976.0,4075.25,4010.41015625,602893.0
2025-01-22,BPCL.NS,2025-01-22,282.0,283.54998779296875,274.04998779296875,277.6000061035156,262.71649169921875,6301894.0
2025-01-22,JSWSTEEL.NS,2025-01-22,932.0,932.0,907.1500244140624,919.4000244140624,916.930908203125,1080075.0
2025-01-22,BDL.NS,2025-01-22,,,,,,
2025-01-22,ITC.NS,2025-01-22,439.8999938964844,441.9500122070313,436.5499877929688,437.0,422.4261779785156,9619648.0
2025-01-22,CDSL.NS,2025-01-22,1526.0,1526.0,1474.050048828125,1504.699951171875,1492.53076171875,2987026.0
2025-01-22,BRITANNIA.NS,2025-01-22,4930.0,4975.2001953125,4883.2001953125,4956.7001953125,4892.58251953125,460132.0
2025-01-22,WIPRO.NS,2025-01-22,299.3500061035156,310.0,299.3500061035156,309.1000061035156,297.231201171875,30859317.0
2025-01-22,TATACHEM.NS,2025-01-22,962.0,966.25,941.0499877929688,954.0499877929688,943.1221313476562,744699.0
2025-01-22,ASIANPAINT.NS,2025-01-22,2270.0,2270.0,2244.89990234375,2262.10009765625,2237.927734375,835523.0
2025-01-22,EICHERMOT.NS,2025-01-22,4980.0,5025.0,4953.2001953125,5009.7001953125,4945.5732421875,494734.0
2025-01-22,COFORGE.NS,2025-01-22,1663.1600341796875,1672.989990234375,1628.52001953125,1645.6400146484375,1630.680419921875,1743890.0
2025-01-22,IIFL.NS,2025-01-22,392.9500122070313,393.0,377.75,385.5,385.5,777577.0
2025-01-22,TCS.NS,2025-01-22,4050.0,4163.14990234375,4044.199951171875,4156.60009765625,4090.78857421875,2409223.0
2025-01-22,HAVELLS.NS,2025-01-22,1574.949951171875,1576.5,1535.550048828125,1553.6500244140625,1547.6988525390625,820772.0
2025-01-22,COALINDIA.NS,2025-01-22,381.5,383.8999938964844,374.6499938964844,379.2000122070313,353.7543640136719,10653690.0
2025-01-22,SHREECEM.NS,2025-01-22,25105.099609375,25428.0,25025.400390625,25292.55078125,25126.873046875,27398.0
2025-01-22,SBIN.NS,2025-01-22,762.0,763.0,738.0,753.4500122070312,738.6188354492188,9908339.0
2025-01-22,AXISBANK.NS,2025-01-22,975.75,975.75,954.0,959.2999877929688,958.4808349609376,17303146.0
2025-01-22,IEX.NS,2025-01-22,170.00999450683594,170.10000610351562,164.5,168.17999267578125,165.4743194580078,3562943.0
2025-01-22,SUZLON.NS,2025-01-22,57.43000030517578,57.84000015258789,54.54999923706055,55.119998931884766,55.119998931884766,48986568.0
2025-01-22,AARTIIND.NS,2025-01-22,455.7999877929688,456.25,428.1499938964844,440.8500061035156,439.6778564453125,3307939.0
2025-01-22,PERSISTENT.NS,2025-01-22,5750.0,5872.5,5445.0,5683.14990234375,5649.15234375,1209268.0
2025-01-22,BATAINDIA.NS,2025-01-22,1296.4000244140625,1296.6500244140625,1260.5,1276.1500244140625,1266.509033203125,222066.0
2025-01-22,PIIND.NS,2025-01-22,3523.64990234375,3561.89990234375,3465.5,3500.64990234375,3485.5869140625,194028.0
2025-01-22,GODREJPROP.NS,2025-01-22,2365.85009765625,2380.10009765625,2200.0,2240.550048828125,2240.550048828125,1092303.0
2025-01-22,HINDALCO.NS,2025-01-22,615.0,615.4000244140625,605.3499755859375,613.4500122070312,608.9840087890625,4426051.0
2025-01-22,MARUTI.NS,2025-01-22,11900.0498046875,12078.849609375,11900.0498046875,12020.349609375,11891.6416015625,396590.0
2025-01-22,MCX.NS,2025-01-22,5559.89990234375,5753.89990234375,5450.0,5724.35009765625,5702.57080078125,1540736.0
2025-01-22,SAIL.NS,2025-01-22,109.51000213623048,110.4000015258789,104.7699966430664,107.0999984741211,105.77429962158205,12682214.0
2025-01-22,RELIANCE.NS,2025-01-22,1278.300048828125,1282.9000244140625,1268.699951171875,1277.0999755859375,1272.0196533203125,10273590.0
2025-01-22,PAGEIND.NS,2025-01-22,46280.0,46671.3515625,45700.0,46073.3515625,45417.015625,42794.0
2025-01-22,HDFCAMC.NS,2025-01-22,2029.9000244140625,2029.9000244140625,1962.75,1975.550048828125,1939.158935546875,1012250.0
2025-01-22,ADANIENT.NS,2025-01-22,,,,,,
2025-01-22,ANGELONE.NS,2025-01-22,2515.0,2522.75,2390.0,2442.35009765625,2409.176513671875,1310829.0
2025-01-22,VOLTAS.NS,2025-01-22,1503.699951171875,1511.9000244140625,1465.0,1487.050048828125,1478.795166015625,842352.0
2025-01-22,MARICO.NS,2025-01-22,668.0,670.0,660.8499755859375,665.3499755859375,655.3029174804688,2086320.0
2025-01-22,TATASTEEL.NS,2025-01-22,130.25,130.35000610351562,127.12000274658205,128.9199981689453,125.98202514648438,27505569.0
2025-01-22,PIDILITIND.NS,2025-01-22,1378.449951171875,1382.5,1362.550048828125,1377.375,1367.9869384765625,626882.0
2025-01-22,RITES.NS,2025-01-22,267.79998779296875,268.79998779296875,259.29998779296875,264.0,256.0809936523437,1101047.0
2025-01-22,HCLTECH.NS,2025-01-22,1808.199951171875,1831.449951171875,1804.050048828125,1827.699951171875,1778.6099853515625,3009261.0
2025-01-22,RAYMOND.NS,2025-01-22,1578.0,1591.0,1511.0,1522.300048828125,1522.300048828125,208443.0
2025-01-22,POLYCAB.NS,2025-01-22,,,,,,
2025-01-22,SUNPHARMA.NS,2025-01-22,1777.0,1803.5999755859373,1773.8499755859375,1798.949951171875,1782.30615234375,2262270.0
2025-01-22,MAXHEALTH.NS,2025-01-22,1073.0,1082.75,1048.550048828125,1066.4000244140625,1065.1708984375,1569733.0
2025-01-22,BEML.NS,2025-01-22,1840.0,1848.75,1773.2249755859375,1807.074951171875,1795.5233154296875,309842.0
2025-01-22,HINDUNILVR.NS,2025-01-22,2342.550048828125,2362.0,2332.199951171875,2342.949951171875,2300.4833984375,2658047.0
2025-01-22,DATAPATTNS.NS,2025-01-22,2289.5,2291.199951171875,2150.0,2199.949951171875,2193.369140625,144877.0
2025-01-22,LUPIN.NS,2025-01-22,2104.5,2146.0,2089.10009765625,2139.14990234375,2125.927490234375,679655.0
2025-01-22,POONAWALLA.NS,2025-01-22,,,,,,
2025-01-22,ASHOKLEY.NS,2025-01-22,103.0,104.48999786376952,102.25,103.40499877929688,100.92391967773438,20175578.0
2025-01-22,PRESTIGE.NS,2025-01-22,1390.0,1391.949951171875,1297.3499755859375,1319.300048828125,1317.783203125,2838088.0
2025-01-22,TECHM.NS,2025-01-22,1642.699951171875,1688.75,1635.25,1683.949951171875,1636.59765625,2478559.0
2025-01-22,INFY.NS,2025-01-22,1807.4000244140625,1865.800048828125,1805.1500244140625,1856.449951171875,1803.0887451171875,8373913.0
2025-01-22,MON100.NS,2025-01-22,211.9499969482422,213.4499969482422,207.0200042724609,212.80999755859372,212.80999755859372,939415.0
2025-01-22,NAVINFLUOR.NS,2025-01-22,3814.64990234375,3814.64990234375,3611.199951171875,3687.35009765625,3678.1201171875,201921.0
2025-01-22,RAILTEL.NS,2025-01-22,406.75,409.7999877929688,382.3999938964844,391.0,387.6956481933594,2523108.0
2025-01-22,INDIGO.NS,2025-01-22,4030.0,4094.64990234375,3945.0,4011.5,4004.732421875,1055656.0
2025-01-22,HDFCBANK.NS,2025-01-22,821.2000122070312,835.9500122070312,812.7249755859375,833.0250244140625,821.9152221679688,30619306.0
2025-01-22,KOTAKBANK.NS,2025-01-22,,,,,,
2025-01-22,OBEROIRLTY.NS,2025-01-22,1858.0,1858.0,1731.5,1763.1500244140625,1754.93994140625,2879895.0
2025-01-22,M&M.NS,2025-01-22,,,,,,
2025-01-22,AUROPHARMA.NS,2025-01-22,1187.0,1194.699951171875,1170.75,1191.800048828125,1187.343017578125,603526.0
2025-01-22,PVRINOX.NS,2025-01-22,1074.949951171875,1076.8499755859375,1051.550048828125,1068.699951171875,1068.699951171875,680552.0
2025-01-22,MUTHOOTFIN.NS,2025-01-22,2165.050048828125,2204.5,2141.199951171875,2197.449951171875,2170.88232421875,649820.0
2025-01-22,MPHASIS.NS,2025-01-22,2773.85009765625,2813.949951171875,2753.89990234375,2808.949951171875,2753.921630859375,421294.0
2025-01-22,NESTLEIND.NS,2025-01-22,1098.2249755859375,1106.4749755859375,1097.074951171875,1103.9000244140625,1092.283203125,896072.0
2025-01-22,INDUSTOWER.NS,2025-01-22,361.6000061035156,361.8999938964844,348.5,357.1000061035156,357.1000061035156,9032850.0
2025-01-22,SBICARD.NS,2025-01-22,762.5999755859375,764.2000122070312,746.2999877929688,756.5499877929688,754.2963256835938,1183516.0
2025-01-22,CESC.NS,2025-01-22,146.91000366210938,147.58999633789062,140.75,142.47000122070312,137.84059143066406,6696262.0
2025-01-22,TITAN.NS,2025-01-22,3354.800048828125,3385.0,3334.64990234375,3356.449951171875,3346.379150390625,598329.0
2025-01-22,CUMMINSIND.NS,2025-01-22,2925.0,2925.0,2822.699951171875,2883.75,2838.44482421875,619181.0
2025-01-22,BAJFINANCE.NS,2025-01-22,733.9000244140625,742.0250244140625,726.0349731445312,739.7150268554688,735.1785888671875,7273680.0
2025-01-22,MRF.NS,2025-01-22,113000.0,113003.3984375,110525.6015625,111599.8515625,111424.8359375,5531.0
2025-01-22,ONGC.NS,2025-01-22,266.0,266.3900146484375,261.7099914550781,264.04998779296875,251.3820343017578,7919682.0
2025-01-22,GOLDBEES.NS,2025-01-22,67.25,67.69000244140625,67.05999755859375,67.62000274658203,67.62000274658203,11577541.0
2025-01-22,BHARATFORG.NS,2025-01-22,,,,,,
2025-01-22,CONCOR.NS,2025-01-22,606.0,607.719970703125,592.3200073242188,604.8400268554688,595.09521484375,1320342.0
2025-01-22,OIL.NS,2025-01-22,,,,,,
2025-01-22,DIXON.NS,2025-01-22,15200.0,15239.7001953125,14280.0,14714.5,14707.9541015625,1219026.0
2025-01-22,DRREDDY.NS,2025-01-22,1291.0,1308.0,1288.0,1296.25,1288.080810546875,1301422.0
2025-01-22,APOLLOTYRE.NS,2025-01-22,449.9500122070313,453.4500122070313,432.6499938964844,439.0,434.3520202636719,1380036.0
2025-01-22,BHARTIARTL.NS,2025-01-22,1627.5,1641.0,1622.550048828125,1631.75,1618.2218017578125,3262136.0
2025-01-22,LALPATHLAB.NS,2025-01-22,2808.39990234375,2850.0,2794.300048828125,2842.85009765625,2819.1845703125,164288.0
2025-01-22,SRF.NS,2025-01-22,2570.0,2587.199951171875,2487.0,2523.14990234375,2516.765380859375,486965.0
2025-01-22,TATACOMM.NS,2025-01-22,1697.0,1707.800048828125,1588.1500244140625,1677.949951171875,1653.2698974609375,1056383.0
2025-01-22,CIPLA.NS,2025-01-22,1431.0999755859375,1440.949951171875,1420.199951171875,1439.4000244140625,1424.1864013671875,808605.0
2025-01-22,BHEL.NS,2025-01-22,210.0,210.19000244140625,199.3699951171875,205.4600067138672,205.0291748046875,11550327.0
2025-01-22,BSOFT.NS,2025-01-22,529.0,531.9500122070312,516.7999877929688,530.0999755859375,521.8779907226562,1552305.0
2025-01-22,ZENSARTECH.NS,2025-01-22,740.0,757.0,718.8499755859375,750.0499877929688,738.491943359375,575535.0
2025-01-22,TATAELXSI.NS,2025-01-22,6170.0,6178.0,6060.7001953125,6167.35009765625,6098.36376953125,124965.0
2025-01-22,GRSE.NS,2025-01-22,1548.6500244140625,1552.5,1467.75,1542.6500244140625,1527.11962890625,479181.0
2025-01-22,MAZDOCK.NS,2025-01-22,2355.0,2367.14990234375,2217.0,2287.75,2278.1123046875,2433006.0
2025-01-22,TRIDENT.NS,2025-01-22,31.989999771118164,31.989999771118164,31.0,31.489999771118164,31.01474952697754,3787464.0
2025-01-22,MANAPPURAM.NS,2025-01-22,,,,,,
2025-01-22,IRCON.NS,2025-01-22,213.69000244140625,213.69000244140625,203.8000030517578,210.1100006103516,206.71115112304688,6445532.0
2025-01-22,RVNL.NS,2025-01-22,420.5,423.0,398.6499938964844,408.0,405.8786010742188,5563380.0
2025-01-22,NIFTYBEES.NS,2025-01-22,259.79998779296875,259.79998779296875,257.17999267578125,258.8500061035156,258.8500061035156,5660999.0
2025-01-23,TVSMOTOR.NS,2025-01-23,,,,,,
2025-01-23,HEROMOTOCO.NS,2025-01-23,4055.699951171875,4115.0,4025.0,4100.35009765625,3940.405517578125,282745.0
2025-01-23,LAURUSLABS.NS,2025-01-23,571.0499877929688,587.0,569.4000244140625,585.1500244140625,583.8704223632812,1495768.0
2025-01-23,SIEMENS.NS,2025-01-23,3451.527587890625,3600.06787109375,3450.8818359375,3561.824951171875,3549.323486328125,409453.0
2025-01-23,HAPPSTMNDS.NS,2025-01-23,715.5,728.7000122070312,713.8499755859375,716.0999755859375,708.3308715820312,547241.0
2025-01-23,BIOCON.NS,2025-01-23,385.5499877929688,399.6499938964844,385.5499877929688,397.2999877929688,396.7695007324219,3214357.0
2025-01-23,IDFCFIRSTB.NS,2025-01-23,62.77000045776367,63.790000915527344,62.29999923706055,63.11000061035156,62.904109954833984,12498402.0
2025-01-23,ICICIBANK.NS,2025-01-23,1197.25,1207.9000244140625,1186.0,1201.75,1192.5482177734375,8770650.0
2025-01-23,CAMS.NS,2025-01-23,4075.25,4187.64990234375,4030.10009765625,4159.25,4093.07373046875,525391.0
2025-01-23,BPCL.NS,2025-01-23,283.0,285.0,270.29998779296875,271.25,256.7069091796875,18806324.0
2025-01-23,JSWSTEEL.NS,2025-01-23,919.0499877929688,937.3499755859376,912.7999877929688,929.9000244140624,927.4026489257812,1267989.0
2025-01-23,BDL.NS,2025-01-23,,,,,,
2025-01-23,ITC.NS,2025-01-23,435.0,441.8500061035156,434.1000061035156,440.2000122070313,425.51947021484375,8888248.0
2025-01-23,CDSL.NS,2025-01-23,1503.8499755859375,1528.699951171875,1485.449951171875,1516.1500244140625,1503.88818359375,2036494.0
2025-01-23,BRITANNIA.NS,2025-01-23,4944.14990234375,5042.9501953125,4883.2001953125,5012.60009765625,4947.75927734375,361082.0
2025-01-23,WIPRO.NS,2025-01-23,311.1000061035156,324.6000061035156,310.6499938964844,317.70001220703125,305.5009765625,39904371.0
2025-01-23,TATACHEM.NS,2025-01-23,953.7999877929688,985.0,941.1500244140624,975.4500122070312,964.2770385742188,730913.0
2025-01-23,ASIANPAINT.NS,2025-01-23,2262.10009765625,2301.800048828125,2246.199951171875,2276.35009765625,2252.025390625,1142465.0
2025-01-23,EICHERMOT.NS,2025-01-23,4996.60009765625,5158.0,4977.7998046875,5116.2001953125,5050.7099609375,442186.0
2025-01-23,COFORGE.NS,2025-01-23,1742.0,1864.0,1730.4200439453125,1839.2900390625,1822.570068359375,11712525.0
2025-01-23,IIFL.NS,2025-01-23,387.9500122070313,392.3500061035156,382.2999877929688,386.4500122070313,386.4500122070313,475665.0
2025-01-23,TCS.NS,2025-01-23,4168.0,4191.35009765625,4140.0498046875,4145.4501953125,4079.815185546875,1822998.0
2025-01-23,HAVELLS.NS,2025-01-23,1548.0999755859375,1605.0,1538.699951171875,1595.300048828125,1589.1893310546875,872416.0
2025-01-23,COALINDIA.NS,2025-01-23,377.5,388.2000122070313,376.2000122070313,385.7999877929688,359.9114685058594,5844752.0
2025-01-23,SHREECEM.NS,2025-01-23,25200.0,26025.0,25182.19921875,25926.80078125,25756.966796875,58591.0
2025-01-23,SBIN.NS,2025-01-23,750.0,755.6500244140625,743.0999755859375,745.9000244140625,731.2174682617188,10986405.0
2025-01-23,AXISBANK.NS,2025-01-23,954.0,963.7000122070312,948.0,951.0499877929688,950.2379150390624,24649522.0
2025-01-23,IEX.NS,2025-01-23,167.80999755859375,168.47000122070312,166.5399932861328,167.4499969482422,164.75607299804688,2492263.0
2025-01-23,SUZLON.NS,2025-01-23,55.119998931884766,56.63999938964844,54.18999862670898,54.310001373291016,54.310001373291016,49582278.0
2025-01-23,AARTIIND.NS,2025-01-23,440.5499877929688,452.0,436.0499877929688,448.4500122070313,447.2576599121094,1474236.0
2025-01-23,PERSISTENT.NS,2025-01-23,5790.0,6359.10009765625,5783.14990234375,6287.7001953125,6250.08642578125,2738505.0
2025-01-23,BATAINDIA.NS,2025-01-23,1279.949951171875,1310.699951171875,1275.0,1300.9000244140625,1291.072021484375,426525.0
2025-01-23,PIIND.NS,2025-01-23,3522.550048828125,3570.949951171875,3482.64990234375,3526.64990234375,3511.474853515625,103745.0
2025-01-23,GODREJPROP.NS,2025-01-23,2240.5,2259.949951171875,2196.800048828125,2225.64990234375,2225.64990234375,1242922.0
2025-01-23,HINDALCO.NS,2025-01-23,611.0,616.2000122070312,607.2000122070312,608.25,603.8218994140625,6826419.0
2025-01-23,MARUTI.NS,2025-01-23,12005.0,12106.2998046875,11961.2998046875,12045.75,11916.7705078125,480876.0
2025-01-23,MCX.NS,2025-01-23,5724.35009765625,5950.0,5701.10009765625,5860.0,5837.70458984375,611014.0
2025-01-23,SAIL.NS,2025-01-23,106.58000183105467,109.8499984741211,106.5,109.13999938964844,107.78904724121094,7849758.0
2025-01-23,RELIANCE.NS,2025-01-23,1270.0,1277.3499755859375,1261.5999755859375,1263.6500244140625,1258.6231689453125,8720682.0
2025-01-23,PAGEIND.NS,2025-01-23,46165.6015625,46913.8984375,45794.1015625,46768.75,46102.5078125,29451.0
2025-01-23,HDFCAMC.NS,2025-01-23,1971.0,2016.550048828125,1952.2249755859373,2000.8499755859373,1963.9927978515625,597190.0
2025-01-23,ADANIENT.NS,2025-01-23,,,,,,
2025-01-23,ANGELONE.NS,2025-01-23,2434.0,2494.0,2397.800048828125,2431.449951171875,2398.42431640625,1226568.0
2025-01-23,VOLTAS.NS,2025-01-23,1479.0,1531.949951171875,1464.5,1497.6500244140625,1489.3363037109375,1007459.0
2025-01-23,MARICO.NS,2025-01-23,664.9500122070312,674.3499755859375,656.5,667.9000244140625,657.814453125,593272.0
2025-01-23,TATASTEEL.NS,2025-01-23,127.8499984741211,130.75,127.6999969482422,130.3699951171875,127.39897918701172,20722538.0
2025-01-23,PIDILITIND.NS,2025-01-23,1400.4749755859375,1498.5999755859375,1400.4749755859375,1454.824951171875,1444.908935546875,4625514.0
2025-01-23,RITES.NS,2025-01-23,262.0,272.79998779296875,261.20001220703125,264.54998779296875,256.6144714355469,1301645.0
2025-01-23,HCLTECH.NS,2025-01-23,1817.050048828125,1828.949951171875,1804.199951171875,1807.0,1758.4659423828125,3750930.0
2025-01-23,RAYMOND.NS,2025-01-23,1522.1500244140625,1538.9000244140625,1444.800048828125,1487.800048828125,1487.800048828125,558393.0
2025-01-23,POLYCAB.NS,2025-01-23,,,,,,
2025-01-23,SUNPHARMA.NS,2025-01-23,1788.0999755859375,1839.75,1786.050048828125,1833.5999755859373,1816.6356201171875,1974760.0
2025-01-23,MAXHEALTH.NS,2025-01-23,1065.0,1088.0,1059.0,1082.8499755859375,1081.601806640625,1467332.0
2025-01-23,BEML.NS,2025-01-23,1802.5,1873.925048828125,1791.9000244140625,1832.675048828125,1820.9598388671875,296346.0
2025-01-23,HINDUNILVR.NS,2025-01-23,2315.0,2341.300048828125,2253.85009765625,2321.699951171875,2279.618408203125,3408925.0
2025-01-23,DATAPATTNS.NS,2025-01-23,2202.25,2263.300048828125,2170.0,2184.25,2177.716064453125,133439.0
2025-01-23,LUPIN.NS,2025-01-23,2144.0,2165.800048828125,2117.0,2151.199951171875,2137.903076171875,528574.0
2025-01-23,POONAWALLA.NS,2025-01-23,,,,,,
2025-01-23,ASHOKLEY.NS,2025-01-23,103.2300033569336,104.6750030517578,102.0,103.87000274658205,101.37776947021484,9187844.0
2025-01-23,PRESTIGE.NS,2025-01-23,1312.75,1366.1500244140625,1305.449951171875,1342.5999755859375,1341.056396484375,1519127.0
2025-01-23,TECHM.NS,2025-01-23,1671.0,1729.5,1671.0,1713.4000244140625,1665.2197265625,2255334.0
2025-01-23,INFY.NS,2025-01-23,1858.0,1879.550048828125,1852.699951171875,1865.449951171875,1811.8299560546875,5907471.0
2025-01-23,MON100.NS,2025-01-23,217.0,218.0,213.0,217.1100006103516,217.1100006103516,1074740.0
2025-01-23,NAVINFLUOR.NS,2025-01-23,3687.10009765625,3792.0,3601.699951171875,3772.449951171875,3763.007080078125,91974.0
2025-01-23,RAILTEL.NS,2025-01-23,392.0,399.7000122070313,385.0499877929688,391.25,387.9435424804688,1514202.0
2025-01-23,INDIGO.NS,2025-01-23,3989.050048828125,4193.0498046875,3988.949951171875,4134.7998046875,4127.82421875,1213108.0
2025-01-23,HDFCBANK.NS,2025-01-23,843.5,843.5,825.625,832.4500122070312,821.347900390625,34909158.0
2025-01-23,KOTAKBANK.NS,2025-01-23,,,,,,
2025-01-23,OBEROIRLTY.NS,2025-01-23,1770.0,1849.949951171875,1757.050048828125,1821.9000244140625,1813.41650390625,1344506.0
2025-01-23,M&M.NS,2025-01-23,,,,,,
2025-01-23,AUROPHARMA.NS,2025-01-23,1215.0,1257.1500244140625,1197.3499755859375,1244.800048828125,1240.1448974609375,1314811.0
2025-01-23,PVRINOX.NS,2025-01-23,1068.699951171875,1098.8499755859375,1061.699951171875,1092.800048828125,1092.800048828125,452348.0
2025-01-23,MUTHOOTFIN.NS,2025-01-23,2205.0,2224.0,2176.89990234375,2195.10009765625,2168.560791015625,640641.0
2025-01-23,MPHASIS.NS,2025-01-23,2808.949951171875,2948.0,2803.60009765625,2918.949951171875,2861.766845703125,830570.0
2025-01-23,NESTLEIND.NS,2025-01-23,1097.074951171875,1104.800048828125,1082.5,1099.4749755859375,1087.90478515625,992014.0
2025-01-23,INDUSTOWER.NS,2025-01-23,360.0,369.6499938964844,354.5,366.6000061035156,366.6000061035156,9182913.0
2025-01-23,SBICARD.NS,2025-01-23,755.0,769.0,752.6500244140625,760.0,757.736083984375,1054554.0
2025-01-23,CESC.NS,2025-01-23,142.47000122070312,146.0,141.02999877929688,145.1199951171875,140.40447998046875,4554286.0
2025-01-23,TITAN.NS,2025-01-23,3356.449951171875,3433.0,3325.5,3398.550048828125,3388.35302734375,713603.0
2025-01-23,CUMMINSIND.NS,2025-01-23,2883.75,2937.0,2853.0,2889.050048828125,2843.66162109375,256027.0
2025-01-23,BAJFINANCE.NS,2025-01-23,734.0999755859375,752.4000244140625,732.5,744.3250122070312,739.7603149414062,10302950.0
2025-01-23,MRF.NS,2025-01-23,111400.0,112199.953125,110550.0,111739.5,111564.265625,7377.0
2025-01-23,ONGC.NS,2025-01-23,263.0,263.8299865722656,261.1700134277344,263.04998779296875,250.43003845214844,5026675.0
2025-01-23,GOLDBEES.NS,2025-01-23,67.66000366210938,67.9000015258789,67.33000183105469,67.43000030517578,67.43000030517578,9478508.0
2025-01-23,BHARATFORG.NS,2025-01-23,,,,,,
2025-01-23,CONCOR.NS,2025-01-23,604.5999755859375,620.5599975585938,600.0,617.7999877929688,607.846435546875,601498.0
2025-01-23,OIL.NS,2025-01-23,,,,,,
2025-01-23,DIXON.NS,2025-01-23,14730.0,15572.400390625,14604.9501953125,15463.599609375,15456.720703125,860408.0
2025-01-23,DRREDDY.NS,2025-01-23,1289.0,1303.949951171875,1274.550048828125,1289.4000244140625,1281.2740478515625,1448659.0
2025-01-23,APOLLOTYRE.NS,2025-01-23,438.4500122070313,442.2000122070313,431.7999877929688,438.8999938964844,434.2530822753906,965428.0
2025-01-23,BHARTIARTL.NS,2025-01-23,1624.5,1645.4000244140625,1617.199951171875,1636.0,1622.4366455078125,2457080.0
2025-01-23,LALPATHLAB.NS,2025-01-23,2870.0,2928.949951171875,2861.60009765625,2877.64990234375,2853.69482421875,251331.0
2025-01-23,SRF.NS,2025-01-23,2520.0,2617.60009765625,2505.10009765625,2596.75,2590.17919921875,448201.0
2025-01-23,TATACOMM.NS,2025-01-23,1684.8499755859375,1694.949951171875,1604.25,1646.300048828125,1622.0855712890625,1122214.0
2025-01-23,CIPLA.NS,2025-01-23,1432.550048828125,1458.199951171875,1432.550048828125,1451.1500244140625,1435.8121337890625,1070838.0
2025-01-23,BHEL.NS,2025-01-23,204.3000030517578,208.1000061035156,203.1999969482422,206.4900054931641,206.05702209472656,11501338.0
2025-01-23,BSOFT.NS,2025-01-23,531.0499877929688,564.25,530.9500122070312,554.9000244140625,546.2933959960938,3792070.0
2025-01-23,ZENSARTECH.NS,2025-01-23,752.0499877929688,869.7000122070312,747.1500244140625,836.9000244140625,824.003662109375,28279244.0
2025-01-23,TATAELXSI.NS,2025-01-23,6167.5,6425.0,6150.0,6353.9501953125,6282.876953125,221641.0
2025-01-23,GRSE.NS,2025-01-23,1543.949951171875,1586.699951171875,1517.9000244140625,1534.300048828125,1518.8536376953125,419354.0
2025-01-23,MAZDOCK.NS,2025-01-23,2275.85009765625,2423.0,2256.60009765625,2319.550048828125,2309.778564453125,3898601.0
2025-01-23,TRIDENT.NS,2025-01-23,31.40999984741211,31.68000030517578,31.049999237060547,31.290000915527344,30.81777000427246,3059679.0
2025-01-23,MANAPPURAM.NS,2025-01-23,,,,,,
2025-01-23,IRCON.NS,2025-01-23,208.0,214.75,206.3999938964844,210.9499969482422,207.53756713867188,5582434.0
2025-01-23,RVNL.NS,2025-01-23,408.0,426.8999938964844,405.5499877929688,418.4500122070313,416.2742919921875,6083832.0
2025-01-23,NIFTYBEES.NS,2025-01-23,259.0,260.32000732421875,257.67999267578125,259.510009765625,259.510009765625,3506635.0
2025-01-24,TVSMOTOR.NS,2025-01-24,,,,,,
2025-01-24,HEROMOTOCO.NS,2025-01-24,4105.0498046875,4125.0,4041.10009765625,4051.89990234375,3893.84521484375,216273.0
2025-01-24,LAURUSLABS.NS,2025-01-24,590.7000122070312,612.6500244140625,577.0,602.6500244140625,601.3322143554688,7615084.0
2025-01-24,SIEMENS.NS,2025-01-24,3551.346923828125,3561.325927734375,3424.67236328125,3451.380859375,3439.26708984375,421077.0
2025-01-24,HAPPSTMNDS.NS,2025-01-24,717.9000244140625,718.0999755859375,703.5999755859375,707.0999755859375,699.428466796875,155418.0
2025-01-24,BIOCON.NS,2025-01-24,397.2999877929688,397.7999877929688,386.3999938964844,388.25,387.7315979003906,2939290.0
2025-01-24,IDFCFIRSTB.NS,2025-01-24,62.86000061035156,63.86000061035156,61.63999938964844,62.27000045776367,62.06685256958008,26908160.0
2025-01-24,ICICIBANK.NS,2025-01-24,1203.0999755859375,1218.0,1202.0,1209.199951171875,1199.941162109375,9216792.0
2025-01-24,CAMS.NS,2025-01-24,4150.0,4284.60009765625,4078.64990234375,4101.10009765625,4035.848876953125,332673.0
2025-01-24,BPCL.NS,2025-01-24,274.0,279.3999938964844,263.0,263.79998779296875,249.65635681152344,18480516.0
2025-01-24,JSWSTEEL.NS,2025-01-24,930.0,953.0,925.1500244140624,932.4500122070312,929.94580078125,3538998.0
2025-01-24,BDL.NS,2025-01-24,,,,,,
2025-01-24,ITC.NS,2025-01-24,439.3999938964844,445.0,439.0499877929688,441.6000061035156,426.8727722167969,9665384.0
2025-01-24,CDSL.NS,2025-01-24,1525.0,1542.0,1491.8499755859375,1500.25,1488.1168212890625,2204447.0
2025-01-24,BRITANNIA.NS,2025-01-24,5037.7001953125,5108.0,5013.14990234375,5101.5498046875,5035.55859375,509954.0
2025-01-24,WIPRO.NS,2025-01-24,319.0,322.5,316.6000061035156,320.1000061035156,307.8088073730469,17479586.0
2025-01-24,TATACHEM.NS,2025-01-24,975.4500122070312,983.1500244140624,951.7999877929688,956.9000244140624,945.9395141601562,464543.0
2025-01-24,ASIANPAINT.NS,2025-01-24,2283.0,2296.550048828125,2255.050048828125,2262.39990234375,2238.22412109375,543202.0
2025-01-24,EICHERMOT.NS,2025-01-24,5134.0,5224.5,5115.0498046875,5206.2998046875,5139.65625,730641.0
2025-01-24,COFORGE.NS,2025-01-24,1820.0,1886.0,1814.5,1846.9200439453125,1830.130615234375,4203395.0
2025-01-24,IIFL.NS,2025-01-24,389.75,389.75,373.0499877929688,375.8999938964844,375.8999938964844,711169.0
2025-01-24,TCS.NS,2025-01-24,4104.0,4178.0,4104.0,4152.35009765625,4086.60546875,1910099.0
2025-01-24,HAVELLS.NS,2025-01-24,1595.300048828125,1605.949951171875,1517.550048828125,1523.199951171875,1517.365478515625,999025.0
2025-01-24,COALINDIA.NS,2025-01-24,386.0499877929688,392.25,381.7000122070313,383.0499877929688,357.3459777832031,5351964.0
2025-01-24,SHREECEM.NS,2025-01-24,25926.80078125,26393.400390625,25646.80078125,25783.150390625,25614.2578125,31358.0
2025-01-24,SBIN.NS,2025-01-24,749.9000244140625,753.7000122070312,739.0,744.1500244140625,729.501953125,10579213.0
2025-01-24,AXISBANK.NS,2025-01-24,948.0,961.7999877929688,946.0999755859376,948.5,947.6900634765624,14421921.0
2025-01-24,IEX.NS,2025-01-24,171.99000549316406,174.72000122070312,168.58999633789062,169.3300018310547,166.6058349609375,21794352.0
2025-01-24,SUZLON.NS,2025-01-24,54.900001525878906,54.9900016784668,52.150001525878906,52.540000915527344,52.540000915527344,64210167.0
2025-01-24,AARTIIND.NS,2025-01-24,450.0,452.9500122070313,436.1000061035156,439.0499877929688,437.8826293945313,1822249.0
2025-01-24,PERSISTENT.NS,2025-01-24,6287.7001953125,6501.0,6230.0498046875,6360.64990234375,6322.599609375,1433020.0
2025-01-24,BATAINDIA.NS,2025-01-24,1295.0,1307.0,1277.3499755859375,1281.3499755859375,1271.669677734375,116664.0
2025-01-24,PIIND.NS,2025-01-24,3510.0,3544.550048828125,3481.25,3501.60009765625,3486.532958984375,250360.0
2025-01-24,GODREJPROP.NS,2025-01-24,2244.64990234375,2245.10009765625,2147.050048828125,2155.0,2155.0,834443.0
2025-01-24,HINDALCO.NS,2025-01-24,608.7000122070312,615.3499755859375,599.9000244140625,606.9000244140625,602.4817504882812,4608870.0
2025-01-24,MARUTI.NS,2025-01-24,11930.0,12093.0,11914.099609375,11967.900390625,11839.75390625,310343.0
2025-01-24,MCX.NS,2025-01-24,5860.0,5909.9501953125,5712.2998046875,5739.5,5717.6630859375,347757.0
2025-01-24,SAIL.NS,2025-01-24,109.0,110.8000030517578,107.58000183105467,108.16999816894533,106.8310546875,11993883.0
2025-01-24,RELIANCE.NS,2025-01-24,1266.0,1273.0,1243.5,1246.300048828125,1241.34228515625,14235970.0
2025-01-24,PAGEIND.NS,2025-01-24,46554.0,47149.55078125,46256.3515625,46395.25,45734.32421875,13011.0
2025-01-24,HDFCAMC.NS,2025-01-24,2014.449951171875,2022.5,1932.1500244140625,1938.9000244140625,1903.1839599609373,593050.0
2025-01-24,ADANIENT.NS,2025-01-24,,,,,,
2025-01-24,ANGELONE.NS,2025-01-24,2414.10009765625,2439.699951171875,2320.0,2334.35009765625,2302.6435546875,1348312.0
2025-01-24,VOLTAS.NS,2025-01-24,1500.0,1500.0,1448.0999755859375,1456.5999755859375,1448.51416015625,1381920.0
2025-01-24,MARICO.NS,2025-01-24,669.3499755859375,672.5499877929688,663.4000244140625,666.2000122070312,656.14013671875,529334.0
2025-01-24,TATASTEEL.NS,2025-01-24,130.5,133.1999969482422,129.30999755859375,129.74000549316406,126.7833480834961,37092106.0
2025-01-24,PIDILITIND.NS,2025-01-24,1454.824951171875,1471.5,1420.5,1427.2750244140625,1417.546875,600300.0
2025-01-24,RITES.NS,2025-01-24,265.0,267.6499938964844,258.1499938964844,259.45001220703125,251.6674652099609,787634.0
2025-01-24,HCLTECH.NS,2025-01-24,1800.0,1829.4000244140625,1791.0999755859375,1792.8499755859375,1744.696044921875,3171259.0
2025-01-24,RAYMOND.NS,2025-01-24,1491.25,1593.800048828125,1491.25,1539.6500244140625,1539.6500244140625,3392597.0
2025-01-24,POLYCAB.NS,2025-01-24,,,,,,
2025-01-24,SUNPHARMA.NS,2025-01-24,1829.0,1843.0999755859373,1808.199951171875,1822.199951171875,1805.341064453125,1277935.0
2025-01-24,MAXHEALTH.NS,2025-01-24,1080.0,1087.0,1051.949951171875,1055.75,1054.5330810546875,756024.0
2025-01-24,BEML.NS,2025-01-24,1834.5,1860.5,1796.5,1818.574951171875,1806.9498291015625,266848.0
2025-01-24,HINDUNILVR.NS,2025-01-24,2332.85009765625,2380.800048828125,2323.0,2368.10009765625,2325.177734375,1688664.0
2025-01-24,DATAPATTNS.NS,2025-01-24,2189.35009765625,2212.75,2096.050048828125,2106.35009765625,2100.04931640625,122410.0
2025-01-24,LUPIN.NS,2025-01-24,2150.0,2163.75,2106.14990234375,2134.25,2121.057861328125,984483.0
2025-01-24,POONAWALLA.NS,2025-01-24,,,,,,
2025-01-24,ASHOKLEY.NS,2025-01-24,103.5,104.33999633789062,101.8249969482422,102.1500015258789,99.69903564453124,19779840.0
2025-01-24,PRESTIGE.NS,2025-01-24,1344.8499755859375,1358.6500244140625,1235.0,1255.6500244140625,1254.2064208984375,1730028.0
2025-01-24,TECHM.NS,2025-01-24,1719.0,1736.4000244140625,1705.3499755859375,1723.050048828125,1674.5982666015625,1257165.0
2025-01-24,INFY.NS,2025-01-24,1865.5,1894.9000244140625,1864.25,1875.449951171875,1821.5426025390625,4887027.0
2025-01-24,MON100.NS,2025-01-24,219.0,220.8999938964844,215.1100006103516,220.7899932861328,220.7899932861328,774796.0
2025-01-24,NAVINFLUOR.NS,2025-01-24,3763.050048828125,3772.050048828125,3690.10009765625,3709.449951171875,3700.164794921875,65845.0
2025-01-24,RAILTEL.NS,2025-01-24,391.2999877929688,395.3500061035156,380.8999938964844,384.0499877929688,380.8044128417969,1285959.0
2025-01-24,INDIGO.NS,2025-01-24,4162.10009765625,4269.7998046875,4126.0498046875,4161.7998046875,4154.77880859375,1481820.0
2025-01-24,HDFCBANK.NS,2025-01-24,830.0,835.1500244140625,822.25,824.9000244140625,813.8986206054688,24236200.0
2025-01-24,KOTAKBANK.NS,2025-01-24,,,,,,
2025-01-24,OBEROIRLTY.NS,2025-01-24,1825.949951171875,1828.050048828125,1752.4000244140625,1756.75,1750.4912109375,958625.0
2025-01-24,M&M.NS,2025-01-24,,,,,,
2025-01-24,AUROPHARMA.NS,2025-01-24,1240.0,1244.0,1207.0,1212.199951171875,1207.6666259765625,553259.0
2025-01-24,PVRINOX.NS,2025-01-24,1087.300048828125,1099.199951171875,1060.199951171875,1064.0999755859375,1064.0999755859375,438523.0
2025-01-24,MUTHOOTFIN.NS,2025-01-24,2191.0,2202.85009765625,2162.300048828125,2173.39990234375,2147.123046875,209999.0
2025-01-24,MPHASIS.NS,2025-01-24,2861.0,3078.39990234375,2754.550048828125,3009.300048828125,2950.346923828125,4727360.0
2025-01-24,NESTLEIND.NS,2025-01-24,1101.0,1111.375,1095.050048828125,1103.949951171875,1092.33251953125,1327200.0
2025-01-24,INDUSTOWER.NS,2025-01-24,367.2000122070313,374.2000122070313,365.25,367.9500122070313,367.9500122070313,19643296.0
2025-01-24,SBICARD.NS,2025-01-24,759.7999877929688,767.3499755859375,749.6500244140625,758.2999877929688,756.0411376953125,1897571.0
2025-01-24,CESC.NS,2025-01-24,144.50999450683594,145.27999877929688,138.1999969482422,139.0,134.4833526611328,7941642.0
2025-01-24,TITAN.NS,2025-01-24,3407.0,3447.64990234375,3380.449951171875,3402.14990234375,3391.94189453125,564244.0
2025-01-24,CUMMINSIND.NS,2025-01-24,2891.0,2904.699951171875,2799.949951171875,2804.050048828125,2759.9970703125,269838.0
2025-01-24,BAJFINANCE.NS,2025-01-24,744.3250122070312,750.5,733.8300170898438,743.8599853515625,739.2981567382812,6796870.0
2025-01-24,MRF.NS,2025-01-24,112000.0,112667.796875,111011.453125,111484.546875,111309.703125,4615.0
2025-01-24,ONGC.NS,2025-01-24,262.989990234375,265.6400146484375,255.75,256.510009765625,244.2038116455078,6306281.0
2025-01-24,GOLDBEES.NS,2025-01-24,67.62000274658203,68.12000274658203,67.62000274658203,67.7699966430664,67.7699966430664,14874711.0
2025-01-24,BHARATFORG.NS,2025-01-24,,,,,,
2025-01-24,CONCOR.NS,2025-01-24,620.7999877929688,621.0800170898438,600.7999877929688,603.47998046875,593.7571411132812,817096.0
2025-01-24,OIL.NS,2025-01-24,,,,,,
2025-01-24,DIXON.NS,2025-01-24,15499.0,15710.0,15200.9501953125,15584.900390625,15577.9677734375,506758.0
2025-01-24,DRREDDY.NS,2025-01-24,1229.949951171875,1252.6500244140625,1203.5,1224.4000244140625,1216.68359375,7082467.0
2025-01-24,APOLLOTYRE.NS,2025-01-24,439.0499877929688,440.7999877929688,422.4500122070313,423.3999938964844,418.9171752929688,1226597.0
2025-01-24,BHARTIARTL.NS,2025-01-24,1634.050048828125,1661.9000244140625,1634.050048828125,1644.800048828125,1631.1636962890625,3620058.0
2025-01-24,LALPATHLAB.NS,2025-01-24,2860.10009765625,2868.60009765625,2810.800048828125,2828.85009765625,2805.30126953125,295949.0
2025-01-24,SRF.NS,2025-01-24,2601.0,2614.10009765625,2552.0,2583.949951171875,2577.41162109375,260384.0
2025-01-24,TATACOMM.NS,2025-01-24,1648.300048828125,1686.0,1622.1500244140625,1629.449951171875,1605.4832763671875,355209.0
2025-01-24,CIPLA.NS,2025-01-24,1445.25,1451.0,1408.0,1411.4000244140625,1396.4822998046875,1615412.0
2025-01-24,BHEL.NS,2025-01-24,207.0,208.66000366210935,199.5,200.19000244140625,199.77023315429688,9344993.0
2025-01-24,BSOFT.NS,2025-01-24,555.5,558.0,542.0999755859375,545.7000122070312,537.236083984375,1201794.0
2025-01-24,ZENSARTECH.NS,2025-01-24,841.7000122070312,848.7999877929688,825.0,831.75,818.9329833984375,4037755.0
2025-01-24,TATAELXSI.NS,2025-01-24,6353.9501953125,6392.9501953125,6290.0,6372.7001953125,6301.4169921875,108179.0
2025-01-24,GRSE.NS,2025-01-24,1534.0,1558.449951171875,1507.0,1536.800048828125,1521.32861328125,310788.0
2025-01-24,MAZDOCK.NS,2025-01-24,2340.0,2387.0,2277.0,2299.550048828125,2289.86279296875,2587979.0
2025-01-24,TRIDENT.NS,2025-01-24,31.600000381469727,31.700000762939453,31.0,31.059999465942383,30.59123992919922,3384303.0
2025-01-24,MANAPPURAM.NS,2025-01-24,,,,,,
2025-01-24,IRCON.NS,2025-01-24,211.5500030517578,211.8500061035156,204.3000030517578,205.4499969482422,202.12652587890625,3940638.0
2025-01-24,RVNL.NS,2025-01-24,419.9500122070313,423.0,408.6000061035156,410.1000061035156,407.9676818847656,3895985.0
2025-01-24,NIFTYBEES.NS,2025-01-24,260.29998779296875,260.95001220703125,257.70001220703125,258.19000244140625,258.19000244140625,5458441.0
2025-01-27,TVSMOTOR.NS,2025-01-27,,,,,,
2025-01-27,HEROMOTOCO.NS,2025-01-27,4045.0,4074.800048828125,4000.0,4015.949951171875,3859.29736328125,328160.0
2025-01-27,LAURUSLABS.NS,2025-01-27,610.0,610.0,501.1499938964844,534.6500244140625,533.4808349609375,23508295.0
2025-01-27,SIEMENS.NS,2025-01-27,3439.81689453125,3439.81689453125,3334.156982421875,3397.17138671875,3385.248046875,333867.0
2025-01-27,HAPPSTMNDS.NS,2025-01-27,701.0,712.9000244140625,685.0,688.5,681.0303344726562,342987.0
2025-01-27,BIOCON.NS,2025-01-27,388.25,388.25,369.3999938964844,370.25,369.755615234375,3292383.0
2025-01-27,IDFCFIRSTB.NS,2025-01-27,59.0099983215332,60.09999847412109,56.43000030517578,56.72999954223633,56.544921875,101731537.0
2025-01-27,ICICIBANK.NS,2025-01-27,1195.0,1234.6500244140625,1193.0999755859375,1227.949951171875,1218.547607421875,16164687.0
2025-01-27,CAMS.NS,2025-01-27,4059.0,4059.0,3778.64990234375,3808.64990234375,3748.052001953125,837179.0
2025-01-27,BPCL.NS,2025-01-27,263.70001220703125,263.70001220703125,258.3500061035156,261.29998779296875,247.29039001464844,10083126.0
2025-01-27,JSWSTEEL.NS,2025-01-27,901.0999755859376,927.0,901.0999755859376,919.3499755859376,916.8809814453124,3908402.0
2025-01-27,BDL.NS,2025-01-27,,,,,,
2025-01-27,ITC.NS,2025-01-27,440.7999877929688,445.0,436.5499877929688,440.1000061035156,425.42279052734375,10480203.0
2025-01-27,CDSL.NS,2025-01-27,1400.0,1420.199951171875,1323.0,1344.050048828125,1333.1800537109375,11269999.0
2025-01-27,BRITANNIA.NS,2025-01-27,5103.64990234375,5215.0,5103.0498046875,5176.25,5109.29248046875,937878.0
2025-01-27,WIPRO.NS,2025-01-27,317.79998779296875,319.1499938964844,306.75,307.95001220703125,296.1253662109375,12372895.0
2025-01-27,TATACHEM.NS,2025-01-27,953.0,963.0,935.0,943.9500122070312,933.1378784179688,961156.0
2025-01-27,ASIANPAINT.NS,2025-01-27,2255.300048828125,2277.75,2246.199951171875,2251.5,2227.440673828125,1097939.0
2025-01-27,EICHERMOT.NS,2025-01-27,5190.0,5208.0,5115.60009765625,5144.5,5078.6474609375,418597.0
2025-01-27,COFORGE.NS,2025-01-27,1819.0999755859373,1826.1600341796875,1750.0,1760.3399658203125,1744.3375244140625,2747535.0
2025-01-27,IIFL.NS,2025-01-27,374.8500061035156,374.8500061035156,352.3500061035156,357.8500061035156,357.8500061035156,1434599.0
2025-01-27,TCS.NS,2025-01-27,4102.0,4156.35009765625,4041.050048828125,4065.14990234375,4000.7861328125,1551782.0
2025-01-27,HAVELLS.NS,2025-01-27,1520.300048828125,1523.199951171875,1491.5,1505.800048828125,1500.0322265625,912320.0
2025-01-27,COALINDIA.NS,2025-01-27,380.8999938964844,383.0,372.75,375.75,350.535888671875,6645109.0
2025-01-27,SHREECEM.NS,2025-01-27,25600.0,25744.5,24862.55078125,25131.400390625,24966.77734375,42809.0
2025-01-27,SBIN.NS,2025-01-27,740.0,755.3499755859375,735.9000244140625,749.2000122070312,734.4525146484375,11433353.0
2025-01-27,AXISBANK.NS,2025-01-27,943.0999755859376,949.75,933.5,948.0999755859376,947.2904052734376,12713296.0
2025-01-27,IEX.NS,2025-01-27,168.5,168.5,162.1199951171875,163.49000549316406,160.8597869873047,4840856.0
2025-01-27,SUZLON.NS,2025-01-27,52.400001525878906,52.47999954223633,49.90999984741211,50.22999954223633,50.22999954223633,66288203.0
2025-01-27,AARTIIND.NS,2025-01-27,435.0,435.0,415.3999938964844,418.8500061035156,417.7363586425781,1679630.0
2025-01-27,PERSISTENT.NS,2025-01-27,6298.7998046875,6312.39990234375,6017.85009765625,6061.25,6024.99072265625,571171.0
2025-01-27,BATAINDIA.NS,2025-01-27,1279.949951171875,1279.949951171875,1231.199951171875,1238.199951171875,1228.8455810546875,185578.0
2025-01-27,PIIND.NS,2025-01-27,3501.60009765625,3515.0,3357.0,3373.300048828125,3358.784912109375,304672.0
2025-01-27,GODREJPROP.NS,2025-01-27,2135.0,2160.5,2080.10009765625,2095.75,2095.75,2065910.0
2025-01-27,HINDALCO.NS,2025-01-27,600.0499877929688,601.5999755859375,585.3499755859375,586.9000244140625,582.6273193359375,2919161.0
2025-01-27,MARUTI.NS,2025-01-27,11901.900390625,12046.900390625,11811.0498046875,11993.849609375,11865.42578125,251783.0
2025-01-27,MCX.NS,2025-01-27,5699.7998046875,5699.7998046875,5520.5,5584.7001953125,5563.4521484375,406169.0
2025-01-27,SAIL.NS,2025-01-27,106.75,106.9499969482422,102.86000061035156,103.43000030517578,102.14972686767578,14423517.0
2025-01-27,RELIANCE.NS,2025-01-27,1239.0999755859375,1240.449951171875,1220.0,1229.3499755859375,1224.4595947265625,9536019.0
2025-01-27,PAGEIND.NS,2025-01-27,46320.0,46320.0,44335.0,44579.3984375,43944.33984375,17917.0
2025-01-27,HDFCAMC.NS,2025-01-27,1930.175048828125,1932.0,1850.0,1857.0999755859373,1822.8907470703125,1153368.0
2025-01-27,ADANIENT.NS,2025-01-27,,,,,,
2025-01-27,ANGELONE.NS,2025-01-27,2306.64990234375,2312.0,2188.5,2212.64990234375,2182.59619140625,1867083.0
2025-01-27,VOLTAS.NS,2025-01-27,1450.0,1452.25,1410.0,1418.75,1410.874267578125,736721.0
2025-01-27,MARICO.NS,2025-01-27,661.0499877929688,667.0,654.25,656.6500244140625,646.7343139648438,467561.0
2025-01-27,TATASTEEL.NS,2025-01-27,129.02000427246094,129.4499969482422,125.73999786376952,126.37000274658205,123.49014282226562,24650571.0
2025-01-27,PIDILITIND.NS,2025-01-27,1410.0,1442.324951171875,1400.7750244140625,1433.5,1423.7293701171875,659958.0
2025-01-27,RITES.NS,2025-01-27,258.0,259.04998779296875,249.8999938964844,254.6000061035156,246.9629669189453,913577.0
2025-01-27,HCLTECH.NS,2025-01-27,1775.0,1779.75,1707.300048828125,1711.949951171875,1665.9688720703125,4174844.0
2025-01-27,RAYMOND.NS,2025-01-27,1523.3499755859375,1523.3499755859375,1461.050048828125,1475.949951171875,1475.949951171875,330316.0
2025-01-27,POLYCAB.NS,2025-01-27,,,,,,
2025-01-27,SUNPHARMA.NS,2025-01-27,1818.0999755859373,1824.25,1774.300048828125,1786.8499755859375,1770.318115234375,1452975.0
2025-01-27,MAXHEALTH.NS,2025-01-27,1040.3499755859375,1042.949951171875,1015.9000244140624,1029.949951171875,1028.7628173828125,702909.0
2025-01-27,BEML.NS,2025-01-27,1797.324951171875,1797.324951171875,1715.0,1726.699951171875,1715.662109375,299062.0
2025-01-27,HINDUNILVR.NS,2025-01-27,2365.0,2409.699951171875,2361.14990234375,2392.85009765625,2349.47900390625,2477358.0
2025-01-27,DATAPATTNS.NS,2025-01-27,2095.0,2097.699951171875,1971.0,1980.0,1974.0770263671875,206079.0
2025-01-27,LUPIN.NS,2025-01-27,2109.0,2126.449951171875,2055.199951171875,2079.0,2066.1494140625,735411.0
2025-01-27,POONAWALLA.NS,2025-01-27,,,,,,
2025-01-27,ASHOKLEY.NS,2025-01-27,101.0,101.34500122070312,97.6750030517578,98.6449966430664,96.27812957763672,13457514.0
2025-01-27,PRESTIGE.NS,2025-01-27,1240.0,1256.5,1221.3499755859375,1243.8499755859375,1242.419921875,1664609.0
2025-01-27,TECHM.NS,2025-01-27,1710.0,1713.9000244140625,1645.0,1653.9000244140625,1607.392822265625,1174799.0
2025-01-27,INFY.NS,2025-01-27,1848.75,1863.0,1812.0,1822.0,1769.6290283203125,7652371.0
2025-01-27,MON100.NS,2025-01-27,221.6999969482422,221.6999969482422,208.0,209.7899932861328,209.7899932861328,1532989.0
2025-01-27,NAVINFLUOR.NS,2025-01-27,3684.75,3684.800048828125,3577.39990234375,3604.199951171875,3595.17822265625,69312.0
2025-01-27,RAILTEL.NS,2025-01-27,376.7000122070313,378.0,360.0,364.0,360.923828125,1565086.0
2025-01-27,INDIGO.NS,2025-01-27,4135.5498046875,4238.10009765625,4056.39990234375,4175.75,4168.705078125,1360996.0
2025-01-27,HDFCBANK.NS,2025-01-27,820.5499877929688,821.7999877929688,813.0,814.9000244140625,804.0319213867188,22804166.0
2025-01-27,KOTAKBANK.NS,2025-01-27,,,,,,
2025-01-27,OBEROIRLTY.NS,2025-01-27,1750.0,1782.1500244140625,1678.5999755859375,1685.050048828125,1679.046875,1243015.0
2025-01-27,M&M.NS,2025-01-27,,,,,,
2025-01-27,AUROPHARMA.NS,2025-01-27,1200.0,1204.5999755859375,1159.25,1176.300048828125,1171.9010009765625,776135.0
2025-01-27,PVRINOX.NS,2025-01-27,1052.0,1056.3499755859375,1030.0,1035.75,1035.75,444809.0
2025-01-27,MUTHOOTFIN.NS,2025-01-27,2172.0,2186.0,2124.699951171875,2139.0,2113.13916015625,390826.0
2025-01-27,MPHASIS.NS,2025-01-27,2963.35009765625,3043.949951171875,2928.050048828125,2937.10009765625,2879.561279296875,1054296.0
2025-01-27,NESTLEIND.NS,2025-01-27,1091.0250244140625,1115.949951171875,1084.300048828125,1087.375,1075.93212890625,1099972.0
2025-01-27,INDUSTOWER.NS,2025-01-27,365.6499938964844,366.7000122070313,346.8500061035156,348.95001220703125,348.95001220703125,7693448.0
2025-01-27,SBICARD.NS,2025-01-27,756.0,764.4500122070312,751.0,753.7000122070312,751.454833984375,1864291.0
2025-01-27,CESC.NS,2025-01-27,137.02000427246094,137.75,133.0500030517578,136.2100067138672,131.7840118408203,8760125.0
2025-01-27,TITAN.NS,2025-01-27,3388.0,3401.949951171875,3307.25,3319.35009765625,3309.390625,618309.0
2025-01-27,CUMMINSIND.NS,2025-01-27,2814.949951171875,2819.800048828125,2700.0,2775.199951171875,2731.60009765625,454728.0
2025-01-27,BAJFINANCE.NS,2025-01-27,738.010009765625,747.4500122070312,726.0,729.5449829101562,725.0709228515625,6928100.0
2025-01-27,MRF.NS,2025-01-27,111479.0,111568.703125,110100.0,111256.453125,111081.9765625,4370.0
2025-01-27,ONGC.NS,2025-01-27,255.0,256.44000244140625,249.50999450683597,250.77999877929688,238.7487030029297,6944911.0
2025-01-27,GOLDBEES.NS,2025-01-27,68.38999938964844,68.38999938964844,67.4000015258789,67.69000244140625,67.69000244140625,16534725.0
2025-01-27,BHARATFORG.NS,2025-01-27,,,,,,
2025-01-27,CONCOR.NS,2025-01-27,601.6400146484375,601.6799926757812,584.5999755859375,589.5599975585938,580.0614624023438,1112760.0
2025-01-27,OIL.NS,2025-01-27,,,,,,
2025-01-27,DIXON.NS,2025-01-27,15250.0,15632.0,15155.0,15432.7998046875,15425.9345703125,330756.0
2025-01-27,DRREDDY.NS,2025-01-27,1224.4000244140625,1234.3499755859375,1191.5,1197.6500244140625,1190.1021728515625,2184847.0
2025-01-27,APOLLOTYRE.NS,2025-01-27,421.0,421.0,407.0499877929688,419.5499877929688,415.1079406738281,3135587.0
2025-01-27,BHARTIARTL.NS,2025-01-27,1638.949951171875,1647.199951171875,1593.699951171875,1602.5999755859375,1589.3134765625,6622807.0
2025-01-27,LALPATHLAB.NS,2025-01-27,2824.449951171875,2824.449951171875,2739.85009765625,2746.699951171875,2723.834716796875,116459.0
2025-01-27,SRF.NS,2025-01-27,2575.0,2628.0,2547.0,2570.39990234375,2563.895751953125,651779.0
2025-01-27,TATACOMM.NS,2025-01-27,1615.0,1616.300048828125,1560.0,1569.4000244140625,1546.3165283203125,318852.0
2025-01-27,CIPLA.NS,2025-01-27,1408.0999755859375,1414.9000244140625,1384.199951171875,1396.0999755859375,1381.343994140625,1448841.0
2025-01-27,BHEL.NS,2025-01-27,199.0,199.0,193.1000061035156,194.5399932861328,194.13206481933597,8410047.0
2025-01-27,BSOFT.NS,2025-01-27,537.9500122070312,539.9000244140625,512.9000244140625,517.5,509.4734802246094,1335664.0
2025-01-27,ZENSARTECH.NS,2025-01-27,831.75,842.0,802.0499877929688,817.4000244140625,804.8041381835938,2929743.0
2025-01-27,TATAELXSI.NS,2025-01-27,6319.9501953125,6327.5498046875,6128.14990234375,6156.0498046875,6087.18994140625,161634.0
2025-01-27,GRSE.NS,2025-01-27,1504.9000244140625,1504.9000244140625,1432.050048828125,1453.800048828125,1439.1640625,427804.0
2025-01-27,MAZDOCK.NS,2025-01-27,2289.699951171875,2289.699951171875,2191.35009765625,2228.449951171875,2219.062255859375,1645667.0
2025-01-27,TRIDENT.NS,2025-01-27,28.0,30.3799991607666,28.0,29.3700008392334,28.926746368408203,13190395.0
2025-01-27,MANAPPURAM.NS,2025-01-27,,,,,,
2025-01-27,IRCON.NS,2025-01-27,203.6300048828125,203.6300048828125,195.0,196.07000732421875,192.89828491210935,4757869.0
2025-01-27,RVNL.NS,2025-01-27,400.1000061035156,405.25,390.2000122070313,400.8500061035156,398.7657775878906,5467340.0
2025-01-27,NIFTYBEES.NS,2025-01-27,257.489990234375,257.67999267578125,255.13999938964844,255.69000244140625,255.69000244140625,10984113.0
2025-01-28,TVSMOTOR.NS,2025-01-28,,,,,,
2025-01-28,HEROMOTOCO.NS,2025-01-28,4020.0,4062.300048828125,4000.0,4026.35009765625,3869.2919921875,444089.0
2025-01-28,LAURUSLABS.NS,2025-01-28,535.7000122070312,537.5,504.5,510.75,509.6331176757813,7474953.0
2025-01-28,SIEMENS.NS,2025-01-28,3482.638671875,3501.745361328125,3287.197021484375,3336.71044921875,3324.999267578125,594390.0
2025-01-28,HAPPSTMNDS.NS,2025-01-28,688.0,696.9500122070312,665.5,671.7999877929688,664.511474609375,552014.0
2025-01-28,BIOCON.NS,2025-01-28,372.0,372.4500122070313,350.3999938964844,359.8999938964844,359.41943359375,3909804.0
2025-01-28,IDFCFIRSTB.NS,2025-01-28,57.79999923706055,59.34999847412109,57.25,58.27000045776367,58.07989883422852,72784826.0
2025-01-28,ICICIBANK.NS,2025-01-28,1247.3499755859375,1264.0,1236.0,1246.9000244140625,1237.3525390625,18066499.0
2025-01-28,CAMS.NS,2025-01-28,3840.0,3863.949951171875,3647.949951171875,3720.39990234375,3661.205810546875,649752.0
2025-01-28,BPCL.NS,2025-01-28,262.25,263.8999938964844,254.3000030517578,258.04998779296875,244.2146453857422,13321189.0
2025-01-28,JSWSTEEL.NS,2025-01-28,923.4000244140624,925.5999755859376,904.5,916.1500244140624,913.6896362304688,1101031.0
2025-01-28,BDL.NS,2025-01-28,,,,,,
2025-01-28,ITC.NS,2025-01-28,440.0,441.7999877929688,434.5,435.4500122070313,420.9278869628906,20813072.0
2025-01-28,CDSL.NS,2025-01-28,1339.0,1341.0,1242.5,1264.5999755859375,1254.37255859375,11438810.0
2025-01-28,BRITANNIA.NS,2025-01-28,5181.14990234375,5216.25,5018.2001953125,5060.75,4995.28662109375,456912.0
2025-01-28,WIPRO.NS,2025-01-28,304.0,307.6000061035156,301.54998779296875,303.6000061035156,297.7435302734375,12077491.0
2025-01-28,TATACHEM.NS,2025-01-28,951.0,954.2000122070312,930.0499877929688,941.7999877929688,931.012451171875,606676.0
2025-01-28,ASIANPAINT.NS,2025-01-28,2260.0,2267.050048828125,2234.10009765625,2241.800048828125,2217.844482421875,897501.0
2025-01-28,EICHERMOT.NS,2025-01-28,5160.0,5194.0,5090.0,5105.39990234375,5040.0478515625,603950.0
2025-01-28,COFORGE.NS,2025-01-28,1752.8499755859375,1763.3199462890625,1687.6700439453125,1699.760009765625,1684.3084716796875,4544885.0
2025-01-28,IIFL.NS,2025-01-28,360.0,362.0,326.0,350.04998779296875,350.04998779296875,7159597.0
2025-01-28,TCS.NS,2025-01-28,4070.800048828125,4102.0,4028.300048828125,4040.300048828125,3976.329833984375,2468272.0
2025-01-28,HAVELLS.NS,2025-01-28,1507.199951171875,1518.0,1481.449951171875,1492.75,1487.0321044921875,612261.0
2025-01-28,COALINDIA.NS,2025-01-28,376.0,377.6000061035156,367.75,370.6499938964844,345.7781066894531,10866038.0
2025-01-28,SHREECEM.NS,2025-01-28,25150.0,26290.25,25069.94921875,26033.0,25862.46875,33890.0
2025-01-28,SBIN.NS,2025-01-28,757.0,759.75,745.4000244140625,752.4000244140625,737.5895385742188,14140860.0
2025-01-28,AXISBANK.NS,2025-01-28,960.0,993.8499755859376,958.2000122070312,983.7999877929688,982.9598999023438,21781371.0
2025-01-28,IEX.NS,2025-01-28,164.69000244140625,169.49000549316406,160.2100067138672,167.2100067138672,164.51992797851562,4533409.0
2025-01-28,SUZLON.NS,2025-01-28,50.59000015258789,51.59000015258789,47.810001373291016,50.2599983215332,50.2599983215332,86563217.0
2025-01-28,AARTIIND.NS,2025-01-28,418.8500061035156,422.0,406.9500122070313,410.3999938964844,409.3088073730469,2052054.0
2025-01-28,PERSISTENT.NS,2025-01-28,6000.0,6059.0,5871.25,5910.2998046875,5874.943359375,681360.0
2025-01-28,BATAINDIA.NS,2025-01-28,1241.949951171875,1253.25,1228.050048828125,1237.699951171875,1228.349365234375,244554.0
2025-01-28,PIIND.NS,2025-01-28,3373.300048828125,3415.75,3333.300048828125,3347.89990234375,3333.493896484375,199980.0
2025-01-28,GODREJPROP.NS,2025-01-28,2130.199951171875,2212.14990234375,2108.800048828125,2160.949951171875,2160.949951171875,1581235.0
2025-01-28,HINDALCO.NS,2025-01-28,590.0999755859375,591.6500244140625,568.2999877929688,573.8499755859375,569.6723022460938,6250865.0
2025-01-28,MARUTI.NS,2025-01-28,12018.349609375,12164.7001953125,11884.9501953125,12123.75,11993.9345703125,533451.0
2025-01-28,MCX.NS,2025-01-28,5664.64990234375,5674.9501953125,5388.10009765625,5531.14990234375,5510.10546875,554032.0
2025-01-28,SAIL.NS,2025-01-28,105.0,105.0,101.1999969482422,102.83999633789062,101.56702423095705,12819834.0
2025-01-28,RELIANCE.NS,2025-01-28,1238.0,1244.75,1218.5,1234.4000244140625,1229.4896240234375,10568025.0
2025-01-28,PAGEIND.NS,2025-01-28,44509.0,44930.0,44200.1484375,44683.55078125,44047.01171875,20045.0
2025-01-28,HDFCAMC.NS,2025-01-28,1888.175048828125,1888.175048828125,1830.800048828125,1844.324951171875,1810.35107421875,717374.0
2025-01-28,ADANIENT.NS,2025-01-28,,,,,,
2025-01-28,ANGELONE.NS,2025-01-28,2215.800048828125,2249.10009765625,2150.300048828125,2185.800048828125,2156.111083984375,1604031.0
2025-01-28,VOLTAS.NS,2025-01-28,1415.1500244140625,1452.3499755859375,1405.699951171875,1430.949951171875,1423.0064697265625,642824.0
2025-01-28,MARICO.NS,2025-01-28,656.6500244140625,668.0999755859375,654.2999877929688,663.9500122070312,653.9241333007812,1500950.0
2025-01-28,TATASTEEL.NS,2025-01-28,126.37000274658205,130.49000549316406,124.73999786376952,128.6199951171875,125.68885803222656,40373804.0
2025-01-28,PIDILITIND.NS,2025-01-28,1433.5250244140625,1443.2249755859375,1426.0250244140625,1432.050048828125,1422.289306640625,488532.0
2025-01-28,RITES.NS,2025-01-28,258.45001220703125,258.8999938964844,243.1499938964844,248.8500061035156,241.38543701171875,2166672.0
2025-01-28,HCLTECH.NS,2025-01-28,1711.949951171875,1730.5,1691.0,1693.25,1647.771240234375,5079829.0
2025-01-28,RAYMOND.NS,2025-01-28,1478.0,1497.949951171875,1421.1500244140625,1462.5,1462.5,426773.0
2025-01-28,POLYCAB.NS,2025-01-28,,,,,,
2025-01-28,SUNPHARMA.NS,2025-01-28,1779.800048828125,1780.0,1693.0999755859375,1705.5,1689.720703125,5972497.0
2025-01-28,MAXHEALTH.NS,2025-01-28,1015.0,1043.800048828125,982.0,1021.6500244140624,1020.472412109375,2125229.0
2025-01-28,BEML.NS,2025-01-28,1727.0,1745.4749755859375,1635.5,1676.2249755859375,1665.509765625,471748.0
2025-01-28,HINDUNILVR.NS,2025-01-28,2401.0,2407.0,2379.449951171875,2388.85009765625,2345.551513671875,1892156.0
2025-01-28,DATAPATTNS.NS,2025-01-28,1985.4000244140625,2116.699951171875,1891.3499755859373,2066.0,2059.81982421875,326768.0
2025-01-28,LUPIN.NS,2025-01-28,2070.0,2070.0,1998.0,2022.3499755859373,2009.849609375,1614704.0
2025-01-28,POONAWALLA.NS,2025-01-28,,,,,,
2025-01-28,ASHOKLEY.NS,2025-01-28,99.375,103.8550033569336,98.51000213623048,102.36499786376952,99.90886688232422,23240006.0
2025-01-28,PRESTIGE.NS,2025-01-28,1259.6500244140625,1305.0,1211.1500244140625,1271.0999755859375,1269.6385498046875,1026594.0
2025-01-28,TECHM.NS,2025-01-28,1655.949951171875,1664.6500244140625,1638.0,1648.3499755859375,1601.998779296875,1820874.0
2025-01-28,INFY.NS,2025-01-28,1830.0,1863.5,1824.9000244140625,1829.75,1777.15625,6999495.0
2025-01-28,MON100.NS,2025-01-28,213.8000030517578,213.8000030517578,193.5500030517578,200.8999938964844,200.8999938964844,2092489.0
2025-01-28,NAVINFLUOR.NS,2025-01-28,3600.0,3620.25,3524.64990234375,3562.35009765625,3553.43310546875,77697.0
2025-01-28,RAILTEL.NS,2025-01-28,364.9500122070313,371.25,336.0,351.3999938964844,348.4303283691406,4907281.0
2025-01-28,INDIGO.NS,2025-01-28,4207.7001953125,4301.0,4182.7998046875,4282.5,4275.275390625,691200.0
2025-01-28,HDFCBANK.NS,2025-01-28,823.5,842.1500244140625,823.5,835.2000122070312,824.0612182617188,30179312.0
2025-01-28,KOTAKBANK.NS,2025-01-28,,,,,,
2025-01-28,OBEROIRLTY.NS,2025-01-28,1700.1500244140625,1712.1500244140625,1645.050048828125,1672.949951171875,1666.989990234375,1340324.0
2025-01-28,M&M.NS,2025-01-28,,,,,,
2025-01-28,AUROPHARMA.NS,2025-01-28,1175.0999755859375,1175.449951171875,1135.0,1138.5999755859375,1134.3419189453125,720351.0
2025-01-28,PVRINOX.NS,2025-01-28,1048.0,1059.199951171875,1025.8499755859375,1053.949951171875,1053.949951171875,566848.0
2025-01-28,MUTHOOTFIN.NS,2025-01-28,2131.10009765625,2171.300048828125,2098.0,2135.89990234375,2110.076416015625,312942.0
2025-01-28,MPHASIS.NS,2025-01-28,2924.699951171875,3002.85009765625,2867.050048828125,2883.75,2827.25634765625,843006.0
2025-01-28,NESTLEIND.NS,2025-01-28,1087.375,1090.925048828125,1071.300048828125,1078.1500244140625,1066.80419921875,1442066.0
2025-01-28,INDUSTOWER.NS,2025-01-28,352.0,356.8999938964844,342.8500061035156,353.5,353.5,7413921.0
2025-01-28,SBICARD.NS,2025-01-28,753.0,772.4500122070312,749.2999877929688,759.0999755859375,756.8387451171875,2040422.0
2025-01-28,CESC.NS,2025-01-28,138.4499969482422,138.4499969482422,129.8000030517578,132.39999389648438,128.09780883789062,7443490.0
2025-01-28,TITAN.NS,2025-01-28,3319.35009765625,3370.85009765625,3299.550048828125,3325.89990234375,3315.920654296875,579957.0
2025-01-28,CUMMINSIND.NS,2025-01-28,2786.300048828125,2812.64990234375,2705.199951171875,2739.60009765625,2696.5595703125,622614.0
2025-01-28,BAJFINANCE.NS,2025-01-28,739.0,770.6799926757812,734.5,760.6599731445312,755.9951171875,24789330.0
2025-01-28,MRF.NS,2025-01-28,111076.953125,113092.8515625,111076.953125,112883.703125,112706.671875,9345.0
2025-01-28,ONGC.NS,2025-01-28,250.0,252.3999938964844,246.7100067138672,248.67999267578125,236.74945068359372,8029472.0
2025-01-28,GOLDBEES.NS,2025-01-28,67.69000244140625,67.69000244140625,67.37000274658203,67.58000183105469,67.58000183105469,14634599.0
2025-01-28,BHARATFORG.NS,2025-01-28,,,,,,
2025-01-28,CONCOR.NS,2025-01-28,593.5999755859375,602.4400024414062,583.4400024414062,590.52001953125,581.0059204101562,678616.0
2025-01-28,OIL.NS,2025-01-28,,,,,,
2025-01-28,DIXON.NS,2025-01-28,15399.0,15471.75,14411.4501953125,14586.9501953125,14580.4619140625,741639.0
2025-01-28,DRREDDY.NS,2025-01-28,1197.6500244140625,1197.6500244140625,1164.6500244140625,1181.25,1173.8055419921875,3142189.0
2025-01-28,APOLLOTYRE.NS,2025-01-28,424.8999938964844,430.0,418.1000061035156,423.75,419.2634887695313,3136478.0
2025-01-28,BHARTIARTL.NS,2025-01-28,1607.6500244140625,1630.300048828125,1597.0,1618.3499755859375,1604.932861328125,5216471.0
2025-01-28,LALPATHLAB.NS,2025-01-28,2750.10009765625,2761.949951171875,2666.949951171875,2681.949951171875,2659.6240234375,211766.0
2025-01-28,SRF.NS,2025-01-28,2569.949951171875,2620.949951171875,2569.89990234375,2600.199951171875,2593.620361328125,773278.0
2025-01-28,TATACOMM.NS,2025-01-28,1575.0,1587.0,1551.550048828125,1559.25,1536.3157958984375,261611.0
2025-01-28,CIPLA.NS,2025-01-28,1395.050048828125,1473.0,1366.0999755859375,1420.5999755859375,1405.5849609375,5627159.0
2025-01-28,BHEL.NS,2025-01-28,196.25,197.4499969482422,186.0,187.6199951171875,187.22657775878903,17826505.0
2025-01-28,BSOFT.NS,2025-01-28,522.4500122070312,529.9000244140625,513.2999877929688,519.0499877929688,510.9994201660156,1562273.0
2025-01-28,ZENSARTECH.NS,2025-01-28,815.5499877929688,819.9000244140625,766.1500244140625,786.25,776.0328979492188,2650893.0
2025-01-28,TATAELXSI.NS,2025-01-28,6150.0,6203.89990234375,6078.0498046875,6125.39990234375,6056.8828125,148138.0
2025-01-28,GRSE.NS,2025-01-28,1465.0,1563.5,1391.199951171875,1507.0999755859375,1491.927490234375,1617043.0
2025-01-28,MAZDOCK.NS,2025-01-28,2240.0,2346.949951171875,2084.5,2322.699951171875,2312.915283203125,5139156.0
2025-01-28,TRIDENT.NS,2025-01-28,30.489999771118164,30.489999771118164,28.520000457763672,28.920000076293945,28.483537673950195,9654142.0
2025-01-28,MANAPPURAM.NS,2025-01-28,,,,,,
2025-01-28,IRCON.NS,2025-01-28,198.0,201.0200042724609,186.1999969482422,187.8800048828125,184.84075927734372,10868685.0
2025-01-28,RVNL.NS,2025-01-28,407.0,414.0,385.2000122070313,407.6499938964844,405.5304260253906,8736571.0
2025-01-28,NIFTYBEES.NS,2025-01-28,257.0,259.1400146484375,255.9499969482422,257.3299865722656,257.3299865722656,6575668.0
2025-01-29,TVSMOTOR.NS,2025-01-29,,,,,,
2025-01-29,HEROMOTOCO.NS,2025-01-29,4036.0,4114.7998046875,4033.050048828125,4072.449951171875,3913.59375,479893.0
2025-01-29,LAURUSLABS.NS,2025-01-29,515.0,552.9500122070312,511.7999877929688,543.7999877929688,542.6107788085938,4394319.0
2025-01-29,SIEMENS.NS,2025-01-29,3340.027099609375,3431.011962890625,3321.2431640625,3419.0078125,3407.0078125,285380.0
2025-01-29,HAPPSTMNDS.NS,2025-01-29,672.5999755859375,700.0,672.5999755859375,696.5999755859375,689.0424194335938,279869.0
2025-01-29,BIOCON.NS,2025-01-29,360.20001220703125,371.3500061035156,351.79998779296875,355.70001220703125,355.2250671386719,4128263.0
2025-01-29,IDFCFIRSTB.NS,2025-01-29,58.27000045776367,60.0,57.79999923706055,59.81999969482422,59.62484359741211,58562492.0
2025-01-29,ICICIBANK.NS,2025-01-29,1252.0,1255.800048828125,1243.050048828125,1251.6500244140625,1242.066162109375,7666777.0
2025-01-29,CAMS.NS,2025-01-29,3740.0,4012.89990234375,3710.39990234375,3944.89990234375,3882.1337890625,1112274.0
2025-01-29,BPCL.NS,2025-01-29,256.95001220703125,257.95001220703125,251.5,257.0,248.02674865722656,9435973.0
2025-01-29,JSWSTEEL.NS,2025-01-29,913.5999755859376,941.0499877929688,908.0,937.5999755859376,935.0819702148438,1298065.0
2025-01-29,BDL.NS,2025-01-29,,,,,,
2025-01-29,ITC.NS,2025-01-29,435.9500122070313,437.5,430.1000061035156,433.3500061035156,418.89788818359375,15158510.0
2025-01-29,CDSL.NS,2025-01-29,1270.0,1300.0,1257.6500244140625,1291.449951171875,1281.00537109375,5527228.0
2025-01-29,BRITANNIA.NS,2025-01-29,5100.0,5100.0,4991.0,5037.0498046875,4971.89306640625,298533.0
2025-01-29,WIPRO.NS,2025-01-29,305.04998779296875,314.70001220703125,305.04998779296875,312.45001220703125,306.4227905273437,16338112.0
2025-01-29,TATACHEM.NS,2025-01-29,941.9500122070312,965.0,940.5,962.7999877929688,951.7719116210938,540595.0
2025-01-29,ASIANPAINT.NS,2025-01-29,2241.800048828125,2246.800048828125,2212.050048828125,2223.14990234375,2199.3935546875,1281088.0
2025-01-29,EICHERMOT.NS,2025-01-29,5080.5498046875,5235.0,5080.5498046875,5182.89990234375,5116.5556640625,357310.0
2025-01-29,COFORGE.NS,2025-01-29,1700.0,1756.800048828125,1691.0400390625,1749.31005859375,1733.407958984375,1885050.0
2025-01-29,IIFL.NS,2025-01-29,349.95001220703125,356.79998779296875,341.1000061035156,347.8999938964844,347.8999938964844,2092312.0
2025-01-29,TCS.NS,2025-01-29,4054.0,4107.85009765625,4054.0,4099.7998046875,4034.887451171875,1217089.0
2025-01-29,HAVELLS.NS,2025-01-29,1492.0,1531.6500244140625,1483.9000244140625,1528.199951171875,1522.3463134765625,569570.0
2025-01-29,COALINDIA.NS,2025-01-29,372.5,385.0,370.7999877929688,379.4500122070313,353.987548828125,6680927.0
2025-01-29,SHREECEM.NS,2025-01-29,26033.0,27074.30078125,25896.0,26651.349609375,26476.76953125,37297.0
2025-01-29,SBIN.NS,2025-01-29,753.0,760.7999877929688,749.7999877929688,758.4500122070312,743.5204467773438,9251973.0
2025-01-29,AXISBANK.NS,2025-01-29,988.0,988.6500244140624,977.5999755859376,983.4000244140624,982.560302734375,11175206.0
2025-01-29,IEX.NS,2025-01-29,167.3000030517578,179.88999938964844,167.3000030517578,179.07000732421875,176.1891326904297,12670335.0
2025-01-29,SUZLON.NS,2025-01-29,52.77000045776367,52.77000045776367,52.77000045776367,52.77000045776367,52.77000045776367,13990368.0
2025-01-29,AARTIIND.NS,2025-01-29,412.0,429.6000061035156,408.5499877929688,427.8999938964844,426.7622680664063,3564254.0
2025-01-29,PERSISTENT.NS,2025-01-29,5970.0,6310.0,5970.0,6275.9501953125,6238.40625,724783.0
2025-01-29,BATAINDIA.NS,2025-01-29,1231.0,1278.949951171875,1231.0,1263.5,1253.95458984375,347931.0
2025-01-29,PIIND.NS,2025-01-29,3350.0,3438.300048828125,3327.5,3425.199951171875,3410.46142578125,126453.0
2025-01-29,GODREJPROP.NS,2025-01-29,2160.0,2244.949951171875,2149.10009765625,2237.550048828125,2237.550048828125,746880.0
2025-01-29,HINDALCO.NS,2025-01-29,576.5,587.8499755859375,571.5999755859375,584.0999755859375,579.84765625,4618198.0
2025-01-29,MARUTI.NS,2025-01-29,12120.0,12320.7001953125,11885.0498046875,11977.900390625,11849.6474609375,817549.0
2025-01-29,MCX.NS,2025-01-29,5550.0,5730.0,5515.5,5701.89990234375,5680.2060546875,336054.0
2025-01-29,SAIL.NS,2025-01-29,103.0,105.16999816894533,103.0,104.36000061035156,103.0682144165039,10829311.0
2025-01-29,RELIANCE.NS,2025-01-29,1236.0,1242.75,1228.050048828125,1235.5,1230.585205078125,5928156.0
2025-01-29,PAGEIND.NS,2025-01-29,44600.0,46098.94921875,44583.0,45190.3515625,44546.59375,32215.0
2025-01-29,HDFCAMC.NS,2025-01-29,1849.9749755859373,1897.2249755859373,1841.0999755859373,1892.8499755859373,1857.9822998046875,258272.0
2025-01-29,ADANIENT.NS,2025-01-29,,,,,,
2025-01-29,ANGELONE.NS,2025-01-29,2198.050048828125,2318.64990234375,2182.050048828125,2296.550048828125,2265.356689453125,1277478.0
2025-01-29,VOLTAS.NS,2025-01-29,1424.1500244140625,1483.550048828125,1418.550048828125,1474.0999755859375,1465.9169921875,454464.0
2025-01-29,MARICO.NS,2025-01-29,666.0,683.5999755859375,664.3499755859375,671.8499755859375,661.7047729492188,2457335.0
2025-01-29,TATASTEEL.NS,2025-01-29,129.0,131.33999633789062,128.5500030517578,130.8000030517578,127.81918334960938,16674706.0
2025-01-29,PIDILITIND.NS,2025-01-29,1442.0,1449.0,1425.1500244140625,1445.5250244140625,1435.6724853515625,414882.0
2025-01-29,RITES.NS,2025-01-29,248.8500061035156,256.95001220703125,247.9499969482422,252.1999969482422,244.6349334716797,1020266.0
2025-01-29,HCLTECH.NS,2025-01-29,1696.0,1724.0999755859375,1696.0,1719.0,1672.82958984375,3733620.0
2025-01-29,RAYMOND.NS,2025-01-29,1476.6500244140625,1523.0999755859375,1474.4000244140625,1504.9000244140625,1504.9000244140625,299754.0
2025-01-29,POLYCAB.NS,2025-01-29,,,,,,
2025-01-29,SUNPHARMA.NS,2025-01-29,1705.5,1744.0,1696.0,1735.3499755859375,1719.2945556640625,1433336.0
2025-01-29,MAXHEALTH.NS,2025-01-29,1011.0,1032.4000244140625,1000.0,1025.0,1023.8185424804688,1074681.0
2025-01-29,BEML.NS,2025-01-29,1677.5,1757.0,1677.5,1747.425048828125,1736.254638671875,286544.0
2025-01-29,HINDUNILVR.NS,2025-01-29,2385.14990234375,2396.0,2364.0,2383.949951171875,2340.740234375,699576.0
2025-01-29,DATAPATTNS.NS,2025-01-29,2030.0,2123.550048828125,2030.0,2102.050048828125,2095.761962890625,109527.0
2025-01-29,LUPIN.NS,2025-01-29,2008.949951171875,2073.0,2005.050048828125,2068.14990234375,2055.366455078125,575970.0
2025-01-29,POONAWALLA.NS,2025-01-29,,,,,,
2025-01-29,ASHOKLEY.NS,2025-01-29,102.1750030517578,103.27999877929688,101.6500015258789,103.0199966430664,100.54814910888672,12922486.0
2025-01-29,PRESTIGE.NS,2025-01-29,1271.0999755859375,1322.0,1261.25,1318.4000244140625,1316.88427734375,818604.0
2025-01-29,TECHM.NS,2025-01-29,1663.949951171875,1685.0,1654.050048828125,1681.1500244140625,1633.8765869140625,1146508.0
2025-01-29,INFY.NS,2025-01-29,1845.0,1888.6500244140625,1840.5,1881.25,1827.1759033203125,5145155.0
2025-01-29,MON100.NS,2025-01-29,206.9499969482422,208.97999572753903,201.0,207.8699951171875,207.8699951171875,617299.0
2025-01-29,NAVINFLUOR.NS,2025-01-29,3502.0,3774.800048828125,3502.0,3740.199951171875,3730.837890625,195692.0
2025-01-29,RAILTEL.NS,2025-01-29,352.6499938964844,379.0,352.5,373.25,370.0956726074219,1987409.0
2025-01-29,INDIGO.NS,2025-01-29,4287.4501953125,4309.0,4230.0,4293.89990234375,4286.65576171875,344762.0
2025-01-29,HDFCBANK.NS,2025-01-29,837.5,840.5750122070312,834.4249877929688,838.6500244140625,827.4651489257812,12619890.0
2025-01-29,KOTAKBANK.NS,2025-01-29,,,,,,
2025-01-29,OBEROIRLTY.NS,2025-01-29,1675.0,1723.0,1671.949951171875,1718.4000244140625,1712.2779541015625,736424.0
2025-01-29,M&M.NS,2025-01-29,,,,,,
2025-01-29,AUROPHARMA.NS,2025-01-29,1137.0,1161.8499755859375,1133.050048828125,1156.1500244140625,1151.8262939453125,540377.0
2025-01-29,PVRINOX.NS,2025-01-29,1059.0,1086.25,1045.9000244140625,1083.9000244140625,1083.9000244140625,359816.0
2025-01-29,MUTHOOTFIN.NS,2025-01-29,2135.800048828125,2223.449951171875,2125.10009765625,2210.60009765625,2183.87353515625,518813.0
2025-01-29,MPHASIS.NS,2025-01-29,2900.10009765625,3018.449951171875,2900.10009765625,3009.25,2950.2978515625,636180.0
2025-01-29,NESTLEIND.NS,2025-01-29,1078.1500244140625,1092.449951171875,1065.625,1090.3499755859375,1078.875732421875,794290.0
2025-01-29,INDUSTOWER.NS,2025-01-29,352.5,355.1000061035156,343.29998779296875,346.70001220703125,346.70001220703125,4888368.0
2025-01-29,SBICARD.NS,2025-01-29,727.0,776.8499755859375,721.0,761.4000244140625,759.1318969726562,4991376.0
2025-01-29,CESC.NS,2025-01-29,132.94000244140625,139.16000366210938,132.57000732421875,138.64999389648438,134.14471435546875,3742569.0
2025-01-29,TITAN.NS,2025-01-29,3339.199951171875,3375.0,3309.050048828125,3370.75,3360.63623046875,570137.0
2025-01-29,CUMMINSIND.NS,2025-01-29,2749.89990234375,2866.199951171875,2741.10009765625,2848.89990234375,2804.142333984375,537445.0
2025-01-29,BAJFINANCE.NS,2025-01-29,765.7249755859375,778.7000122070312,756.89501953125,775.9650268554688,771.206298828125,15149200.0
2025-01-29,MRF.NS,2025-01-29,112350.0,112800.3984375,111600.046875,112334.953125,112158.78125,5682.0
2025-01-29,ONGC.NS,2025-01-29,248.8999938964844,252.0,247.0,251.3999938964844,239.3389434814453,5651586.0
2025-01-29,GOLDBEES.NS,2025-01-29,68.29000091552734,68.29000091552734,67.80000305175781,67.86000061035156,67.86000061035156,7048513.0
2025-01-29,BHARATFORG.NS,2025-01-29,,,,,,
2025-01-29,CONCOR.NS,2025-01-29,592.7999877929688,600.0,590.4000244140625,594.3200073242188,584.7446899414062,423263.0
2025-01-29,OIL.NS,2025-01-29,,,,,,
2025-01-29,DIXON.NS,2025-01-29,14600.5498046875,15080.0,14484.099609375,14536.150390625,14529.6845703125,323696.0
2025-01-29,DRREDDY.NS,2025-01-29,1187.4000244140625,1192.449951171875,1173.5,1181.199951171875,1173.755859375,3458251.0
2025-01-29,APOLLOTYRE.NS,2025-01-29,424.0,429.2999877929688,422.0499877929688,423.9500122070313,419.4613952636719,1827081.0
2025-01-29,BHARTIARTL.NS,2025-01-29,1620.0,1626.9000244140625,1593.1500244140625,1600.449951171875,1587.1812744140625,5009227.0
2025-01-29,LALPATHLAB.NS,2025-01-29,2677.199951171875,2786.89990234375,2677.10009765625,2759.0,2736.032470703125,289489.0
2025-01-29,SRF.NS,2025-01-29,2612.0,2677.89990234375,2557.75,2664.85009765625,2658.10693359375,921481.0
2025-01-29,TATACOMM.NS,2025-01-29,1557.0,1577.5999755859375,1550.0,1555.0999755859375,1532.226806640625,304022.0
2025-01-29,CIPLA.NS,2025-01-29,1440.0,1455.0,1410.5999755859375,1423.949951171875,1408.8995361328125,3775947.0
2025-01-29,BHEL.NS,2025-01-29,184.13999938964844,200.5200042724609,184.13999938964844,199.8600006103516,199.44091796875,38044200.0
2025-01-29,BSOFT.NS,2025-01-29,523.0499877929688,537.0,521.7999877929688,531.8499755859375,523.6008911132812,1300810.0
2025-01-29,ZENSARTECH.NS,2025-01-29,788.9000244140625,854.1500244140625,786.0999755859375,850.5,839.447998046875,3242129.0
2025-01-29,TATAELXSI.NS,2025-01-29,6129.2001953125,6221.9501953125,6094.9501953125,6173.85009765625,6104.791015625,143522.0
2025-01-29,GRSE.NS,2025-01-29,1514.0,1565.800048828125,1509.6500244140625,1537.300048828125,1521.823486328125,487256.0
2025-01-29,MAZDOCK.NS,2025-01-29,2343.0,2410.0,2328.300048828125,2355.050048828125,2345.12890625,2838163.0
2025-01-29,TRIDENT.NS,2025-01-29,28.309999465942383,30.540000915527344,28.309999465942383,30.21999931335449,29.763916015625,7172681.0
2025-01-29,MANAPPURAM.NS,2025-01-29,,,,,,
2025-01-29,IRCON.NS,2025-01-29,189.8000030517578,200.6199951171875,189.2100067138672,194.17999267578125,191.0388336181641,11096358.0
2025-01-29,RVNL.NS,2025-01-29,410.0,430.9500122070313,408.0499877929688,427.6499938964844,425.4264221191406,7673095.0
2025-01-29,NIFTYBEES.NS,2025-01-29,258.5,259.5,257.20001220703125,259.3800048828125,259.3800048828125,4481256.0
2025-01-30,TVSMOTOR.NS,2025-01-30,,,,,,
2025-01-30,HEROMOTOCO.NS,2025-01-30,4079.199951171875,4187.0,4060.050048828125,4177.7998046875,4014.833984375,807120.0
2025-01-30,LAURUSLABS.NS,2025-01-30,565.9500122070312,598.1500244140625,557.4000244140625,588.4500122070312,587.1632080078125,18484544.0
2025-01-30,SIEMENS.NS,2025-01-30,3428.6640625,3488.508544921875,3400.34130859375,3448.475341796875,3448.475341796875,502913.0
2025-01-30,HAPPSTMNDS.NS,2025-01-30,696.0999755859375,705.0,688.0,692.2999877929688,684.7890625,118025.0
2025-01-30,BIOCON.NS,2025-01-30,358.0,362.3500061035156,353.25,357.0,356.5233154296875,3459428.0
2025-01-30,IDFCFIRSTB.NS,2025-01-30,59.79999923706055,61.900001525878906,59.459999084472656,61.18999862670898,60.99037170410156,52544708.0
2025-01-30,ICICIBANK.NS,2025-01-30,1250.0,1259.8499755859375,1239.5,1255.5999755859375,1245.98583984375,11921041.0
2025-01-30,CAMS.NS,2025-01-30,3984.0,3989.800048828125,3590.5,3637.199951171875,3579.32958984375,1705426.0
2025-01-30,BPCL.NS,2025-01-30,259.8999938964844,260.8999938964844,256.5,257.1499938964844,248.1715087890625,9410974.0
2025-01-30,JSWSTEEL.NS,2025-01-30,937.9000244140624,956.0,936.2000122070312,950.8499755859376,948.29638671875,2020147.0
2025-01-30,BDL.NS,2025-01-30,,,,,,
2025-01-30,ITC.NS,2025-01-30,433.0,438.0,431.4500122070313,436.2000122070313,421.6528625488281,22496695.0
2025-01-30,CDSL.NS,2025-01-30,1304.699951171875,1319.0999755859375,1259.5,1270.800048828125,1260.5224609375,4418841.0
2025-01-30,BRITANNIA.NS,2025-01-30,5037.10009765625,5105.0,5034.9501953125,5075.35009765625,5009.69775390625,354016.0
2025-01-30,WIPRO.NS,2025-01-30,311.0,313.70001220703125,305.95001220703125,309.0,303.0393371582031,9984186.0
2025-01-30,TATACHEM.NS,2025-01-30,962.5499877929688,977.4000244140624,958.9500122070312,967.9500122070312,956.8629760742188,383812.0
2025-01-30,ASIANPAINT.NS,2025-01-30,2223.14990234375,2259.25,2215.0,2249.85009765625,2225.808349609375,1155718.0
2025-01-30,EICHERMOT.NS,2025-01-30,5182.89990234375,5268.0,5140.0498046875,5164.35009765625,5098.24365234375,480830.0
2025-01-30,COFORGE.NS,2025-01-30,1756.0,1756.9100341796875,1660.050048828125,1665.469970703125,1653.9228515625,2721965.0
2025-01-30,IIFL.NS,2025-01-30,347.1000061035156,363.1000061035156,347.04998779296875,353.3999938964844,353.3999938964844,940434.0
2025-01-30,TCS.NS,2025-01-30,4099.89990234375,4129.89990234375,4058.5,4100.0498046875,4035.13330078125,1531251.0
2025-01-30,HAVELLS.NS,2025-01-30,1535.0,1550.25,1521.949951171875,1544.0,1538.0858154296875,597904.0
2025-01-30,COALINDIA.NS,2025-01-30,381.7000122070313,387.3500061035156,380.3999938964844,385.0499877929688,359.2117919921875,6300164.0
2025-01-30,SHREECEM.NS,2025-01-30,26670.0,27374.0,26550.94921875,26830.5,26654.748046875,32714.0
2025-01-30,SBIN.NS,2025-01-30,758.5499877929688,765.0,754.75,762.5999755859375,747.5887451171875,11085824.0
2025-01-30,AXISBANK.NS,2025-01-30,984.6500244140624,991.4000244140624,974.7999877929688,984.7000122070312,983.8591918945312,10473118.0
2025-01-30,IEX.NS,2025-01-30,179.0,179.44000244140625,173.0500030517578,175.2899932861328,172.46994018554688,5780293.0
2025-01-30,SUZLON.NS,2025-01-30,55.400001525878906,55.400001525878906,55.400001525878906,55.400001525878906,55.400001525878906,10961611.0
2025-01-30,AARTIIND.NS,2025-01-30,431.7999877929688,441.9500122070313,428.3999938964844,438.0,436.8354187011719,2179795.0
2025-01-30,PERSISTENT.NS,2025-01-30,6310.0,6338.60009765625,6025.5,6056.7001953125,6020.46826171875,454129.0
2025-01-30,BATAINDIA.NS,2025-01-30,1264.550048828125,1286.949951171875,1254.0,1267.199951171875,1257.6265869140625,385248.0
2025-01-30,PIIND.NS,2025-01-30,3435.0,3479.949951171875,3425.199951171875,3456.60009765625,3441.726318359375,256135.0
2025-01-30,GODREJPROP.NS,2025-01-30,2230.5,2316.75,2230.5,2288.39990234375,2288.39990234375,924125.0
2025-01-30,HINDALCO.NS,2025-01-30,586.9000244140625,601.8499755859375,581.7000122070312,587.8499755859375,583.5703735351562,4604752.0
2025-01-30,MARUTI.NS,2025-01-30,12021.0,12110.849609375,11923.099609375,12000.0,11871.509765625,418442.0
2025-01-30,MCX.NS,2025-01-30,5758.89990234375,5760.0,5581.60009765625,5599.2998046875,5577.99609375,366712.0
2025-01-30,SAIL.NS,2025-01-30,104.5,106.5999984741211,104.0999984741211,105.4499969482422,104.14472198486328,11418706.0
2025-01-30,RELIANCE.NS,2025-01-30,1235.550048828125,1257.0,1232.4000244140625,1253.050048828125,1248.0654296875,9269259.0
2025-01-30,PAGEIND.NS,2025-01-30,45190.3515625,45205.3984375,43600.0,44303.44921875,43672.328125,37596.0
2025-01-30,HDFCAMC.NS,2025-01-30,1905.0,1905.9749755859373,1877.7750244140625,1884.675048828125,1849.9578857421875,811496.0
2025-01-30,ADANIENT.NS,2025-01-30,,,,,,
2025-01-30,ANGELONE.NS,2025-01-30,2310.0,2328.949951171875,2255.0,2277.800048828125,2246.861572265625,1305817.0
2025-01-30,VOLTAS.NS,2025-01-30,1430.0,1430.0,1262.4000244140625,1269.300048828125,1262.25390625,11456156.0
2025-01-30,MARICO.NS,2025-01-30,674.5499877929688,680.0,668.0999755859375,672.1500244140625,662.0003051757812,911550.0
2025-01-30,TATASTEEL.NS,2025-01-30,130.8000030517578,132.14999389648438,130.10000610351562,131.1199951171875,128.1318817138672,25256096.0
2025-01-30,PIDILITIND.NS,2025-01-30,1445.5250244140625,1449.9749755859375,1421.0,1443.2750244140625,1433.437744140625,395016.0
2025-01-30,RITES.NS,2025-01-30,255.0,261.75,252.1999969482422,258.3500061035156,250.60047912597656,1183667.0
2025-01-30,HCLTECH.NS,2025-01-30,1722.0,1732.949951171875,1697.8499755859375,1713.0999755859375,1667.088134765625,2543744.0
2025-01-30,RAYMOND.NS,2025-01-30,1530.0,1566.449951171875,1495.550048828125,1515.8499755859375,1515.8499755859375,374170.0
2025-01-30,POLYCAB.NS,2025-01-30,,,,,,
2025-01-30,SUNPHARMA.NS,2025-01-30,1740.449951171875,1760.300048828125,1725.300048828125,1739.0999755859375,1723.0098876953125,2017991.0
2025-01-30,MAXHEALTH.NS,2025-01-30,1040.0999755859375,1058.4000244140625,998.0,1043.8499755859375,1042.6468505859375,3974586.0
2025-01-30,BEML.NS,2025-01-30,1764.5,1790.6500244140625,1750.75,1770.300048828125,1758.9835205078125,193932.0
2025-01-30,HINDUNILVR.NS,2025-01-30,2384.0,2425.0,2384.0,2408.75,2365.0908203125,1419960.0
2025-01-30,DATAPATTNS.NS,2025-01-30,2105.5,2184.85009765625,2105.0,2129.60009765625,2123.229736328125,114917.0
2025-01-30,LUPIN.NS,2025-01-30,2065.0,2093.949951171875,2053.14990234375,2064.39990234375,2051.6396484375,729992.0
2025-01-30,POONAWALLA.NS,2025-01-30,,,,,,
2025-01-30,ASHOKLEY.NS,2025-01-30,103.0199966430664,105.7249984741211,102.69000244140624,105.16500091552734,102.64169311523438,14928366.0
2025-01-30,PRESTIGE.NS,2025-01-30,1320.0,1353.300048828125,1312.199951171875,1342.3499755859375,1340.806640625,541192.0
2025-01-30,TECHM.NS,2025-01-30,1685.0,1704.9000244140625,1657.0,1670.0999755859375,1623.13720703125,868832.0
2025-01-30,INFY.NS,2025-01-30,1873.1500244140625,1887.199951171875,1844.0,1859.949951171875,1806.488037109375,7336056.0
2025-01-30,MON100.NS,2025-01-30,210.0,210.9499969482422,204.1499938964844,206.8999938964844,206.8999938964844,398524.0
2025-01-30,NAVINFLUOR.NS,2025-01-30,3776.0,3930.0,3746.699951171875,3908.25,3898.46728515625,403921.0
2025-01-30,RAILTEL.NS,2025-01-30,378.0,392.4500122070313,373.8500061035156,384.0499877929688,380.8044128417969,2944665.0
2025-01-30,INDIGO.NS,2025-01-30,4293.10009765625,4353.89990234375,4183.4501953125,4227.75,4220.61767578125,571581.0
2025-01-30,HDFCBANK.NS,2025-01-30,840.5,848.9500122070312,836.2750244140625,845.75,834.4705200195312,25744846.0
2025-01-30,KOTAKBANK.NS,2025-01-30,,,,,,
2025-01-30,OBEROIRLTY.NS,2025-01-30,1740.199951171875,1771.800048828125,1724.050048828125,1755.699951171875,1749.4449462890625,1073078.0
2025-01-30,M&M.NS,2025-01-30,,,,,,
2025-01-30,AUROPHARMA.NS,2025-01-30,1165.0,1193.3499755859375,1159.5999755859375,1183.1500244140625,1178.725341796875,1023976.0
2025-01-30,PVRINOX.NS,2025-01-30,1085.0,1090.949951171875,1059.3499755859375,1068.800048828125,1068.800048828125,291186.0
2025-01-30,MUTHOOTFIN.NS,2025-01-30,2232.699951171875,2232.699951171875,2187.5,2209.64990234375,2182.934814453125,377592.0
2025-01-30,MPHASIS.NS,2025-01-30,2998.75,3011.199951171875,2837.5,2867.60009765625,2811.4228515625,1251426.0
2025-01-30,NESTLEIND.NS,2025-01-30,1094.5,1116.3499755859375,1090.3499755859375,1108.675048828125,1097.0079345703125,1149120.0
2025-01-30,INDUSTOWER.NS,2025-01-30,347.0,349.5,342.04998779296875,345.6000061035156,345.6000061035156,8768186.0
2025-01-30,SBICARD.NS,2025-01-30,758.0,779.0,756.4000244140625,774.7999877929688,772.491943359375,2619372.0
2025-01-30,CESC.NS,2025-01-30,138.64999389648438,142.58999633789062,138.0,141.5399932861328,136.94081115722656,4888531.0
2025-01-30,TITAN.NS,2025-01-30,3370.64990234375,3390.0,3345.199951171875,3368.39990234375,3358.293212890625,688608.0
2025-01-30,CUMMINSIND.NS,2025-01-30,2850.39990234375,2875.449951171875,2820.0,2852.949951171875,2808.128662109375,428601.0
2025-01-30,BAJFINANCE.NS,2025-01-30,785.0,825.0650024414062,785.0,790.1649780273438,785.3191528320312,56488830.0
2025-01-30,MRF.NS,2025-01-30,112394.953125,113500.0,112045.3984375,112622.5,112445.8828125,7858.0
2025-01-30,ONGC.NS,2025-01-30,252.0,259.3999938964844,250.94000244140625,256.7200012207031,244.4037170410156,12588155.0
2025-01-30,GOLDBEES.NS,2025-01-30,68.22000122070312,68.22000122070312,67.72000122070312,68.08999633789062,68.08999633789062,11532203.0
2025-01-30,BHARATFORG.NS,2025-01-30,,,,,,
2025-01-30,CONCOR.NS,2025-01-30,594.4400024414062,609.239990234375,592.7999877929688,605.0,595.252685546875,1727018.0
2025-01-30,OIL.NS,2025-01-30,,,,,,
2025-01-30,DIXON.NS,2025-01-30,14545.0498046875,14884.4501953125,14359.5,14659.849609375,14653.328125,385236.0
2025-01-30,DRREDDY.NS,2025-01-30,1188.0,1204.800048828125,1184.0,1194.5,1186.9720458984375,3290757.0
2025-01-30,APOLLOTYRE.NS,2025-01-30,425.1000061035156,434.8999938964844,420.0,432.7999877929688,428.2176513671875,2822251.0
2025-01-30,BHARTIARTL.NS,2025-01-30,1606.699951171875,1644.949951171875,1595.199951171875,1640.75,1627.147216796875,4283637.0
2025-01-30,LALPATHLAB.NS,2025-01-30,2759.0,2891.949951171875,2754.949951171875,2877.85009765625,2853.893310546875,952468.0
2025-01-30,SRF.NS,2025-01-30,2700.0,2849.0,2636.050048828125,2831.14990234375,2823.98583984375,3252957.0
2025-01-30,TATACOMM.NS,2025-01-30,1556.800048828125,1601.550048828125,1556.800048828125,1586.949951171875,1563.6083984375,240945.0
2025-01-30,CIPLA.NS,2025-01-30,1431.0,1469.800048828125,1426.0,1457.449951171875,1442.0455322265625,1773294.0
2025-01-30,BHEL.NS,2025-01-30,201.0,201.6999969482422,194.02999877929688,196.3699951171875,195.95822143554688,12911947.0
2025-01-30,BSOFT.NS,2025-01-30,535.4500122070312,537.75,521.25,530.1500244140625,521.9273071289062,1030649.0
2025-01-30,ZENSARTECH.NS,2025-01-30,858.0,874.9500122070312,836.25,860.0499877929688,848.8739013671875,3518108.0
2025-01-30,TATAELXSI.NS,2025-01-30,6195.0,6215.9501953125,6090.0,6135.7001953125,6067.06787109375,138349.0
2025-01-30,GRSE.NS,2025-01-30,1545.0,1594.949951171875,1503.0,1519.8499755859375,1504.549072265625,922102.0
2025-01-30,MAZDOCK.NS,2025-01-30,2358.800048828125,2414.0,2331.0,2350.699951171875,2340.797119140625,2169832.0
2025-01-30,TRIDENT.NS,2025-01-30,30.280000686645508,31.0,29.96999931335449,30.700000762939453,30.23667335510254,5799669.0
2025-01-30,MANAPPURAM.NS,2025-01-30,,,,,,
2025-01-30,IRCON.NS,2025-01-30,196.1000061035156,205.91000366210935,195.1000061035156,202.6999969482422,199.4210205078125,12063956.0
2025-01-30,RVNL.NS,2025-01-30,433.0,444.5,429.25,436.8999938964844,434.6283264160156,10326411.0
2025-01-30,NIFTYBEES.NS,2025-01-30,259.04998779296875,260.9800109863281,259.0,260.2200012207031,260.2200012207031,6330889.0
2025-01-31,TVSMOTOR.NS,2025-01-31,,,,,,
2025-01-31,HEROMOTOCO.NS,2025-01-31,4188.0,4372.7998046875,4176.0,4339.14990234375,4169.89013671875,1056018.0
2025-01-31,LAURUSLABS.NS,2025-01-31,585.0,594.7999877929688,578.0,584.0499877929688,582.7728271484375,2815318.0
2025-01-31,SIEMENS.NS,2025-01-31,3475.036865234375,3580.69677734375,3447.741455078125,3565.05322265625,3565.05322265625,698148.0
2025-01-31,HAPPSTMNDS.NS,2025-01-31,685.1500244140625,701.9500122070312,685.1500244140625,688.5999755859375,681.1292114257812,289670.0
2025-01-31,BIOCON.NS,2025-01-31,347.1000061035156,370.8999938964844,347.1000061035156,362.5499877929688,362.0658874511719,7341863.0
2025-01-31,IDFCFIRSTB.NS,2025-01-31,61.209999084472656,63.77000045776367,60.810001373291016,63.2400016784668,63.033687591552734,36326174.0
2025-01-31,ICICIBANK.NS,2025-01-31,1254.5,1256.0,1239.0999755859375,1252.800048828125,1243.2073974609375,10195417.0
2025-01-31,CAMS.NS,2025-01-31,3660.0,3667.0,3550.0,3603.5,3546.166015625,812339.0
2025-01-31,BPCL.NS,2025-01-31,257.8999938964844,262.0,254.25,261.1000061035156,251.98358154296875,8790578.0
2025-01-31,JSWSTEEL.NS,2025-01-31,949.75,959.9000244140624,940.5499877929688,945.0,942.4620971679688,2037829.0
2025-01-31,BDL.NS,2025-01-31,,,,,,
2025-01-31,ITC.NS,2025-01-31,436.5,448.2000122070313,435.1000061035156,447.5,432.5759887695313,13546181.0
2025-01-31,CDSL.NS,2025-01-31,1285.0,1315.9000244140625,1271.0,1309.699951171875,1299.1077880859375,3621641.0
2025-01-31,BRITANNIA.NS,2025-01-31,5104.0,5170.0,5040.10009765625,5129.64990234375,5063.29541015625,316771.0
2025-01-31,WIPRO.NS,2025-01-31,311.70001220703125,315.70001220703125,309.54998779296875,311.8999938964844,305.8833923339844,15597644.0
2025-01-31,TATACHEM.NS,2025-01-31,968.0999755859376,990.0,968.0499877929688,986.0999755859376,974.8050537109376,570528.0
2025-01-31,ASIANPAINT.NS,2025-01-31,2255.0,2305.0,2234.85009765625,2300.800048828125,2276.2138671875,1292909.0
2025-01-31,EICHERMOT.NS,2025-01-31,5165.0,5244.0,5145.0,5194.2998046875,5127.8095703125,394118.0
2025-01-31,COFORGE.NS,2025-01-31,1664.81005859375,1679.0,1641.02001953125,1652.77001953125,1641.3109130859375,1847675.0
2025-01-31,IIFL.NS,2025-01-31,353.04998779296875,359.70001220703125,352.29998779296875,356.45001220703125,356.45001220703125,722155.0
2025-01-31,TCS.NS,2025-01-31,4110.0,4128.4501953125,4085.25,4112.39990234375,4047.2880859375,1492943.0
2025-01-31,HAVELLS.NS,2025-01-31,1545.0,1569.4000244140625,1528.1500244140625,1566.199951171875,1560.20068359375,632351.0
2025-01-31,COALINDIA.NS,2025-01-31,379.5,396.9500122070313,374.6499938964844,395.8999938964844,374.784423828125,10339434.0
2025-01-31,SHREECEM.NS,2025-01-31,27124.0,28000.0,26682.650390625,27795.900390625,27613.822265625,48056.0
2025-01-31,SBIN.NS,2025-01-31,764.9000244140625,777.5499877929688,759.5,772.9000244140625,757.68603515625,10083763.0
2025-01-31,AXISBANK.NS,2025-01-31,982.0,990.0,978.0499877929688,986.0999755859376,985.2579345703124,9036312.0
2025-01-31,IEX.NS,2025-01-31,174.5500030517578,177.39999389648438,173.1999969482422,174.60000610351562,173.27378845214844,4274131.0
2025-01-31,SUZLON.NS,2025-01-31,57.0,58.16999816894531,56.54999923706055,58.16999816894531,58.16999816894531,111500110.0
2025-01-31,AARTIIND.NS,2025-01-31,450.0,451.8500061035156,438.6000061035156,444.7000122070313,443.51763916015625,2624458.0
2025-01-31,PERSISTENT.NS,2025-01-31,6080.39990234375,6137.2001953125,5964.0,6032.60009765625,6016.37890625,354309.0
2025-01-31,BATAINDIA.NS,2025-01-31,1268.4000244140625,1299.949951171875,1267.199951171875,1296.800048828125,1287.0030517578125,260783.0
2025-01-31,PIIND.NS,2025-01-31,3469.0,3502.64990234375,3387.050048828125,3483.75,3468.759521484375,342427.0
2025-01-31,GODREJPROP.NS,2025-01-31,2279.699951171875,2346.449951171875,2249.050048828125,2329.449951171875,2329.449951171875,614832.0
2025-01-31,HINDALCO.NS,2025-01-31,590.0,596.4000244140625,584.2999877929688,594.2999877929688,589.973388671875,3750965.0
2025-01-31,MARUTI.NS,2025-01-31,12000.0,12390.0,12000.0,12310.650390625,12178.833984375,709009.0
2025-01-31,MCX.NS,2025-01-31,5600.0,5757.0,5587.5498046875,5732.9501953125,5711.13818359375,277503.0
2025-01-31,SAIL.NS,2025-01-31,105.58000183105467,108.19000244140624,103.95999908447266,107.43000030517578,106.10021209716795,15726923.0
2025-01-31,RELIANCE.NS,2025-01-31,1255.8499755859375,1267.0,1249.0,1265.0999755859375,1260.0673828125,6584612.0
2025-01-31,PAGEIND.NS,2025-01-31,44300.0,45190.19921875,44289.94921875,44723.55078125,44086.44140625,27976.0
2025-01-31,HDFCAMC.NS,2025-01-31,1884.675048828125,2000.0,1877.074951171875,1934.949951171875,1899.3067626953125,718238.0
2025-01-31,ADANIENT.NS,2025-01-31,,,,,,
2025-01-31,ANGELONE.NS,2025-01-31,2288.0,2355.0,2260.10009765625,2346.10009765625,2314.23388671875,769979.0
2025-01-31,VOLTAS.NS,2025-01-31,1269.300048828125,1283.5999755859375,1239.050048828125,1260.8499755859375,1253.850830078125,5032200.0
2025-01-31,MARICO.NS,2025-01-31,677.0,686.5499877929688,655.0499877929688,670.6500244140625,660.52294921875,3690369.0
2025-01-31,TATASTEEL.NS,2025-01-31,131.1199951171875,135.0,129.92999267578125,134.6199951171875,131.5521240234375,26689228.0
2025-01-31,PIDILITIND.NS,2025-01-31,1443.2249755859375,1452.25,1422.5,1435.8499755859375,1426.0633544921875,627482.0
2025-01-31,RITES.NS,2025-01-31,259.54998779296875,265.79998779296875,257.20001220703125,260.8500061035156,254.90013122558597,2642625.0
2025-01-31,HCLTECH.NS,2025-01-31,1709.050048828125,1738.199951171875,1709.050048828125,1725.449951171875,1679.1063232421875,2033832.0
2025-01-31,RAYMOND.NS,2025-01-31,1525.0,1525.0,1481.0,1511.4000244140625,1511.4000244140625,240257.0
2025-01-31,POLYCAB.NS,2025-01-31,,,,,,
2025-01-31,SUNPHARMA.NS,2025-01-31,1742.0,1769.8499755859375,1706.050048828125,1743.949951171875,1727.81494140625,4275269.0
2025-01-31,MAXHEALTH.NS,2025-01-31,1046.0,1069.0,1029.75,1061.25,1060.0267333984375,2955047.0
2025-01-31,BEML.NS,2025-01-31,1772.0,1941.0,1772.0,1922.3499755859373,1910.0615234375,1754286.0
2025-01-31,HINDUNILVR.NS,2025-01-31,2401.5,2479.0,2401.5,2468.800048828125,2424.052490234375,2116148.0
2025-01-31,DATAPATTNS.NS,2025-01-31,2118.0,2225.0,2109.10009765625,2207.39990234375,2200.796630859375,140531.0
2025-01-31,LUPIN.NS,2025-01-31,2071.0,2109.39990234375,2061.0,2080.449951171875,2067.59033203125,882870.0
2025-01-31,POONAWALLA.NS,2025-01-31,,,,,,
2025-01-31,ASHOKLEY.NS,2025-01-31,104.8249969482422,109.5,104.43499755859376,108.41500091552734,105.81370544433594,13116114.0
2025-01-31,PRESTIGE.NS,2025-01-31,1283.8499755859375,1387.550048828125,1250.1500244140625,1359.5,1357.93701171875,1513344.0
2025-01-31,TECHM.NS,2025-01-31,1675.0,1695.0,1665.25,1674.449951171875,1627.3648681640625,1065425.0
2025-01-31,INFY.NS,2025-01-31,1871.0,1897.449951171875,1871.0,1879.800048828125,1825.7677001953125,5820470.0
2025-01-31,MON100.NS,2025-01-31,204.67999267578125,209.88999938964844,204.67999267578125,206.3699951171875,206.3699951171875,679250.0
2025-01-31,NAVINFLUOR.NS,2025-01-31,4195.35009765625,4299.0498046875,4066.0,4148.7001953125,4138.3154296875,2487440.0
2025-01-31,RAILTEL.NS,2025-01-31,386.0,410.75,380.1000061035156,406.6000061035156,403.1638488769531,4697648.0
2025-01-31,INDIGO.NS,2025-01-31,4227.75,4344.85009765625,4218.0498046875,4324.35009765625,4317.0546875,519645.0
2025-01-31,HDFCBANK.NS,2025-01-31,843.625,852.3499755859375,841.9749755859375,849.375,838.047119140625,15821686.0
2025-01-31,KOTAKBANK.NS,2025-01-31,,,,,,
2025-01-31,OBEROIRLTY.NS,2025-01-31,1760.199951171875,1842.949951171875,1748.25,1812.6500244140625,1806.192138671875,1399801.0
2025-01-31,M&M.NS,2025-01-31,,,,,,
2025-01-31,AUROPHARMA.NS,2025-01-31,1180.0999755859375,1189.449951171875,1162.0999755859375,1171.9000244140625,1167.5174560546875,931694.0
2025-01-31,PVRINOX.NS,2025-01-31,1077.0,1103.9000244140625,1067.0999755859375,1090.5,1090.5,425538.0
2025-01-31,MUTHOOTFIN.NS,2025-01-31,2215.0,2269.25,2206.550048828125,2258.800048828125,2231.49072265625,509537.0
2025-01-31,MPHASIS.NS,2025-01-31,2900.0,2901.39990234375,2853.35009765625,2867.949951171875,2811.765869140625,434230.0
2025-01-31,NESTLEIND.NS,2025-01-31,1108.675048828125,1193.5,1104.75,1156.5999755859375,1144.428466796875,6279774.0
2025-01-31,INDUSTOWER.NS,2025-01-31,345.95001220703125,348.8999938964844,342.3999938964844,347.20001220703125,347.20001220703125,6499334.0
2025-01-31,SBICARD.NS,2025-01-31,772.5499877929688,782.0,770.0499877929688,778.2000122070312,775.8818359375,1248306.0
2025-01-31,CESC.NS,2025-01-31,142.0,143.7100067138672,140.7100067138672,142.97999572753906,138.33401489257812,3522031.0
2025-01-31,TITAN.NS,2025-01-31,3400.0,3527.449951171875,3392.39990234375,3490.25,3479.77783203125,1212261.0
2025-01-31,CUMMINSIND.NS,2025-01-31,2852.949951171875,2943.0,2837.800048828125,2914.050048828125,2868.268798828125,415544.0
2025-01-31,BAJFINANCE.NS,2025-01-31,792.5,798.0650024414062,779.0999755859375,788.510009765625,783.67431640625,18335460.0
2025-01-31,MRF.NS,2025-01-31,111800.0,114606.25,111800.0,113632.5,113454.296875,6999.0
2025-01-31,ONGC.NS,2025-01-31,257.010009765625,263.489990234375,255.2100067138672,262.6099853515625,250.0111389160156,8850307.0
2025-01-31,GOLDBEES.NS,2025-01-31,68.62000274658203,70.0,68.62000274658203,69.08000183105469,69.08000183105469,15636205.0
2025-01-31,BHARATFORG.NS,2025-01-31,,,,,,
2025-01-31,CONCOR.NS,2025-01-31,585.5999755859375,628.7999877929688,563.6400146484375,624.0800170898438,614.0252685546875,5997065.0
2025-01-31,OIL.NS,2025-01-31,,,,,,
2025-01-31,DIXON.NS,2025-01-31,14768.5,15036.650390625,14407.7001953125,14985.9501953125,14979.2841796875,264203.0
2025-01-31,DRREDDY.NS,2025-01-31,1202.0,1221.0,1196.0,1217.3499755859375,1209.677978515625,1505147.0
2025-01-31,APOLLOTYRE.NS,2025-01-31,433.0,439.1000061035156,430.75,437.2999877929688,432.6700134277344,1118848.0
2025-01-31,BHARTIARTL.NS,2025-01-31,1639.0999755859375,1639.0999755859375,1574.25,1626.300048828125,1612.8170166015625,8340866.0
2025-01-31,LALPATHLAB.NS,2025-01-31,2888.0,2935.0,2822.050048828125,2853.050048828125,2829.299560546875,232662.0
2025-01-31,SRF.NS,2025-01-31,2840.0,2895.0,2782.0,2809.85009765625,2802.739990234375,1649633.0
2025-01-31,TATACOMM.NS,2025-01-31,1592.0,1638.75,1580.0999755859375,1633.0,1608.9810791015625,253718.0
2025-01-31,CIPLA.NS,2025-01-31,1460.0,1491.0,1452.0999755859375,1479.4000244140625,1463.7635498046875,2083385.0
2025-01-31,BHEL.NS,2025-01-31,198.5,208.67999267578125,195.7899932861328,208.08999633789065,207.65365600585935,21137642.0
2025-01-31,BSOFT.NS,2025-01-31,529.8499755859375,536.9500122070312,529.4500122070312,534.5999755859375,526.3082275390625,490618.0
2025-01-31,ZENSARTECH.NS,2025-01-31,870.0,880.0,851.4000244140625,870.0,858.694580078125,1498890.0
2025-01-31,TATAELXSI.NS,2025-01-31,6145.0,6350.0,6130.10009765625,6336.0,6265.12744140625,122121.0
2025-01-31,GRSE.NS,2025-01-31,1526.4000244140625,1649.0,1522.25,1624.199951171875,1607.848388671875,2120516.0
2025-01-31,MAZDOCK.NS,2025-01-31,2355.949951171875,2515.0,2344.949951171875,2498.5,2487.974609375,5589552.0
2025-01-31,TRIDENT.NS,2025-01-31,30.63999938964844,31.229999542236328,29.950000762939453,31.100000381469727,30.63063621520996,4606418.0
2025-01-31,MANAPPURAM.NS,2025-01-31,,,,,,
2025-01-31,IRCON.NS,2025-01-31,206.3999938964844,223.0,204.55999755859372,221.42999267578125,217.8480224609375,31011752.0
2025-01-31,RVNL.NS,2025-01-31,440.8500061035156,481.5,436.25,476.2999877929688,473.8234558105469,23858116.0
2025-01-31,NIFTYBEES.NS,2025-01-31,261.0,263.1700134277344,259.70001220703125,263.0,263.0,5527550.0
