date,kdcode,dt,open,high,low,close,adj_close,volume
2025-03-03,TVSMOTOR.NS,2025-03-03,,,,,,
2025-03-03,HEROMOTOCO.NS,2025-03-03,3644.050048828125,3715.0,3617.0,3630.75,3576.667724609375,691809.0
2025-03-03,LAURUSLABS.NS,2025-03-03,527.9500122070312,534.8499755859375,518.2000122070312,528.7999877929688,527.6436157226562,1677330.0
2025-03-03,SIEMENS.NS,2025-03-03,2717.7783203125,2853.404541015625,2680.23974609375,2839.140380859375,2839.140380859375,810733.0
2025-03-03,HAPPSTMNDS.NS,2025-03-03,685.9500122070312,702.4500122070312,665.4000244140625,684.5999755859375,677.172607421875,520083.0
2025-03-03,BIOCON.NS,2025-03-03,304.0,306.1499938964844,291.0,305.04998779296875,304.6426696777344,3555060.0
2025-03-03,IDFCFIRSTB.NS,2025-03-03,58.38999938964844,58.84000015258789,56.79999923706055,57.68999862670898,57.50178909301758,23489353.0
2025-03-03,ICICIBANK.NS,2025-03-03,1210.5,1217.0,1204.1500244140625,1206.199951171875,1196.964111328125,8158881.0
2025-03-03,CAMS.NS,2025-03-03,3162.050048828125,3198.0,3031.050048828125,3134.0,3098.943115234375,527204.0
2025-03-03,BPCL.NS,2025-03-03,239.0,243.63999938964844,234.00999450683597,242.41000366210935,233.9461669921875,6864635.0
2025-03-03,JSWSTEEL.NS,2025-03-03,959.0,981.5499877929688,953.0,976.0499877929688,973.4287109375,1744769.0
2025-03-03,BDL.NS,2025-03-03,,,,,,
2025-03-03,ITC.NS,2025-03-03,395.9500122070313,399.0,391.2000122070313,397.4500122070313,390.2594604492188,10702826.0
2025-03-03,CDSL.NS,2025-03-03,1115.0,1126.949951171875,1078.0,1104.199951171875,1095.269775390625,4773224.0
2025-03-03,BRITANNIA.NS,2025-03-03,4595.4501953125,4672.0,4548.14990234375,4596.60009765625,4537.140625,412033.0
2025-03-03,WIPRO.NS,2025-03-03,279.45001220703125,286.3500061035156,279.29998779296875,283.54998779296875,278.08026123046875,11471554.0
2025-03-03,TATACHEM.NS,2025-03-03,777.3499755859375,790.0999755859375,756.0,787.5499877929688,778.5292358398438,617215.0
2025-03-03,ASIANPAINT.NS,2025-03-03,2179.75,2193.35009765625,2129.0,2166.39990234375,2143.25,959068.0
2025-03-03,EICHERMOT.NS,2025-03-03,4827.0,4928.0,4827.0,4906.60009765625,4843.79296875,503560.0
2025-03-03,COFORGE.NS,2025-03-03,1472.6199951171875,1483.68994140625,1447.75,1471.4100341796875,1461.20849609375,1711805.0
2025-03-03,IIFL.NS,2025-03-03,304.8999938964844,307.75,281.5,291.8500061035156,291.8500061035156,2835507.0
2025-03-03,TCS.NS,2025-03-03,3485.0,3523.25,3476.14990234375,3493.050048828125,3437.744140625,4990439.0
2025-03-03,HAVELLS.NS,2025-03-03,1438.0,1443.0,1381.300048828125,1429.300048828125,1423.8251953125,1035355.0
2025-03-03,COALINDIA.NS,2025-03-03,370.0,371.0,352.3999938964844,360.3500061035156,341.1305236816406,12675744.0
2025-03-03,SHREECEM.NS,2025-03-03,27284.0,27808.650390625,27270.0,27678.900390625,27546.8984375,39731.0
2025-03-03,SBIN.NS,2025-03-03,690.1500244140625,697.4000244140625,680.0,695.2999877929688,681.6134643554688,10598479.0
2025-03-03,AXISBANK.NS,2025-03-03,1017.0499877929688,1019.4000244140624,992.0,1007.25,1006.389892578125,6763184.0
2025-03-03,IEX.NS,2025-03-03,156.27999877929688,157.82000732421875,152.0,154.69000244140625,153.5150146484375,4800862.0
2025-03-03,SUZLON.NS,2025-03-03,50.04999923706055,51.18999862670898,46.59999847412109,49.77999877929688,49.77999877929688,108578059.0
2025-03-03,AARTIIND.NS,2025-03-03,377.0,383.0,364.1499938964844,381.5,380.4856567382813,1581657.0
2025-03-03,PERSISTENT.NS,2025-03-03,5303.89990234375,5354.85009765625,5105.0,5292.5498046875,5278.31884765625,505746.0
2025-03-03,BATAINDIA.NS,2025-03-03,1224.0,1260.0,1177.0,1237.800048828125,1228.44873046875,179183.0
2025-03-03,PIIND.NS,2025-03-03,3017.199951171875,3029.300048828125,2951.10009765625,2987.10009765625,2979.78759765625,260732.0
2025-03-03,GODREJPROP.NS,2025-03-03,1940.0999755859373,2010.0,1913.8499755859373,2002.75,2002.75,1167576.0
2025-03-03,HINDALCO.NS,2025-03-03,634.4500122070312,643.5,620.7000122070312,636.5499877929688,631.9158325195312,5368388.0
2025-03-03,MARUTI.NS,2025-03-03,11886.0,12059.4501953125,11757.75,11775.599609375,11649.5126953125,186884.0
2025-03-03,MCX.NS,2025-03-03,5000.0498046875,5041.7998046875,4693.60009765625,4715.14990234375,4697.21044921875,876082.0
2025-03-03,SAIL.NS,2025-03-03,105.3000030517578,107.3000030517578,102.7300033569336,106.36000061035156,105.04345703125,23398877.0
2025-03-03,RELIANCE.NS,2025-03-03,1204.0,1206.449951171875,1156.0,1171.25,1166.5906982421875,17944938.0
2025-03-03,PAGEIND.NS,2025-03-03,40550.0,40898.19921875,40159.6015625,40564.6015625,40127.6796875,15472.0
2025-03-03,HDFCAMC.NS,2025-03-03,1817.7249755859373,1866.4749755859373,1811.4000244140625,1856.324951171875,1822.1300048828125,736396.0
2025-03-03,ADANIENT.NS,2025-03-03,,,,,,
2025-03-03,ANGELONE.NS,2025-03-03,2169.0,2199.449951171875,1952.25,1978.050048828125,1951.1827392578125,3993269.0
2025-03-03,VOLTAS.NS,2025-03-03,1347.1500244140625,1380.0,1322.1500244140625,1366.1500244140625,1358.5662841796875,5084713.0
2025-03-03,MARICO.NS,2025-03-03,596.7999877929688,599.6500244140625,589.5,594.1500244140625,588.29052734375,1783194.0
2025-03-03,TATASTEEL.NS,2025-03-03,137.0,139.0500030517578,134.30999755859375,138.57000732421875,135.41212463378906,31154401.0
2025-03-03,PIDILITIND.NS,2025-03-03,1328.949951171875,1348.449951171875,1311.0999755859375,1340.6500244140625,1331.5123291015625,650858.0
2025-03-03,RITES.NS,2025-03-03,203.5500030517578,206.1000061035156,192.3999938964844,198.47000122070312,193.9429626464844,1676825.0
2025-03-03,HCLTECH.NS,2025-03-03,1575.050048828125,1603.4000244140625,1568.449951171875,1572.4000244140625,1530.1671142578125,1784684.0
2025-03-03,RAYMOND.NS,2025-03-03,1305.0,1312.3499755859375,1241.0999755859375,1262.800048828125,1262.800048828125,233060.0
2025-03-03,POLYCAB.NS,2025-03-03,,,,,,
2025-03-03,SUNPHARMA.NS,2025-03-03,1585.300048828125,1607.4000244140625,1582.199951171875,1585.0999755859375,1579.899169921875,1425492.0
2025-03-03,MAXHEALTH.NS,2025-03-03,961.0,988.2999877929688,945.0999755859376,973.7999877929688,972.6775512695312,2695279.0
2025-03-03,BEML.NS,2025-03-03,1228.0999755859375,1251.0,1175.0,1207.199951171875,1201.5269775390625,690282.0
2025-03-03,HINDUNILVR.NS,2025-03-03,2199.0,2199.0,2158.5,2176.85009765625,2137.39404296875,1306470.0
2025-03-03,DATAPATTNS.NS,2025-03-03,1438.0,1464.0,1351.1500244140625,1433.9000244140625,1429.6107177734375,757831.0
2025-03-03,LUPIN.NS,2025-03-03,1904.0,1961.0,1891.1500244140625,1952.949951171875,1940.8785400390625,985764.0
2025-03-03,POONAWALLA.NS,2025-03-03,,,,,,
2025-03-03,ASHOKLEY.NS,2025-03-03,108.0,109.79499816894533,102.81999969482422,104.45999908447266,101.95360565185548,13489116.0
2025-03-03,PRESTIGE.NS,2025-03-03,1110.0,1200.0,1108.1500244140625,1184.0,1182.6387939453125,1529756.0
2025-03-03,TECHM.NS,2025-03-03,1500.0,1531.5,1476.199951171875,1493.050048828125,1451.06591796875,2851006.0
2025-03-03,INFY.NS,2025-03-03,1692.300048828125,1728.5999755859375,1692.300048828125,1708.5999755859375,1659.488525390625,7504969.0
2025-03-03,MON100.NS,2025-03-03,182.0,192.0,181.6199951171875,187.6300048828125,187.6300048828125,1185842.0
2025-03-03,NAVINFLUOR.NS,2025-03-03,3750.0,3858.75,3566.0,3826.85009765625,3817.27099609375,289860.0
2025-03-03,RAILTEL.NS,2025-03-03,285.0,289.70001220703125,265.5,277.25,274.9069519042969,3040637.0
2025-03-03,INDIGO.NS,2025-03-03,4478.9501953125,4492.5498046875,4267.5498046875,4464.7001953125,4457.16796875,802730.0
2025-03-03,HDFCBANK.NS,2025-03-03,869.9000244140625,871.5250244140625,847.0499877929688,850.7750244140625,839.428466796875,21205364.0
2025-03-03,KOTAKBANK.NS,2025-03-03,,,,,,
2025-03-03,OBEROIRLTY.NS,2025-03-03,1486.25,1514.699951171875,1454.050048828125,1506.3499755859375,1500.9835205078125,476343.0
2025-03-03,M&M.NS,2025-03-03,,,,,,
2025-03-03,AUROPHARMA.NS,2025-03-03,1061.5,1070.0,1036.800048828125,1062.5,1058.526611328125,1226600.0
2025-03-03,PVRINOX.NS,2025-03-03,906.0499877929688,921.3499755859376,888.75,895.2000122070312,895.2000122070312,461183.0
2025-03-03,MUTHOOTFIN.NS,2025-03-03,2132.35009765625,2160.699951171875,2114.449951171875,2146.300048828125,2120.350830078125,292700.0
2025-03-03,MPHASIS.NS,2025-03-03,2260.0,2285.25,2238.300048828125,2265.39990234375,2221.02001953125,442636.0
2025-03-03,NESTLEIND.NS,2025-03-03,1094.125,1100.0,1075.4000244140625,1092.7750244140625,1088.19970703125,1043550.0
2025-03-03,INDUSTOWER.NS,2025-03-03,325.0,328.25,312.75,326.70001220703125,326.70001220703125,6628370.0
2025-03-03,SBICARD.NS,2025-03-03,839.9500122070312,839.9500122070312,822.5,827.9500122070312,827.9500122070312,1220400.0
2025-03-03,CESC.NS,2025-03-03,130.3000030517578,135.0,126.77999877929688,132.5399932861328,128.23324584960938,5410872.0
2025-03-03,TITAN.NS,2025-03-03,3090.0,3102.10009765625,3057.75,3082.0,3072.752685546875,516171.0
2025-03-03,CUMMINSIND.NS,2025-03-03,2724.949951171875,2836.60009765625,2693.050048828125,2824.800048828125,2798.40234375,697974.0
2025-03-03,BAJFINANCE.NS,2025-03-03,853.5999755859375,865.0800170898438,843.8099975585938,862.7849731445312,857.4938354492188,8749960.0
2025-03-03,MRF.NS,2025-03-03,105500.0,106190.8515625,104025.0,105170.25,105008.1875,4599.0
2025-03-03,ONGC.NS,2025-03-03,224.75,226.0,218.3600006103516,225.1300048828125,218.5962371826172,11928529.0
2025-03-03,GOLDBEES.NS,2025-03-03,71.5999984741211,71.5999984741211,70.66000366210938,71.36000061035156,71.36000061035156,11451635.0
2025-03-03,BHARATFORG.NS,2025-03-03,,,,,,
2025-03-03,CONCOR.NS,2025-03-03,501.0400085449219,506.1600036621094,481.0,502.9200134277344,497.6744079589844,2610458.0
2025-03-03,OIL.NS,2025-03-03,,,,,,
2025-03-03,DIXON.NS,2025-03-03,13935.849609375,14536.4501953125,13350.099609375,14051.75,14045.4990234375,512328.0
2025-03-03,DRREDDY.NS,2025-03-03,1118.3499755859375,1130.25,1103.9000244140625,1119.5999755859375,1112.5440673828125,1810605.0
2025-03-03,APOLLOTYRE.NS,2025-03-03,378.1000061035156,388.8999938964844,370.8999938964844,387.2999877929688,383.1994018554688,1529627.0
2025-03-03,BHARTIARTL.NS,2025-03-03,1579.0,1602.75,1572.75,1595.800048828125,1582.5699462890625,6993525.0
2025-03-03,LALPATHLAB.NS,2025-03-03,2308.89990234375,2355.0,2293.550048828125,2349.699951171875,2335.090087890625,156702.0
2025-03-03,SRF.NS,2025-03-03,2790.10009765625,2835.949951171875,2725.25,2826.699951171875,2823.0009765625,445987.0
2025-03-03,TATACOMM.NS,2025-03-03,1351.050048828125,1365.199951171875,1316.550048828125,1323.949951171875,1304.4766845703125,915284.0
2025-03-03,CIPLA.NS,2025-03-03,1400.0,1418.0999755859375,1396.0,1407.550048828125,1392.6729736328125,854264.0
2025-03-03,BHEL.NS,2025-03-03,180.10000610351562,186.6300048828125,176.0,185.47000122070312,185.08108520507807,15248881.0
2025-03-03,BSOFT.NS,2025-03-03,425.0499877929688,431.3999938964844,410.1000061035156,420.8999938964844,414.3717346191406,1270698.0
2025-03-03,ZENSARTECH.NS,2025-03-03,738.4500122070312,749.4000244140625,694.2000122070312,702.9000244140625,693.7660522460938,2613103.0
2025-03-03,TATAELXSI.NS,2025-03-03,5416.0498046875,5477.0,5362.85009765625,5456.10009765625,5395.06982421875,162308.0
2025-03-03,GRSE.NS,2025-03-03,1262.699951171875,1290.0999755859375,1184.9000244140625,1214.3499755859375,1209.22705078125,1109785.0
2025-03-03,MAZDOCK.NS,2025-03-03,2148.0,2177.800048828125,2100.0,2153.14990234375,2144.079345703125,2645210.0
2025-03-03,TRIDENT.NS,2025-03-03,25.799999237060547,26.31999969482422,24.6299991607666,25.280000686645508,24.898473739624023,7244463.0
2025-03-03,MANAPPURAM.NS,2025-03-03,,,,,,
2025-03-03,IRCON.NS,2025-03-03,141.99000549316406,144.39999389648438,134.24000549316406,140.55999755859375,139.746337890625,8228370.0
2025-03-03,RVNL.NS,2025-03-03,333.45001220703125,342.0,310.29998779296875,323.6000061035156,321.9174499511719,16542018.0
2025-03-03,NIFTYBEES.NS,2025-03-03,255.8999938964844,255.8999938964844,246.63999938964844,248.0500030517578,248.0500030517578,8303131.0
2025-03-04,TVSMOTOR.NS,2025-03-04,,,,,,
2025-03-04,HEROMOTOCO.NS,2025-03-04,3625.0,3639.89990234375,3495.0,3514.85009765625,3462.494140625,946922.0
2025-03-04,LAURUSLABS.NS,2025-03-04,527.0499877929688,550.0,522.75,545.5,544.3070678710938,2006858.0
2025-03-04,SIEMENS.NS,2025-03-04,2782.113525390625,2916.91796875,2782.113525390625,2895.022705078125,2895.022705078125,992217.0
2025-03-04,HAPPSTMNDS.NS,2025-03-04,670.0,686.5,670.0,673.6500244140625,666.3414306640625,302674.0
2025-03-04,BIOCON.NS,2025-03-04,303.79998779296875,315.6499938964844,297.3999938964844,314.79998779296875,314.379638671875,3678170.0
2025-03-04,IDFCFIRSTB.NS,2025-03-04,57.209999084472656,57.95000076293945,56.36000061035156,56.83000183105469,56.64459991455078,23889634.0
2025-03-04,ICICIBANK.NS,2025-03-04,1207.1500244140625,1216.6500244140625,1206.25,1210.4000244140625,1201.1319580078125,9574490.0
2025-03-04,CAMS.NS,2025-03-04,3115.0,3172.0,3077.199951171875,3138.0,3102.8984375,332941.0
2025-03-04,BPCL.NS,2025-03-04,241.0,250.94000244140625,236.1000061035156,249.9199981689453,241.1939392089844,7201075.0
2025-03-04,JSWSTEEL.NS,2025-03-04,960.0,978.0999755859376,959.9500122070312,974.0999755859376,971.4839477539062,1077034.0
2025-03-04,BDL.NS,2025-03-04,,,,,,
2025-03-04,ITC.NS,2025-03-04,395.3999938964844,397.2000122070313,392.8500061035156,394.8500061035156,387.70648193359375,13404774.0
2025-03-04,CDSL.NS,2025-03-04,1083.9000244140625,1123.800048828125,1080.0,1116.25,1107.222412109375,3120446.0
2025-03-04,BRITANNIA.NS,2025-03-04,4530.0498046875,4581.0,4506.0,4575.2001953125,4516.017578125,321501.0
2025-03-04,WIPRO.NS,2025-03-04,279.0,283.1000061035156,276.29998779296875,280.0,274.5987548828125,9331785.0
2025-03-04,TATACHEM.NS,2025-03-04,787.0,794.0,774.0,783.0,774.0313720703125,490881.0
2025-03-04,ASIANPAINT.NS,2025-03-04,2154.050048828125,2159.85009765625,2124.75,2132.10009765625,2109.316650390625,2180989.0
2025-03-04,EICHERMOT.NS,2025-03-04,4887.0,4887.0,4788.2998046875,4815.10009765625,4753.4638671875,638281.0
2025-03-04,COFORGE.NS,2025-03-04,1460.0,1477.97998046875,1428.52001953125,1442.47998046875,1432.4788818359375,2133295.0
2025-03-04,IIFL.NS,2025-03-04,281.0,295.6499938964844,279.79998779296875,283.6000061035156,283.6000061035156,2425753.0
2025-03-04,TCS.NS,2025-03-04,3474.0,3551.0,3464.300048828125,3532.050048828125,3476.126953125,2797737.0
2025-03-04,HAVELLS.NS,2025-03-04,1405.0,1428.4000244140625,1394.1500244140625,1407.0999755859375,1401.710205078125,710232.0
2025-03-04,COALINDIA.NS,2025-03-04,356.1000061035156,366.5,352.6000061035156,363.8500061035156,344.4438781738281,5535218.0
2025-03-04,SHREECEM.NS,2025-03-04,27362.5,27625.099609375,27151.05078125,27363.349609375,27232.853515625,74924.0
2025-03-04,SBIN.NS,2025-03-04,693.0,718.4500122070312,692.0999755859375,716.0499877929688,701.9550170898438,14386214.0
2025-03-04,AXISBANK.NS,2025-03-04,1001.0999755859376,1011.0999755859376,998.5999755859376,1001.7999877929688,1000.944580078125,5786420.0
2025-03-04,IEX.NS,2025-03-04,154.69000244140625,155.7899932861328,151.0,152.82000732421875,151.6592254638672,6105064.0
2025-03-04,SUZLON.NS,2025-03-04,48.84999847412109,51.4900016784668,48.52000045776367,50.11000061035156,50.11000061035156,67731679.0
2025-03-04,AARTIIND.NS,2025-03-04,376.0,390.6000061035156,374.5,381.9500122070313,380.9344787597656,952392.0
2025-03-04,PERSISTENT.NS,2025-03-04,5186.7001953125,5225.2001953125,5085.0498046875,5153.0,5139.14404296875,527077.0
2025-03-04,BATAINDIA.NS,2025-03-04,1222.0,1232.449951171875,1205.0,1211.949951171875,1202.7939453125,85795.0
2025-03-04,PIIND.NS,2025-03-04,2980.0,3051.25,2964.949951171875,3040.699951171875,3033.25634765625,156264.0
2025-03-04,GODREJPROP.NS,2025-03-04,1991.0,2057.199951171875,1945.550048828125,2008.4000244140625,2008.4000244140625,1336739.0
2025-03-04,HINDALCO.NS,2025-03-04,628.0,643.8499755859375,624.0999755859375,641.6500244140625,636.978759765625,4430660.0
2025-03-04,MARUTI.NS,2025-03-04,11690.0,11724.25,11591.0,11616.25,11491.869140625,255726.0
2025-03-04,MCX.NS,2025-03-04,4625.10009765625,4705.2001953125,4552.10009765625,4616.10009765625,4598.537109375,679875.0
2025-03-04,SAIL.NS,2025-03-04,104.58000183105467,108.8000030517578,104.05999755859376,107.66000366210938,106.3273696899414,25741726.0
2025-03-04,RELIANCE.NS,2025-03-04,1162.199951171875,1174.0,1159.550048828125,1161.9000244140625,1157.2779541015625,11377373.0
2025-03-04,PAGEIND.NS,2025-03-04,40290.0,40649.8984375,39445.0,40319.80078125,39885.51171875,28042.0
2025-03-04,HDFCAMC.NS,2025-03-04,1840.3499755859373,1875.0,1826.800048828125,1847.5,1813.4676513671875,741638.0
2025-03-04,ADANIENT.NS,2025-03-04,,,,,,
2025-03-04,ANGELONE.NS,2025-03-04,1949.0,2068.39990234375,1944.0,2014.199951171875,1986.8416748046875,2190686.0
2025-03-04,VOLTAS.NS,2025-03-04,1374.9000244140625,1425.0,1363.9000244140625,1409.550048828125,1401.7254638671875,4297483.0
2025-03-04,MARICO.NS,2025-03-04,585.0,590.5999755859375,577.8499755859375,587.75,581.95361328125,4370725.0
2025-03-04,TATASTEEL.NS,2025-03-04,136.14999389648438,140.94000244140625,135.80999755859375,139.33999633789062,136.16456604003906,28634645.0
2025-03-04,PIDILITIND.NS,2025-03-04,1336.0,1354.1500244140625,1321.2249755859375,1349.324951171875,1340.1280517578125,698790.0
2025-03-04,RITES.NS,2025-03-04,196.0,203.8000030517578,194.91000366210935,202.6100006103516,197.9885406494141,1128427.0
2025-03-04,HCLTECH.NS,2025-03-04,1560.0,1560.0,1523.0,1535.5,1494.2581787109375,3246644.0
2025-03-04,RAYMOND.NS,2025-03-04,1259.699951171875,1329.550048828125,1239.0,1279.1500244140625,1279.1500244140625,295319.0
2025-03-04,POLYCAB.NS,2025-03-04,,,,,,
2025-03-04,SUNPHARMA.NS,2025-03-04,1585.0,1590.0,1556.0,1566.5,1561.3602294921875,1717135.0
2025-03-04,MAXHEALTH.NS,2025-03-04,961.5,1005.0499877929688,940.0499877929688,988.4500122070312,987.3106689453124,2637232.0
2025-03-04,BEML.NS,2025-03-04,1185.0999755859375,1258.425048828125,1182.199951171875,1245.7249755859375,1239.8709716796875,632538.0
2025-03-04,HINDUNILVR.NS,2025-03-04,2179.949951171875,2180.0,2136.0,2157.35009765625,2118.24755859375,1800330.0
2025-03-04,DATAPATTNS.NS,2025-03-04,1400.0,1462.5,1385.5,1411.5999755859375,1407.3773193359375,892244.0
2025-03-04,LUPIN.NS,2025-03-04,1940.0,1965.25,1925.0999755859373,1953.199951171875,1941.126953125,575821.0
2025-03-04,POONAWALLA.NS,2025-03-04,,,,,,
2025-03-04,ASHOKLEY.NS,2025-03-04,103.0,104.75,101.58000183105467,103.46499633789062,100.98247528076172,17913698.0
2025-03-04,PRESTIGE.NS,2025-03-04,1166.050048828125,1193.050048828125,1147.3499755859375,1187.949951171875,1186.5841064453125,493473.0
2025-03-04,TECHM.NS,2025-03-04,1475.0,1499.449951171875,1433.050048828125,1488.25,1446.40087890625,2386196.0
2025-03-04,INFY.NS,2025-03-04,1695.0,1699.0,1670.0,1688.300048828125,1639.7720947265625,6759673.0
2025-03-04,MON100.NS,2025-03-04,187.72999572753903,189.2400054931641,179.89999389648438,182.92999267578125,182.92999267578125,1064963.0
2025-03-04,NAVINFLUOR.NS,2025-03-04,3810.0,3910.0,3728.35009765625,3900.35009765625,3890.587158203125,80965.0
2025-03-04,RAILTEL.NS,2025-03-04,271.8500061035156,285.8999938964844,270.0,281.20001220703125,278.8236083984375,2196687.0
2025-03-04,INDIGO.NS,2025-03-04,4434.64990234375,4611.0,4417.64990234375,4598.7001953125,4590.94189453125,825683.0
2025-03-04,HDFCBANK.NS,2025-03-04,849.0,857.1500244140625,846.625,855.0,843.5971069335938,19920958.0
2025-03-04,KOTAKBANK.NS,2025-03-04,,,,,,
2025-03-04,OBEROIRLTY.NS,2025-03-04,1476.699951171875,1528.949951171875,1476.5999755859375,1515.0,1509.6026611328125,612214.0
2025-03-04,M&M.NS,2025-03-04,,,,,,
2025-03-04,AUROPHARMA.NS,2025-03-04,1045.050048828125,1064.5999755859375,1031.050048828125,1051.75,1047.8167724609375,730626.0
2025-03-04,PVRINOX.NS,2025-03-04,890.0499877929688,935.9000244140624,875.0,928.0999755859376,928.0999755859376,906249.0
2025-03-04,MUTHOOTFIN.NS,2025-03-04,2143.25,2158.75,2118.89990234375,2151.75,2125.73486328125,618729.0
2025-03-04,MPHASIS.NS,2025-03-04,2240.0,2269.89990234375,2183.050048828125,2246.60009765625,2202.58837890625,541824.0
2025-03-04,NESTLEIND.NS,2025-03-04,1080.0,1082.050048828125,1059.0,1073.25,1068.75634765625,2085044.0
2025-03-04,INDUSTOWER.NS,2025-03-04,326.0,330.1499938964844,319.5,327.0,327.0,3429689.0
2025-03-04,SBICARD.NS,2025-03-04,824.0,839.0,814.7000122070312,834.6500244140625,834.6500244140625,1175041.0
2025-03-04,CESC.NS,2025-03-04,130.88999938964844,138.5,129.0500030517578,136.99000549316406,132.53866577148438,4357853.0
2025-03-04,TITAN.NS,2025-03-04,3050.0,3070.0,3017.0,3048.5,3039.353271484375,1186136.0
2025-03-04,CUMMINSIND.NS,2025-03-04,2782.0,2876.14990234375,2758.14990234375,2861.10009765625,2834.363037109375,614448.0
2025-03-04,BAJFINANCE.NS,2025-03-04,852.219970703125,861.9299926757812,851.364990234375,858.594970703125,853.3295288085938,7655060.0
2025-03-04,MRF.NS,2025-03-04,104900.0,105170.25,102351.0,102659.3984375,102501.2109375,13881.0
2025-03-04,ONGC.NS,2025-03-04,220.1000061035156,227.75,215.47999572753903,226.75999450683597,220.1789093017578,12428265.0
2025-03-04,GOLDBEES.NS,2025-03-04,72.47000122070312,72.48999786376953,71.5199966430664,72.41999816894531,72.41999816894531,11323967.0
2025-03-04,BHARATFORG.NS,2025-03-04,,,,,,
2025-03-04,CONCOR.NS,2025-03-04,496.4800109863281,507.3599853515625,490.3999938964844,502.7200012207031,497.4764709472656,1390577.0
2025-03-04,OIL.NS,2025-03-04,,,,,,
2025-03-04,DIXON.NS,2025-03-04,13850.0498046875,14295.0,13812.0498046875,14190.349609375,14184.037109375,204809.0
2025-03-04,DRREDDY.NS,2025-03-04,1111.0999755859375,1124.1500244140625,1105.050048828125,1120.1500244140625,1113.0906982421875,1074133.0
2025-03-04,APOLLOTYRE.NS,2025-03-04,386.8999938964844,386.8999938964844,377.7999877929688,378.7000122070313,374.69049072265625,1414972.0
2025-03-04,BHARTIARTL.NS,2025-03-04,1589.0,1590.5,1568.0,1575.3499755859375,1562.2894287109375,5219668.0
2025-03-04,LALPATHLAB.NS,2025-03-04,2325.0,2399.89990234375,2310.75,2386.699951171875,2371.85986328125,186565.0
2025-03-04,SRF.NS,2025-03-04,2819.89990234375,2901.64990234375,2782.14990234375,2853.300048828125,2849.566162109375,499754.0
2025-03-04,TATACOMM.NS,2025-03-04,1309.0999755859375,1328.0,1291.0,1316.25,1296.8900146484375,810532.0
2025-03-04,CIPLA.NS,2025-03-04,1402.449951171875,1405.0,1389.300048828125,1401.800048828125,1386.9837646484375,1456530.0
2025-03-04,BHEL.NS,2025-03-04,182.6000061035156,193.2899932861328,180.8000030517578,192.75,192.3458251953125,16755486.0
2025-03-04,BSOFT.NS,2025-03-04,414.2000122070313,420.75,407.5499877929688,418.2999877929688,411.8120727539063,924591.0
2025-03-04,ZENSARTECH.NS,2025-03-04,700.0,717.0,687.1500244140625,711.7000122070312,702.45166015625,1110528.0
2025-03-04,TATAELXSI.NS,2025-03-04,5443.0,5481.0,5350.0,5389.0498046875,5328.76953125,141837.0
2025-03-04,GRSE.NS,2025-03-04,1191.0,1331.050048828125,1190.949951171875,1263.800048828125,1258.468505859375,3853810.0
2025-03-04,MAZDOCK.NS,2025-03-04,2125.550048828125,2272.0,2123.14990234375,2162.5,2153.389892578125,4105980.0
2025-03-04,TRIDENT.NS,2025-03-04,24.96999931335449,25.90999984741211,24.81999969482422,25.6299991607666,25.243188858032227,5247458.0
2025-03-04,MANAPPURAM.NS,2025-03-04,,,,,,
2025-03-04,IRCON.NS,2025-03-04,137.60000610351562,146.3300018310547,137.35000610351562,143.4199981689453,142.58978271484375,6794173.0
2025-03-04,RVNL.NS,2025-03-04,319.45001220703125,339.29998779296875,318.04998779296875,326.1499938964844,324.4541931152344,15287648.0
2025-03-04,NIFTYBEES.NS,2025-03-04,247.7400054931641,247.77999877929688,246.0800018310547,247.4900054931641,247.4900054931641,7023813.0
2025-03-05,TVSMOTOR.NS,2025-03-05,,,,,,
2025-03-05,HEROMOTOCO.NS,2025-03-05,3515.0,3609.60009765625,3513.5,3588.75,3535.29345703125,611959.0
2025-03-05,LAURUSLABS.NS,2025-03-05,540.0999755859375,568.25,536.1500244140625,566.5,565.2611694335938,2486341.0
2025-03-05,SIEMENS.NS,2025-03-05,2895.022705078125,3012.451904296875,2895.022705078125,2985.332763671875,2985.332763671875,1248047.0
2025-03-05,HAPPSTMNDS.NS,2025-03-05,673.6500244140625,705.7999877929688,672.0999755859375,702.1500244140625,694.5322265625,624427.0
2025-03-05,BIOCON.NS,2025-03-05,317.75,325.95001220703125,316.75,324.8500061035156,324.416259765625,5199973.0
2025-03-05,IDFCFIRSTB.NS,2025-03-05,56.61000061035156,58.04999923706055,56.61000061035156,57.95000076293945,57.76094436645508,22831309.0
2025-03-05,ICICIBANK.NS,2025-03-05,1217.0,1225.949951171875,1211.300048828125,1215.699951171875,1206.391357421875,9052846.0
2025-03-05,CAMS.NS,2025-03-05,3130.0,3203.60009765625,3107.199951171875,3195.300048828125,3159.5576171875,429235.0
2025-03-05,BPCL.NS,2025-03-05,249.8999938964844,256.92999267578125,249.8999938964844,255.83999633789065,246.90725708007807,7802519.0
2025-03-05,JSWSTEEL.NS,2025-03-05,975.0,1008.0,970.9000244140624,1002.7000122070312,1000.0071411132812,2472192.0
2025-03-05,BDL.NS,2025-03-05,,,,,,
2025-03-05,ITC.NS,2025-03-05,394.5,412.75,394.5,405.0499877929688,397.721923828125,15665018.0
2025-03-05,CDSL.NS,2025-03-05,1116.25,1144.0,1106.25,1139.0,1129.788330078125,3821041.0
2025-03-05,BRITANNIA.NS,2025-03-05,4579.89990234375,4735.2001953125,4560.0,4722.14990234375,4661.06640625,350741.0
2025-03-05,WIPRO.NS,2025-03-05,281.3999938964844,286.95001220703125,278.6499938964844,285.1000061035156,279.6003723144531,10285712.0
2025-03-05,TATACHEM.NS,2025-03-05,780.0,805.7999877929688,780.0,802.7000122070312,793.5057373046875,709790.0
2025-03-05,ASIANPAINT.NS,2025-03-05,2132.0,2182.800048828125,2124.75,2164.14990234375,2141.02392578125,1535212.0
2025-03-05,EICHERMOT.NS,2025-03-05,4808.0,5004.0,4780.89990234375,4988.2998046875,4924.44677734375,551830.0
2025-03-05,COFORGE.NS,2025-03-05,1506.2099609375,1601.199951171875,1500.0,1562.8399658203125,1552.0042724609375,16970990.0
2025-03-05,IIFL.NS,2025-03-05,282.3500061035156,316.54998779296875,282.3500061035156,313.70001220703125,313.70001220703125,12897568.0
2025-03-05,TCS.NS,2025-03-05,3520.85009765625,3600.35009765625,3520.85009765625,3547.050048828125,3490.889404296875,2501894.0
2025-03-05,HAVELLS.NS,2025-03-05,1409.949951171875,1457.949951171875,1406.75,1443.199951171875,1437.671875,768353.0
2025-03-05,COALINDIA.NS,2025-03-05,362.0499877929688,368.8999938964844,362.0499877929688,368.25,348.6091613769531,5730797.0
2025-03-05,SHREECEM.NS,2025-03-05,27440.0,28231.099609375,27159.5,28155.44921875,28021.17578125,30701.0
2025-03-05,SBIN.NS,2025-03-05,717.5499877929688,731.2999877929688,717.0,730.3499755859375,715.9735107421875,10409805.0
2025-03-05,AXISBANK.NS,2025-03-05,1003.0,1017.4000244140624,1002.5499877929688,1014.4500122070312,1013.5838012695312,5133873.0
2025-03-05,IEX.NS,2025-03-05,153.0500030517578,159.0,152.25,158.25,157.0479736328125,5232895.0
2025-03-05,SUZLON.NS,2025-03-05,50.59999847412109,52.04999923706055,50.5099983215332,51.4900016784668,51.4900016784668,72632328.0
2025-03-05,AARTIIND.NS,2025-03-05,382.8999938964844,402.5,382.3999938964844,401.9500122070313,400.88128662109375,1134502.0
2025-03-05,PERSISTENT.NS,2025-03-05,5085.0498046875,5466.0,5085.0498046875,5391.10009765625,5376.60400390625,890952.0
2025-03-05,BATAINDIA.NS,2025-03-05,1202.0999755859375,1242.0,1202.0999755859375,1237.0999755859375,1227.7540283203125,90411.0
2025-03-05,PIIND.NS,2025-03-05,3035.0,3156.449951171875,3025.10009765625,3145.35009765625,3137.650146484375,310633.0
2025-03-05,GODREJPROP.NS,2025-03-05,2005.0999755859373,2080.0,2005.0999755859373,2075.300048828125,2075.300048828125,768929.0
2025-03-05,HINDALCO.NS,2025-03-05,638.0,662.5,638.0,657.3499755859375,652.5643920898438,7876653.0
2025-03-05,MARUTI.NS,2025-03-05,11605.0,11830.0,11568.349609375,11617.349609375,11492.95703125,349730.0
2025-03-05,MCX.NS,2025-03-05,4600.0498046875,4754.60009765625,4528.85009765625,4703.60009765625,4685.70458984375,553302.0
2025-03-05,SAIL.NS,2025-03-05,107.5,112.9000015258789,107.5,112.52999877929688,111.1370849609375,39444472.0
2025-03-05,RELIANCE.NS,2025-03-05,1161.0,1183.0,1157.0,1175.5999755859375,1170.9234619140625,8664095.0
2025-03-05,PAGEIND.NS,2025-03-05,40065.1484375,41255.0,40065.1015625,41042.6484375,40600.5703125,20278.0
2025-03-05,HDFCAMC.NS,2025-03-05,1840.0250244140625,1940.425048828125,1835.0,1932.1500244140625,1896.558349609375,997838.0
2025-03-05,ADANIENT.NS,2025-03-05,,,,,,
2025-03-05,ANGELONE.NS,2025-03-05,2014.0,2128.199951171875,1995.5,2104.10009765625,2075.52099609375,1664624.0
2025-03-05,VOLTAS.NS,2025-03-05,1410.0,1417.75,1381.8499755859375,1387.800048828125,1380.09619140625,2467014.0
2025-03-05,MARICO.NS,2025-03-05,584.7999877929688,594.2000122070312,581.9500122070312,589.1500244140625,583.33984375,3256655.0
2025-03-05,TATASTEEL.NS,2025-03-05,139.0,146.49000549316406,139.0,146.10000610351562,142.7705078125,62109377.0
2025-03-05,PIDILITIND.NS,2025-03-05,1346.300048828125,1369.050048828125,1338.699951171875,1346.4749755859375,1337.2974853515625,1466732.0
2025-03-05,RITES.NS,2025-03-05,200.3000030517578,209.6999969482422,200.3000030517578,209.3699951171875,204.59434509277344,1195259.0
2025-03-05,HCLTECH.NS,2025-03-05,1532.0,1581.4000244140625,1531.050048828125,1572.949951171875,1530.7022705078125,3112003.0
2025-03-05,RAYMOND.NS,2025-03-05,1281.699951171875,1323.5999755859375,1279.1500244140625,1310.75,1310.75,236009.0
2025-03-05,POLYCAB.NS,2025-03-05,,,,,,
2025-03-05,SUNPHARMA.NS,2025-03-05,1564.5999755859375,1586.300048828125,1553.050048828125,1582.449951171875,1577.2578125,2428171.0
2025-03-05,MAXHEALTH.NS,2025-03-05,966.5,1024.550048828125,966.5,1021.9000244140624,1020.72216796875,3569080.0
2025-03-05,BEML.NS,2025-03-05,1238.9000244140625,1275.0,1236.0250244140625,1268.375,1262.4144287109375,347040.0
2025-03-05,HINDUNILVR.NS,2025-03-05,2152.0,2191.89990234375,2150.0,2170.449951171875,2131.110107421875,1145673.0
2025-03-05,DATAPATTNS.NS,2025-03-05,1412.3499755859375,1465.0,1392.0,1415.050048828125,1410.817138671875,814104.0
2025-03-05,LUPIN.NS,2025-03-05,1941.0999755859373,2018.4000244140625,1936.8499755859373,2010.0999755859373,1997.67529296875,715504.0
2025-03-05,POONAWALLA.NS,2025-03-05,,,,,,
2025-03-05,ASHOKLEY.NS,2025-03-05,103.0,106.25,102.9250030517578,104.6050033569336,102.09513092041016,22003930.0
2025-03-05,PRESTIGE.NS,2025-03-05,1182.0,1215.6500244140625,1170.0,1178.1500244140625,1176.7955322265625,837734.0
2025-03-05,TECHM.NS,2025-03-05,1488.25,1549.0,1487.5,1538.0999755859375,1494.8489990234375,1967418.0
2025-03-05,INFY.NS,2025-03-05,1692.449951171875,1732.949951171875,1692.449951171875,1711.5,1662.30517578125,8180782.0
2025-03-05,MON100.NS,2025-03-05,184.69000244140625,184.6999969482422,182.00999450683597,183.72000122070312,183.72000122070312,892899.0
2025-03-05,NAVINFLUOR.NS,2025-03-05,3880.0,4063.85009765625,3880.0,4055.75,4045.597900390625,118051.0
2025-03-05,RAILTEL.NS,2025-03-05,281.20001220703125,293.20001220703125,281.20001220703125,289.45001220703125,287.0038757324219,1995472.0
2025-03-05,INDIGO.NS,2025-03-05,4620.0,4722.10009765625,4608.10009765625,4698.10009765625,4690.17431640625,1344602.0
2025-03-05,HDFCBANK.NS,2025-03-05,850.9749755859375,855.4000244140625,844.125,845.0,833.73046875,21583872.0
2025-03-05,KOTAKBANK.NS,2025-03-05,,,,,,
2025-03-05,OBEROIRLTY.NS,2025-03-05,1515.0,1572.25,1515.0,1569.3499755859375,1563.759033203125,584437.0
2025-03-05,M&M.NS,2025-03-05,,,,,,
2025-03-05,AUROPHARMA.NS,2025-03-05,1052.0,1104.949951171875,1050.050048828125,1093.0,1088.9124755859375,916437.0
2025-03-05,PVRINOX.NS,2025-03-05,929.0,962.5999755859376,929.0,953.0499877929688,953.0499877929688,536503.0
2025-03-05,MUTHOOTFIN.NS,2025-03-05,2151.75,2164.949951171875,2107.10009765625,2125.89990234375,2100.197265625,521020.0
2025-03-05,MPHASIS.NS,2025-03-05,2173.0,2336.0,2173.0,2307.85009765625,2262.638671875,582517.0
2025-03-05,NESTLEIND.NS,2025-03-05,1055.0,1104.675048828125,1055.0,1098.5,1093.900634765625,1693328.0
2025-03-05,INDUSTOWER.NS,2025-03-05,329.8999938964844,337.5,326.54998779296875,336.79998779296875,336.79998779296875,3824203.0
2025-03-05,SBICARD.NS,2025-03-05,831.2999877929688,848.0,829.0999755859375,844.0,844.0,1049981.0
2025-03-05,CESC.NS,2025-03-05,138.00999450683594,142.17999267578125,137.55999755859375,141.32000732421875,136.72796630859375,6746428.0
2025-03-05,TITAN.NS,2025-03-05,3048.5,3107.449951171875,3035.699951171875,3086.550048828125,3077.2890625,579883.0
2025-03-05,CUMMINSIND.NS,2025-03-05,2861.10009765625,2910.0,2822.85009765625,2903.949951171875,2876.8125,541007.0
2025-03-05,BAJFINANCE.NS,2025-03-05,845.5,850.0,822.0999755859375,829.8699951171875,824.7806396484375,16300920.0
2025-03-05,MRF.NS,2025-03-05,102345.6015625,105962.5,102124.046875,105805.5,105642.4609375,6770.0
2025-03-05,ONGC.NS,2025-03-05,227.1199951171875,231.25,226.75999450683597,228.94000244140625,222.295654296875,7466729.0
2025-03-05,GOLDBEES.NS,2025-03-05,72.58000183105469,72.58000183105469,72.12000274658203,72.2699966430664,72.2699966430664,11551383.0
2025-03-05,BHARATFORG.NS,2025-03-05,,,,,,
2025-03-05,CONCOR.NS,2025-03-05,502.7200012207031,532.0,502.0799865722656,530.2000122070312,524.6698608398438,1949022.0
2025-03-05,OIL.NS,2025-03-05,,,,,,
2025-03-05,DIXON.NS,2025-03-05,14190.2998046875,14710.0,14146.900390625,14497.4501953125,14491.0009765625,233552.0
2025-03-05,DRREDDY.NS,2025-03-05,1120.5,1129.0,1110.550048828125,1126.4000244140625,1119.30126953125,1260157.0
2025-03-05,APOLLOTYRE.NS,2025-03-05,379.1499938964844,390.6499938964844,379.1499938964844,389.4500122070313,385.32666015625,1515699.0
2025-03-05,BHARTIARTL.NS,2025-03-05,1578.0,1626.0999755859375,1577.0999755859375,1618.25,1604.833740234375,6295425.0
2025-03-05,LALPATHLAB.NS,2025-03-05,2381.949951171875,2434.800048828125,2369.550048828125,2427.300048828125,2412.20751953125,356208.0
2025-03-05,SRF.NS,2025-03-05,2853.300048828125,2885.0,2834.14990234375,2844.85009765625,2841.127197265625,534732.0
2025-03-05,TATACOMM.NS,2025-03-05,1316.3499755859375,1396.75,1313.550048828125,1390.0,1369.5552978515625,908298.0
2025-03-05,CIPLA.NS,2025-03-05,1395.0999755859375,1431.9000244140625,1393.0999755859375,1419.75,1404.7440185546875,2187830.0
2025-03-05,BHEL.NS,2025-03-05,191.9900054931641,198.1000061035156,191.9199981689453,196.05999755859372,195.6488800048828,11759241.0
2025-03-05,BSOFT.NS,2025-03-05,418.0499877929688,437.3999938964844,418.0499877929688,433.0499877929688,426.3332824707031,1435273.0
2025-03-05,ZENSARTECH.NS,2025-03-05,720.0,768.7999877929688,714.9000244140625,718.8499755859375,709.5087280273438,6314673.0
2025-03-05,TATAELXSI.NS,2025-03-05,5410.0,5569.0,5400.14990234375,5553.39990234375,5491.28125,141754.0
2025-03-05,GRSE.NS,2025-03-05,1270.3499755859375,1301.949951171875,1257.199951171875,1294.4000244140625,1288.9393310546875,1099481.0
2025-03-05,MAZDOCK.NS,2025-03-05,2170.0,2255.0,2151.050048828125,2246.699951171875,2237.2353515625,2916402.0
2025-03-05,TRIDENT.NS,2025-03-05,25.940000534057617,26.31999969482422,25.5,25.59000015258789,25.20379447937012,12094144.0
2025-03-05,MANAPPURAM.NS,2025-03-05,,,,,,
2025-03-05,IRCON.NS,2025-03-05,144.10000610351562,148.99000549316406,143.5,147.80999755859375,146.95437622070312,5295595.0
2025-03-05,RVNL.NS,2025-03-05,333.3999938964844,351.3999938964844,330.29998779296875,336.25,334.5016784667969,28399265.0
2025-03-05,NIFTYBEES.NS,2025-03-05,248.6999969482422,251.0,246.3000030517578,250.47999572753903,250.47999572753903,7030334.0
2025-03-06,TVSMOTOR.NS,2025-03-06,,,,,,
2025-03-06,HEROMOTOCO.NS,2025-03-06,3629.5,3658.0,3582.699951171875,3648.75,3594.399658203125,654829.0
2025-03-06,LAURUSLABS.NS,2025-03-06,570.0,586.5499877929688,569.4500122070312,580.5499877929688,579.2804565429688,1870639.0
2025-03-06,SIEMENS.NS,2025-03-06,3020.1123046875,3092.4599609375,2985.362060546875,3029.093505859375,3029.093505859375,1446016.0
2025-03-06,HAPPSTMNDS.NS,2025-03-06,702.1500244140625,714.2999877929688,694.2000122070312,695.5499877929688,688.0038452148438,1093977.0
2025-03-06,BIOCON.NS,2025-03-06,326.8500061035156,334.6499938964844,324.29998779296875,333.0,332.55535888671875,3181206.0
2025-03-06,IDFCFIRSTB.NS,2025-03-06,58.36000061035156,58.619998931884766,57.68999862670898,57.77000045776367,57.5815315246582,19385683.0
2025-03-06,ICICIBANK.NS,2025-03-06,1227.949951171875,1227.949951171875,1209.0,1218.050048828125,1208.7235107421875,11949475.0
2025-03-06,CAMS.NS,2025-03-06,3247.64990234375,3322.0,3210.5,3302.64990234375,3265.70654296875,611517.0
2025-03-06,BPCL.NS,2025-03-06,260.0,265.95001220703125,259.0,265.0400085449219,255.78602600097656,12828381.0
2025-03-06,JSWSTEEL.NS,2025-03-06,1013.0,1016.2000122070312,997.0999755859376,1011.0999755859376,1008.3845825195312,2203409.0
2025-03-06,BDL.NS,2025-03-06,,,,,,
2025-03-06,ITC.NS,2025-03-06,409.1499938964844,409.7000122070313,400.5499877929688,405.7000122070313,398.3601989746094,17869996.0
2025-03-06,CDSL.NS,2025-03-06,1158.0,1185.550048828125,1142.449951171875,1175.9000244140625,1166.3900146484375,4564238.0
2025-03-06,BRITANNIA.NS,2025-03-06,4725.0,4799.89990234375,4654.64990234375,4702.5498046875,4641.7197265625,460852.0
2025-03-06,WIPRO.NS,2025-03-06,288.45001220703125,292.0,283.5,285.8999938964844,280.38494873046875,9782051.0
2025-03-06,TATACHEM.NS,2025-03-06,817.7999877929688,817.7999877929688,805.5999755859375,814.7000122070312,805.3682861328125,792050.0
2025-03-06,ASIANPAINT.NS,2025-03-06,2189.85009765625,2275.0,2183.10009765625,2267.699951171875,2243.4677734375,1985096.0
2025-03-06,EICHERMOT.NS,2025-03-06,4995.60009765625,5107.10009765625,4995.60009765625,5094.39990234375,5029.1884765625,648307.0
2025-03-06,COFORGE.NS,2025-03-06,1570.6500244140625,1588.0,1514.3599853515625,1525.030029296875,1514.4566650390625,5258055.0
2025-03-06,IIFL.NS,2025-03-06,317.0,327.70001220703125,314.8500061035156,325.8500061035156,325.8500061035156,7086847.0
2025-03-06,TCS.NS,2025-03-06,3557.0,3609.449951171875,3536.10009765625,3601.60009765625,3544.57568359375,2786513.0
2025-03-06,HAVELLS.NS,2025-03-06,1457.0,1478.0999755859375,1446.0,1450.75,1445.1929931640625,1036317.0
2025-03-06,COALINDIA.NS,2025-03-06,370.0499877929688,384.1499938964844,368.1000061035156,382.6000061035156,362.1938171386719,11247215.0
2025-03-06,SHREECEM.NS,2025-03-06,28200.0,28548.0,27974.650390625,28061.75,27927.921875,22246.0
2025-03-06,SBIN.NS,2025-03-06,736.0,736.75,727.0,732.0499877929688,717.6400756835938,10928847.0
2025-03-06,AXISBANK.NS,2025-03-06,1022.5999755859376,1039.5,1015.1500244140624,1034.0999755859375,1033.2169189453125,7861120.0
2025-03-06,IEX.NS,2025-03-06,162.0,165.5,160.74000549316406,163.3000030517578,162.0596160888672,5308139.0
2025-03-06,SUZLON.NS,2025-03-06,52.68999862670898,52.88999938964844,51.720001220703125,52.09999847412109,52.09999847412109,56090540.0
2025-03-06,AARTIIND.NS,2025-03-06,402.0499877929688,412.3500061035156,402.0,410.8999938964844,409.8074645996094,1165670.0
2025-03-06,PERSISTENT.NS,2025-03-06,5431.2001953125,5492.7001953125,5267.89990234375,5303.25,5288.990234375,701133.0
2025-03-06,BATAINDIA.NS,2025-03-06,1256.0,1259.449951171875,1233.1500244140625,1246.6500244140625,1237.2318115234375,61765.0
2025-03-06,PIIND.NS,2025-03-06,3150.0,3265.25,3148.050048828125,3255.60009765625,3247.63037109375,348644.0
2025-03-06,GODREJPROP.NS,2025-03-06,2111.0,2114.89990234375,2052.300048828125,2064.89990234375,2064.89990234375,829916.0
2025-03-06,HINDALCO.NS,2025-03-06,664.9500122070312,687.5999755859375,661.8499755859375,681.9500122070312,676.9853515625,10993614.0
2025-03-06,MARUTI.NS,2025-03-06,11701.0,11729.5,11480.0,11666.400390625,11541.482421875,315309.0
2025-03-06,MCX.NS,2025-03-06,4754.0,4813.0,4639.9501953125,4662.7001953125,4644.9599609375,341857.0
2025-03-06,SAIL.NS,2025-03-06,113.5,114.9000015258789,110.9000015258789,111.97000122070312,110.58402252197266,34685528.0
2025-03-06,RELIANCE.NS,2025-03-06,1197.0,1213.949951171875,1185.1500244140625,1209.5999755859375,1204.7882080078125,14468014.0
2025-03-06,PAGEIND.NS,2025-03-06,41490.0,41490.0,40352.0,40595.3515625,40158.09765625,27404.0
2025-03-06,HDFCAMC.NS,2025-03-06,1941.949951171875,1956.2249755859373,1906.5250244140625,1921.0250244140625,1885.6383056640625,862932.0
2025-03-06,ADANIENT.NS,2025-03-06,,,,,,
2025-03-06,ANGELONE.NS,2025-03-06,2104.14990234375,2132.0,2071.0,2118.75,2089.9716796875,1256219.0
2025-03-06,VOLTAS.NS,2025-03-06,1410.0,1421.550048828125,1388.4000244140625,1406.25,1398.4437255859375,1637524.0
2025-03-06,MARICO.NS,2025-03-06,596.75,611.5,594.0,607.7000122070312,601.7069091796875,2103830.0
2025-03-06,TATASTEEL.NS,2025-03-06,146.7899932861328,152.1999969482422,146.1999969482422,150.44000244140625,147.01161193847656,79121467.0
2025-03-06,PIDILITIND.NS,2025-03-06,1353.574951171875,1376.0,1353.574951171875,1369.0250244140625,1359.69384765625,1148818.0
2025-03-06,RITES.NS,2025-03-06,212.1000061035156,214.88999938964844,210.44000244140625,212.8000030517578,207.94610595703125,747168.0
2025-03-06,HCLTECH.NS,2025-03-06,1580.0,1594.699951171875,1575.1500244140625,1585.449951171875,1542.8665771484375,2011489.0
2025-03-06,RAYMOND.NS,2025-03-06,1321.699951171875,1375.0,1320.0,1357.75,1357.75,224925.0
2025-03-06,POLYCAB.NS,2025-03-06,,,,,,
2025-03-06,SUNPHARMA.NS,2025-03-06,1598.25,1617.9000244140625,1572.550048828125,1614.0,1608.704345703125,2458676.0
2025-03-06,MAXHEALTH.NS,2025-03-06,1022.0,1023.4500122070312,996.1500244140624,999.9000244140624,998.7474975585938,2676754.0
2025-03-06,BEML.NS,2025-03-06,1273.4000244140625,1303.8499755859375,1273.4000244140625,1291.0,1284.93310546875,362966.0
2025-03-06,HINDUNILVR.NS,2025-03-06,2175.0,2229.800048828125,2163.75,2218.949951171875,2178.73095703125,1856868.0
2025-03-06,DATAPATTNS.NS,2025-03-06,1425.050048828125,1461.949951171875,1405.050048828125,1421.0999755859375,1416.848876953125,520069.0
2025-03-06,LUPIN.NS,2025-03-06,2021.4000244140625,2034.0,2006.050048828125,2018.5,2006.0234375,515993.0
2025-03-06,POONAWALLA.NS,2025-03-06,,,,,,
2025-03-06,ASHOKLEY.NS,2025-03-06,106.0,106.9000015258789,105.0,105.3000030517578,102.77345275878906,10167814.0
2025-03-06,PRESTIGE.NS,2025-03-06,1191.0,1194.3499755859375,1160.0999755859375,1171.6500244140625,1170.302978515625,590033.0
2025-03-06,TECHM.NS,2025-03-06,1541.0,1550.800048828125,1500.949951171875,1503.449951171875,1461.17333984375,2246380.0
2025-03-06,INFY.NS,2025-03-06,1715.0,1722.300048828125,1691.0999755859375,1715.8499755859375,1666.5301513671875,10610547.0
2025-03-06,MON100.NS,2025-03-06,187.42999267578125,187.88999938964844,184.9900054931641,186.5800018310547,186.5800018310547,555218.0
2025-03-06,NAVINFLUOR.NS,2025-03-06,4075.0,4136.5498046875,4065.0,4120.5,4110.18603515625,124932.0
2025-03-06,RAILTEL.NS,2025-03-06,292.0,300.6499938964844,290.20001220703125,295.8999938964844,293.3993530273437,2160486.0
2025-03-06,INDIGO.NS,2025-03-06,4750.64990234375,4782.4501953125,4659.0498046875,4762.39990234375,4754.36572265625,1390376.0
2025-03-06,HDFCBANK.NS,2025-03-06,843.5,849.9500122070312,836.125,845.5999755859375,834.3224487304688,32966088.0
2025-03-06,KOTAKBANK.NS,2025-03-06,,,,,,
2025-03-06,OBEROIRLTY.NS,2025-03-06,1590.0,1593.0999755859375,1546.5,1565.050048828125,1559.474365234375,461985.0
2025-03-06,M&M.NS,2025-03-06,,,,,,
2025-03-06,AUROPHARMA.NS,2025-03-06,1108.0,1119.300048828125,1098.8499755859375,1114.5,1110.33203125,516119.0
2025-03-06,PVRINOX.NS,2025-03-06,966.4500122070312,983.2000122070312,959.9000244140624,980.7999877929688,980.7999877929688,551431.0
2025-03-06,MUTHOOTFIN.NS,2025-03-06,2144.800048828125,2186.14990234375,2132.25,2176.85009765625,2150.531494140625,810783.0
2025-03-06,MPHASIS.NS,2025-03-06,2315.800048828125,2369.89990234375,2315.800048828125,2343.0,2297.099853515625,560584.0
2025-03-06,NESTLEIND.NS,2025-03-06,1093.5,1108.199951171875,1085.1500244140625,1100.5999755859375,1095.9918212890625,2514922.0
2025-03-06,INDUSTOWER.NS,2025-03-06,338.0,340.8999938964844,328.6000061035156,330.45001220703125,330.45001220703125,5352132.0
2025-03-06,SBICARD.NS,2025-03-06,850.0,850.0,836.3499755859375,839.0499877929688,839.0499877929688,852719.0
2025-03-06,CESC.NS,2025-03-06,143.0,143.92999267578125,139.25999450683594,139.86000061035156,135.31539916992188,4463376.0
2025-03-06,TITAN.NS,2025-03-06,3091.199951171875,3131.64990234375,3047.0,3121.10009765625,3111.7353515625,1399483.0
2025-03-06,CUMMINSIND.NS,2025-03-06,2922.0,3050.0,2912.64990234375,2973.10009765625,2945.31640625,1201264.0
2025-03-06,BAJFINANCE.NS,2025-03-06,836.5,845.97998046875,827.5549926757812,841.0850219726562,835.9269409179688,8814220.0
2025-03-06,MRF.NS,2025-03-06,106995.5,108250.0,106500.046875,107795.296875,107629.1953125,5969.0
2025-03-06,ONGC.NS,2025-03-06,231.4900054931641,233.57000732421875,226.7100067138672,232.6000061035156,225.8494415283203,10439208.0
2025-03-06,GOLDBEES.NS,2025-03-06,72.8499984741211,72.8499984741211,71.77999877929688,71.88999938964844,71.88999938964844,10743047.0
2025-03-06,BHARATFORG.NS,2025-03-06,,,,,,
2025-03-06,CONCOR.NS,2025-03-06,536.0800170898438,537.5999755859375,526.5599975585938,531.1599731445312,525.619873046875,1051597.0
2025-03-06,OIL.NS,2025-03-06,,,,,,
2025-03-06,DIXON.NS,2025-03-06,14650.0,14697.4501953125,14209.0498046875,14256.25,14249.908203125,237768.0
2025-03-06,DRREDDY.NS,2025-03-06,1135.0,1145.699951171875,1118.6500244140625,1140.0999755859375,1132.9149169921875,1648697.0
2025-03-06,APOLLOTYRE.NS,2025-03-06,399.0,407.7000122070313,393.5,400.8500061035156,396.60595703125,2546433.0
2025-03-06,BHARTIARTL.NS,2025-03-06,1618.0,1631.75,1590.449951171875,1626.9000244140625,1613.412109375,5174009.0
2025-03-06,LALPATHLAB.NS,2025-03-06,2450.949951171875,2525.0,2423.0,2518.39990234375,2502.7412109375,138608.0
2025-03-06,SRF.NS,2025-03-06,2859.949951171875,2879.0,2822.949951171875,2851.60009765625,2847.868408203125,404634.0
2025-03-06,TATACOMM.NS,2025-03-06,1402.1500244140625,1410.0,1392.300048828125,1398.4000244140625,1377.8316650390625,246884.0
2025-03-06,CIPLA.NS,2025-03-06,1424.949951171875,1464.449951171875,1419.75,1461.75,1446.300048828125,1525159.0
2025-03-06,BHEL.NS,2025-03-06,198.0,201.5,197.0,198.3999938964844,197.9839782714844,12704429.0
2025-03-06,BSOFT.NS,2025-03-06,436.0499877929688,443.8500061035156,436.0499877929688,439.0499877929688,432.240234375,1251145.0
2025-03-06,ZENSARTECH.NS,2025-03-06,726.5,756.9500122070312,726.2999877929688,751.5999755859375,741.8331298828125,2322020.0
2025-03-06,TATAELXSI.NS,2025-03-06,5647.0,5694.35009765625,5603.0,5638.2998046875,5575.2314453125,107832.0
2025-03-06,GRSE.NS,2025-03-06,1318.300048828125,1343.75,1285.0,1297.199951171875,1291.7275390625,845010.0
2025-03-06,MAZDOCK.NS,2025-03-06,2275.0,2299.85009765625,2234.0,2242.39990234375,2232.953125,1774308.0
2025-03-06,TRIDENT.NS,2025-03-06,25.799999237060547,26.299999237060547,25.57999992370605,25.76000022888184,25.37122917175293,8627716.0
2025-03-06,MANAPPURAM.NS,2025-03-06,,,,,,
2025-03-06,IRCON.NS,2025-03-06,149.75999450683594,152.4499969482422,147.89999389648438,149.16000366210938,148.29656982421875,4122814.0
2025-03-06,RVNL.NS,2025-03-06,341.0,346.5,333.5,337.54998779296875,335.7948913574219,12571655.0
2025-03-06,NIFTYBEES.NS,2025-03-06,252.8999938964844,252.8999938964844,249.42999267578125,252.75,252.75,7479954.0
2025-03-07,TVSMOTOR.NS,2025-03-07,,,,,,
2025-03-07,HEROMOTOCO.NS,2025-03-07,3664.0,3733.699951171875,3625.0,3652.5,3598.09375,621576.0
2025-03-07,LAURUSLABS.NS,2025-03-07,583.7999877929688,583.7999877929688,567.5999755859375,570.8499755859375,569.6016235351562,1692575.0
2025-03-07,SIEMENS.NS,2025-03-07,3029.50439453125,3036.988525390625,2961.7646484375,2997.278076171875,2997.278076171875,1000990.0
2025-03-07,HAPPSTMNDS.NS,2025-03-07,695.5499877929688,709.8499755859375,692.0,695.4500122070312,687.9049682617188,311858.0
2025-03-07,BIOCON.NS,2025-03-07,335.79998779296875,338.8999938964844,331.8999938964844,333.70001220703125,333.2544250488281,3889175.0
2025-03-07,IDFCFIRSTB.NS,2025-03-07,57.70000076293945,58.16999816894531,57.0,57.34000015258789,57.15293502807617,23748724.0
2025-03-07,ICICIBANK.NS,2025-03-07,1211.0999755859375,1217.8499755859375,1206.300048828125,1214.550048828125,1205.250244140625,6620284.0
2025-03-07,CAMS.NS,2025-03-07,3311.0,3383.0,3287.449951171875,3365.699951171875,3328.05126953125,639238.0
2025-03-07,BPCL.NS,2025-03-07,264.9599914550781,265.7900085449219,260.0,261.260009765625,252.13803100585935,7057204.0
2025-03-07,JSWSTEEL.NS,2025-03-07,1011.0,1020.4000244140624,1005.5499877929688,1011.1500244140624,1008.4344482421876,759943.0
2025-03-07,BDL.NS,2025-03-07,,,,,,
2025-03-07,ITC.NS,2025-03-07,403.5499877929688,405.8500061035156,401.7000122070313,403.8999938964844,396.5927429199219,11180761.0
2025-03-07,CDSL.NS,2025-03-07,1179.0,1184.800048828125,1147.949951171875,1152.9000244140625,1143.5760498046875,3811591.0
2025-03-07,BRITANNIA.NS,2025-03-07,4690.0,4765.0,4660.0,4748.25,4686.8291015625,191644.0
2025-03-07,WIPRO.NS,2025-03-07,287.3999938964844,287.70001220703125,282.8999938964844,284.79998779296875,279.30615234375,8097300.0
2025-03-07,TATACHEM.NS,2025-03-07,814.7999877929688,825.7999877929688,810.0,815.2999877929688,805.96142578125,522339.0
2025-03-07,ASIANPAINT.NS,2025-03-07,2267.699951171875,2277.949951171875,2248.0,2270.0,2245.7431640625,921429.0
2025-03-07,EICHERMOT.NS,2025-03-07,5094.39990234375,5131.39990234375,5073.0,5100.7001953125,5035.408203125,590548.0
2025-03-07,COFORGE.NS,2025-03-07,1519.0,1548.0,1492.0699462890625,1541.449951171875,1530.7626953125,3535940.0
2025-03-07,IIFL.NS,2025-03-07,325.20001220703125,326.04998779296875,315.6499938964844,322.1000061035156,322.1000061035156,2477763.0
2025-03-07,TCS.NS,2025-03-07,3600.0,3625.0,3574.39990234375,3611.199951171875,3554.0234375,2051315.0
2025-03-07,HAVELLS.NS,2025-03-07,1450.75,1469.5,1441.050048828125,1460.550048828125,1454.95556640625,527443.0
2025-03-07,COALINDIA.NS,2025-03-07,382.6000061035156,389.6000061035156,379.3999938964844,380.6499938964844,360.3478088378906,8321771.0
2025-03-07,SHREECEM.NS,2025-03-07,28061.75,28477.0,27900.05078125,27985.19921875,27851.736328125,15712.0
2025-03-07,SBIN.NS,2025-03-07,732.0499877929688,734.8499755859375,728.0,732.75,718.3262939453125,7246729.0
2025-03-07,AXISBANK.NS,2025-03-07,1033.699951171875,1050.3499755859375,1030.699951171875,1037.6500244140625,1036.7640380859375,7597321.0
2025-03-07,IEX.NS,2025-03-07,163.25999450683594,164.75,162.0,163.92999267578125,162.68482971191406,3941272.0
2025-03-07,SUZLON.NS,2025-03-07,51.9900016784668,56.93999862670898,51.59999847412109,54.91999816894531,54.91999816894531,106855231.0
2025-03-07,AARTIIND.NS,2025-03-07,409.0,413.5499877929688,405.0499877929688,406.2999877929688,405.2196960449219,727563.0
2025-03-07,PERSISTENT.NS,2025-03-07,5270.0,5323.14990234375,5168.0,5278.7998046875,5264.60595703125,370208.0
2025-03-07,BATAINDIA.NS,2025-03-07,1245.0,1254.4000244140625,1228.0,1233.0999755859375,1223.7841796875,61540.0
2025-03-07,PIIND.NS,2025-03-07,3195.0,3312.050048828125,3044.699951171875,3219.10009765625,3211.2197265625,1416296.0
2025-03-07,GODREJPROP.NS,2025-03-07,2055.0,2082.85009765625,1997.550048828125,2008.3499755859373,2008.3499755859373,717411.0
2025-03-07,HINDALCO.NS,2025-03-07,678.5999755859375,694.5999755859375,678.5999755859375,691.3499755859375,686.31689453125,8142832.0
2025-03-07,MARUTI.NS,2025-03-07,11650.0,11742.2998046875,11601.0,11664.150390625,11539.2568359375,259055.0
2025-03-07,MCX.NS,2025-03-07,4641.2001953125,4769.0,4626.75,4664.0498046875,4646.3046875,379704.0
2025-03-07,SAIL.NS,2025-03-07,111.5,112.91000366210938,110.1999969482422,110.91000366210938,109.53713989257812,21834195.0
2025-03-07,RELIANCE.NS,2025-03-07,1216.0,1254.800048828125,1212.0,1249.800048828125,1244.828369140625,16474965.0
2025-03-07,PAGEIND.NS,2025-03-07,40790.0,40826.0,39992.6484375,40067.1484375,39635.58203125,18542.0
2025-03-07,HDFCAMC.NS,2025-03-07,1921.0250244140625,1953.550048828125,1910.2750244140625,1917.0999755859373,1881.7855224609373,712230.0
2025-03-07,ADANIENT.NS,2025-03-07,,,,,,
2025-03-07,ANGELONE.NS,2025-03-07,2117.0,2159.0,2090.0,2098.0,2069.503662109375,888336.0
2025-03-07,VOLTAS.NS,2025-03-07,1414.800048828125,1417.949951171875,1380.0,1405.449951171875,1397.6480712890625,1234800.0
2025-03-07,MARICO.NS,2025-03-07,607.7000122070312,613.3499755859375,604.9500122070312,609.6500244140625,603.6376953125,1327590.0
2025-03-07,TATASTEEL.NS,2025-03-07,149.74000549316406,152.4499969482422,149.27000427246094,151.55999755859375,148.1060791015625,81821791.0
2025-03-07,PIDILITIND.NS,2025-03-07,1366.5,1382.875,1362.5999755859375,1375.5999755859375,1366.2239990234375,869066.0
2025-03-07,RITES.NS,2025-03-07,215.0,225.0,213.8999938964844,219.3000030517578,214.2978515625,5988786.0
2025-03-07,HCLTECH.NS,2025-03-07,1582.6500244140625,1587.0,1555.5999755859375,1557.949951171875,1516.105224609375,2091986.0
2025-03-07,RAYMOND.NS,2025-03-07,1361.0999755859375,1365.5,1325.9000244140625,1330.050048828125,1330.050048828125,294168.0
2025-03-07,POLYCAB.NS,2025-03-07,,,,,,
2025-03-07,SUNPHARMA.NS,2025-03-07,1624.0,1628.75,1605.6500244140625,1609.300048828125,1604.0198974609375,980890.0
2025-03-07,MAXHEALTH.NS,2025-03-07,1004.9000244140624,1012.7000122070312,977.1500244140624,980.75,979.6195678710938,1323765.0
2025-03-07,BEML.NS,2025-03-07,1291.0,1357.25,1288.425048828125,1334.4000244140625,1328.129150390625,786386.0
2025-03-07,HINDUNILVR.NS,2025-03-07,2226.699951171875,2226.699951171875,2189.199951171875,2204.550048828125,2164.592041015625,1738356.0
2025-03-07,DATAPATTNS.NS,2025-03-07,1421.0999755859375,1689.9000244140625,1417.5,1628.25,1623.3792724609375,11515983.0
2025-03-07,LUPIN.NS,2025-03-07,2020.0,2047.6500244140625,2004.0,2030.0,2017.4522705078125,937498.0
2025-03-07,POONAWALLA.NS,2025-03-07,,,,,,
2025-03-07,ASHOKLEY.NS,2025-03-07,105.20999908447266,106.3249969482422,104.58000183105467,104.88999938964844,102.373291015625,8597008.0
2025-03-07,PRESTIGE.NS,2025-03-07,1166.0,1171.9000244140625,1129.050048828125,1144.8499755859375,1143.53369140625,1135938.0
2025-03-07,TECHM.NS,2025-03-07,1501.949951171875,1507.199951171875,1482.0,1492.3499755859375,1450.385498046875,893696.0
2025-03-07,INFY.NS,2025-03-07,1703.0999755859375,1705.0,1675.5,1686.0,1637.5380859375,8019331.0
2025-03-07,MON100.NS,2025-03-07,188.5,188.5,183.0,186.7400054931641,186.7400054931641,651043.0
2025-03-07,NAVINFLUOR.NS,2025-03-07,4149.0,4195.0,4063.550048828125,4077.60009765625,4067.3935546875,76960.0
2025-03-07,RAILTEL.NS,2025-03-07,297.75,306.0,293.45001220703125,298.70001220703125,296.1757202148437,2121243.0
2025-03-07,INDIGO.NS,2025-03-07,4796.0,4815.64990234375,4645.9501953125,4657.5498046875,4649.6923828125,843155.0
2025-03-07,HDFCBANK.NS,2025-03-07,841.0,850.5750122070312,838.7999877929688,844.625,833.3604736328125,13372914.0
2025-03-07,KOTAKBANK.NS,2025-03-07,,,,,,
2025-03-07,OBEROIRLTY.NS,2025-03-07,1571.5999755859375,1577.0999755859375,1527.5,1543.1500244140625,1537.6524658203125,419309.0
2025-03-07,M&M.NS,2025-03-07,,,,,,
2025-03-07,AUROPHARMA.NS,2025-03-07,1107.800048828125,1118.4000244140625,1092.0,1097.4000244140625,1093.2960205078125,886545.0
2025-03-07,PVRINOX.NS,2025-03-07,980.8499755859376,989.5,957.0999755859376,962.75,962.75,318772.0
2025-03-07,MUTHOOTFIN.NS,2025-03-07,2165.25,2185.5,2150.25,2179.449951171875,2153.099853515625,472598.0
2025-03-07,MPHASIS.NS,2025-03-07,2320.10009765625,2329.949951171875,2275.0,2302.25,2257.148193359375,314701.0
2025-03-07,NESTLEIND.NS,2025-03-07,1100.5,1123.0,1095.625,1119.2249755859375,1114.538818359375,1051212.0
2025-03-07,INDUSTOWER.NS,2025-03-07,331.04998779296875,332.25,325.8999938964844,327.3999938964844,327.3999938964844,3798696.0
2025-03-07,SBICARD.NS,2025-03-07,837.0499877929688,846.0,830.7000122070312,834.7999877929688,834.7999877929688,466045.0
2025-03-07,CESC.NS,2025-03-07,139.58999633789062,141.5500030517578,138.6300048828125,140.94000244140625,136.36032104492188,3407588.0
2025-03-07,TITAN.NS,2025-03-07,3121.10009765625,3124.60009765625,3074.64990234375,3079.35009765625,3070.110595703125,1020056.0
2025-03-07,CUMMINSIND.NS,2025-03-07,2983.699951171875,2990.300048828125,2891.60009765625,2899.050048828125,2871.95849609375,280406.0
2025-03-07,BAJFINANCE.NS,2025-03-07,840.989990234375,847.0,836.64501953125,840.4500122070312,835.2958374023438,4729460.0
2025-03-07,MRF.NS,2025-03-07,107500.0,108650.0,107001.5,107202.953125,107037.7578125,4698.0
2025-03-07,ONGC.NS,2025-03-07,232.6000061035156,236.47000122070312,231.1699981689453,232.88999938964844,226.13101196289065,9079049.0
2025-03-07,GOLDBEES.NS,2025-03-07,72.56999969482422,72.56999969482422,71.83000183105469,72.20999908447266,72.20999908447266,10706795.0
2025-03-07,BHARATFORG.NS,2025-03-07,,,,,,
2025-03-07,CONCOR.NS,2025-03-07,529.5999755859375,541.3599853515625,521.3200073242188,525.3200073242188,519.8407592773438,1194378.0
2025-03-07,OIL.NS,2025-03-07,,,,,,
2025-03-07,DIXON.NS,2025-03-07,14262.150390625,14335.75,13860.0,13911.25,13905.0615234375,201480.0
2025-03-07,DRREDDY.NS,2025-03-07,1140.0999755859375,1145.199951171875,1130.0,1133.25,1126.1080322265625,790599.0
2025-03-07,APOLLOTYRE.NS,2025-03-07,400.8500061035156,413.5,397.6499938964844,411.7000122070313,407.3410949707031,2631376.0
2025-03-07,BHARTIARTL.NS,2025-03-07,1629.0,1642.4000244140625,1615.5999755859375,1630.699951171875,1617.1805419921875,3035558.0
2025-03-07,LALPATHLAB.NS,2025-03-07,2500.0,2533.39990234375,2483.0,2493.25,2477.74755859375,77380.0
2025-03-07,SRF.NS,2025-03-07,2860.89990234375,2945.10009765625,2847.10009765625,2935.35009765625,2931.5087890625,1417602.0
2025-03-07,TATACOMM.NS,2025-03-07,1398.5,1399.949951171875,1376.0999755859375,1383.8499755859375,1363.4957275390625,160240.0
2025-03-07,CIPLA.NS,2025-03-07,1465.949951171875,1471.0999755859375,1451.550048828125,1458.449951171875,1443.034912109375,678497.0
2025-03-07,BHEL.NS,2025-03-07,198.3999938964844,201.1999969482422,196.1999969482422,196.9499969482422,196.5370178222656,8240367.0
2025-03-07,BSOFT.NS,2025-03-07,437.7999877929688,439.6499938964844,431.5,434.4500122070313,427.7116088867188,788701.0
2025-03-07,ZENSARTECH.NS,2025-03-07,747.9000244140625,754.9000244140625,736.25,742.8499755859375,733.1968383789062,830205.0
2025-03-07,TATAELXSI.NS,2025-03-07,5688.0,5689.0,5601.0,5624.14990234375,5561.23974609375,110794.0
2025-03-07,GRSE.NS,2025-03-07,1303.0,1399.0,1289.550048828125,1385.1500244140625,1379.3065185546875,4153076.0
2025-03-07,MAZDOCK.NS,2025-03-07,2242.89990234375,2352.949951171875,2223.699951171875,2338.199951171875,2328.349609375,4654555.0
2025-03-07,TRIDENT.NS,2025-03-07,25.739999771118164,26.200000762939453,25.25,25.36000061035156,24.977266311645508,10696543.0
2025-03-07,MANAPPURAM.NS,2025-03-07,,,,,,
2025-03-07,IRCON.NS,2025-03-07,148.0,155.3000030517578,147.39999389648438,151.94000244140625,151.0604705810547,6184127.0
2025-03-07,RVNL.NS,2025-03-07,340.0,350.6499938964844,335.0,341.5,339.724365234375,18401980.0
2025-03-07,NIFTYBEES.NS,2025-03-07,252.6999969482422,253.7400054931641,251.6999969482422,252.83999633789065,252.83999633789065,4241305.0
2025-03-10,TVSMOTOR.NS,2025-03-10,,,,,,
2025-03-10,HEROMOTOCO.NS,2025-03-10,3653.0,3665.75,3575.699951171875,3582.85009765625,3529.4814453125,675889.0
2025-03-10,LAURUSLABS.NS,2025-03-10,571.0,577.9000244140625,556.0499877929688,559.0,557.777587890625,2659784.0
2025-03-10,SIEMENS.NS,2025-03-10,2997.278076171875,3018.52734375,2905.6474609375,2920.058349609375,2920.058349609375,566630.0
2025-03-10,HAPPSTMNDS.NS,2025-03-10,699.9500122070312,708.0,690.0,696.0,688.448974609375,327019.0
2025-03-10,BIOCON.NS,2025-03-10,335.0,337.1000061035156,326.5,328.1499938964844,327.7118225097656,1955824.0
2025-03-10,IDFCFIRSTB.NS,2025-03-10,57.29999923706055,57.59000015258789,56.0,56.369998931884766,56.18609619140625,23312506.0
2025-03-10,ICICIBANK.NS,2025-03-10,1208.0,1225.800048828125,1208.0,1214.8499755859375,1205.5478515625,7363437.0
2025-03-10,CAMS.NS,2025-03-10,3370.0,3437.5,3331.14990234375,3347.75,3310.30224609375,639678.0
2025-03-10,BPCL.NS,2025-03-10,261.260009765625,265.9599914550781,256.0599975585937,256.92999267578125,247.9591827392578,8487911.0
2025-03-10,JSWSTEEL.NS,2025-03-10,1011.1500244140624,1032.75,1010.25,1013.5,1010.7781372070312,1855010.0
2025-03-10,BDL.NS,2025-03-10,,,,,,
2025-03-10,ITC.NS,2025-03-10,401.0499877929688,406.8500061035156,400.3999938964844,405.0,397.6728515625,9785018.0
2025-03-10,CDSL.NS,2025-03-10,1150.050048828125,1167.550048828125,1102.0,1107.300048828125,1098.3448486328125,2936448.0
2025-03-10,BRITANNIA.NS,2025-03-10,4749.0,4823.9501953125,4710.0498046875,4737.7001953125,4676.41552734375,290019.0
2025-03-10,WIPRO.NS,2025-03-10,284.45001220703125,285.6499938964844,277.95001220703125,280.8999938964844,275.4813842773437,8165123.0
2025-03-10,TATACHEM.NS,2025-03-10,820.0,825.25,808.3499755859375,814.1500244140625,804.8246459960938,1082771.0
2025-03-10,ASIANPAINT.NS,2025-03-10,2270.0,2293.0,2261.85009765625,2278.60009765625,2254.25146484375,1072395.0
2025-03-10,EICHERMOT.NS,2025-03-10,5123.0,5130.0,4970.64990234375,4990.5498046875,4926.66796875,316750.0
2025-03-10,COFORGE.NS,2025-03-10,1538.4000244140625,1541.4200439453125,1496.1600341796875,1506.9100341796875,1496.4622802734375,1325145.0
2025-03-10,IIFL.NS,2025-03-10,322.75,326.79998779296875,311.3500061035156,313.70001220703125,313.70001220703125,1680074.0
2025-03-10,TCS.NS,2025-03-10,3606.5,3622.10009765625,3582.60009765625,3589.64990234375,3532.814697265625,1004626.0
2025-03-10,HAVELLS.NS,2025-03-10,1470.0,1498.1500244140625,1463.949951171875,1469.0999755859375,1463.47265625,1125377.0
2025-03-10,COALINDIA.NS,2025-03-10,380.7000122070313,386.6000061035156,374.0499877929688,375.1499938964844,355.14117431640625,5541001.0
2025-03-10,SHREECEM.NS,2025-03-10,27985.19921875,28351.0,27780.900390625,27883.650390625,27750.671875,15735.0
2025-03-10,SBIN.NS,2025-03-10,732.75,738.5,726.5999755859375,728.9000244140625,714.5521240234375,7400109.0
2025-03-10,AXISBANK.NS,2025-03-10,1036.0,1050.5,1032.3499755859375,1035.8499755859375,1034.9654541015625,5995655.0
2025-03-10,IEX.NS,2025-03-10,164.0,164.99000549316406,158.0,159.05999755859375,157.85182189941406,4310024.0
2025-03-10,SUZLON.NS,2025-03-10,55.11000061035156,56.790000915527344,52.7599983215332,53.2400016784668,53.2400016784668,81450055.0
2025-03-10,AARTIIND.NS,2025-03-10,406.2999877929688,414.3999938964844,389.1000061035156,391.0,389.96038818359375,1199199.0
2025-03-10,PERSISTENT.NS,2025-03-10,5279.4501953125,5309.0,5120.0,5167.0,5153.1064453125,233490.0
2025-03-10,BATAINDIA.NS,2025-03-10,1229.0,1242.25,1210.75,1216.199951171875,1207.0118408203125,72358.0
2025-03-10,PIIND.NS,2025-03-10,3225.0,3292.050048828125,3205.050048828125,3253.64990234375,3245.684814453125,381671.0
2025-03-10,GODREJPROP.NS,2025-03-10,1996.0,2026.5,1960.5999755859373,1974.1500244140625,1974.1500244140625,616960.0
2025-03-10,HINDALCO.NS,2025-03-10,689.7999877929688,709.2999877929688,686.5,689.1500244140625,684.1329345703125,10707412.0
2025-03-10,MARUTI.NS,2025-03-10,11600.0,11697.900390625,11533.650390625,11586.0498046875,11461.9921875,153894.0
2025-03-10,MCX.NS,2025-03-10,4664.0498046875,4739.7998046875,4490.0,4520.5498046875,4503.3505859375,381754.0
2025-03-10,SAIL.NS,2025-03-10,110.9000015258789,112.66000366210938,106.8000030517578,107.2699966430664,105.94219207763672,24250223.0
2025-03-10,RELIANCE.NS,2025-03-10,1245.0,1258.0,1235.4000244140625,1238.4000244140625,1233.4736328125,11931051.0
2025-03-10,PAGEIND.NS,2025-03-10,40200.0,40388.6484375,39627.6484375,39878.44921875,39448.91015625,13944.0
2025-03-10,HDFCAMC.NS,2025-03-10,1913.074951171875,1928.5999755859373,1866.0999755859373,1875.050048828125,1840.51025390625,887760.0
2025-03-10,ADANIENT.NS,2025-03-10,,,,,,
2025-03-10,ANGELONE.NS,2025-03-10,2095.0,2126.449951171875,2030.0,2044.0999755859373,2016.335693359375,828884.0
2025-03-10,VOLTAS.NS,2025-03-10,1404.0,1434.800048828125,1390.6500244140625,1397.75,1389.9908447265625,1552435.0
2025-03-10,MARICO.NS,2025-03-10,609.9500122070312,615.0,605.25,607.2999877929688,601.3108520507812,1188893.0
2025-03-10,TATASTEEL.NS,2025-03-10,151.55999755859375,154.24000549316406,150.41000366210938,151.0500030517578,147.6077117919922,54450331.0
2025-03-10,PIDILITIND.NS,2025-03-10,1375.5999755859375,1393.324951171875,1360.0,1366.25,1356.937744140625,622806.0
2025-03-10,RITES.NS,2025-03-10,221.00999450683597,221.97000122070312,211.3999938964844,215.1499938964844,210.24249267578125,1242154.0
2025-03-10,HCLTECH.NS,2025-03-10,1557.0,1572.449951171875,1547.0,1549.300048828125,1507.6876220703125,1855766.0
2025-03-10,RAYMOND.NS,2025-03-10,1329.050048828125,1342.0,1275.0,1282.1500244140625,1282.1500244140625,241498.0
2025-03-10,POLYCAB.NS,2025-03-10,,,,,,
2025-03-10,SUNPHARMA.NS,2025-03-10,1621.949951171875,1641.449951171875,1602.75,1611.5,1606.2125244140625,1600589.0
2025-03-10,MAXHEALTH.NS,2025-03-10,980.0,980.5,955.0,964.2999877929688,963.1884765625,2613900.0
2025-03-10,BEML.NS,2025-03-10,1334.3499755859375,1348.5,1274.5,1284.375,1278.3392333984375,448580.0
2025-03-10,HINDUNILVR.NS,2025-03-10,2208.0,2267.14990234375,2194.64990234375,2247.75,2207.009033203125,1242387.0
2025-03-10,DATAPATTNS.NS,2025-03-10,1641.0999755859375,1705.0,1580.0,1631.0,1626.12109375,7416889.0
2025-03-10,LUPIN.NS,2025-03-10,2049.800048828125,2080.10009765625,2002.050048828125,2010.4000244140625,1997.9735107421875,1122775.0
2025-03-10,POONAWALLA.NS,2025-03-10,,,,,,
2025-03-10,ASHOKLEY.NS,2025-03-10,105.12999725341795,106.34500122070312,102.94499969482422,103.3949966430664,100.91415405273438,9597488.0
2025-03-10,PRESTIGE.NS,2025-03-10,1142.0,1158.6500244140625,1114.8499755859375,1123.949951171875,1122.65771484375,494350.0
2025-03-10,TECHM.NS,2025-03-10,1492.3499755859375,1500.0,1482.5,1486.8499755859375,1445.0401611328125,798491.0
2025-03-10,INFY.NS,2025-03-10,1686.0,1719.0,1676.199951171875,1701.449951171875,1652.5439453125,7558981.0
2025-03-10,MON100.NS,2025-03-10,188.0,189.88999938964844,185.3699951171875,187.2400054931641,187.2400054931641,479320.0
2025-03-10,NAVINFLUOR.NS,2025-03-10,4115.2998046875,4249.0,4050.0,4080.5,4070.2861328125,202492.0
2025-03-10,RAILTEL.NS,2025-03-10,304.8999938964844,309.0,287.6000061035156,292.1499938964844,289.6810302734375,3986476.0
2025-03-10,INDIGO.NS,2025-03-10,4666.0,4706.7001953125,4605.0,4627.5498046875,4619.74267578125,534997.0
2025-03-10,HDFCBANK.NS,2025-03-10,844.5,849.9500122070312,841.5250244140625,843.75,832.4971313476562,15604050.0
2025-03-10,KOTAKBANK.NS,2025-03-10,,,,,,
2025-03-10,OBEROIRLTY.NS,2025-03-10,1543.1500244140625,1562.25,1512.4000244140625,1524.050048828125,1518.620361328125,515354.0
2025-03-10,M&M.NS,2025-03-10,,,,,,
2025-03-10,AUROPHARMA.NS,2025-03-10,1095.0999755859375,1114.9000244140625,1087.300048828125,1093.199951171875,1089.1116943359375,551628.0
2025-03-10,PVRINOX.NS,2025-03-10,957.0,974.75,935.2000122070312,941.4000244140624,941.4000244140624,335277.0
2025-03-10,MUTHOOTFIN.NS,2025-03-10,2169.449951171875,2229.5,2168.10009765625,2184.60009765625,2158.187744140625,602812.0
2025-03-10,MPHASIS.NS,2025-03-10,2276.14990234375,2317.5,2248.5,2265.0,2220.6279296875,352043.0
2025-03-10,NESTLEIND.NS,2025-03-10,1119.5999755859375,1137.0,1077.550048828125,1124.199951171875,1119.4930419921875,1013160.0
2025-03-10,INDUSTOWER.NS,2025-03-10,329.04998779296875,336.54998779296875,328.1499938964844,330.20001220703125,330.20001220703125,4911269.0
2025-03-10,SBICARD.NS,2025-03-10,834.7999877929688,853.6500244140625,833.3499755859375,843.25,843.25,2287110.0
2025-03-10,CESC.NS,2025-03-10,140.92999267578125,142.5399932861328,137.7100067138672,139.41000366210938,134.88003540039062,3538726.0
2025-03-10,TITAN.NS,2025-03-10,3080.0,3083.0,3021.10009765625,3026.800048828125,3017.71826171875,855408.0
2025-03-10,CUMMINSIND.NS,2025-03-10,2893.0,2934.949951171875,2842.550048828125,2864.449951171875,2837.681640625,434718.0
2025-03-10,BAJFINANCE.NS,2025-03-10,843.7750244140625,863.7899780273438,832.60498046875,834.260009765625,829.143798828125,10164530.0
2025-03-10,MRF.NS,2025-03-10,107839.0,108197.953125,106174.75,106650.6015625,106486.265625,5348.0
2025-03-10,ONGC.NS,2025-03-10,232.88999938964844,235.0,222.47999572753903,223.19000244140625,216.7125396728516,16489167.0
2025-03-10,GOLDBEES.NS,2025-03-10,71.98999786376953,72.48999786376953,71.91999816894531,72.16999816894531,72.16999816894531,7894354.0
2025-03-10,BHARATFORG.NS,2025-03-10,,,,,,
2025-03-10,CONCOR.NS,2025-03-10,528.0,531.0399780273438,511.55999755859375,513.52001953125,508.1638488769531,950041.0
2025-03-10,OIL.NS,2025-03-10,,,,,,
2025-03-10,DIXON.NS,2025-03-10,13911.25,14087.9501953125,13053.0,13131.150390625,13125.3095703125,448512.0
2025-03-10,DRREDDY.NS,2025-03-10,1134.949951171875,1137.1500244140625,1115.4000244140625,1120.199951171875,1113.1402587890625,950503.0
2025-03-10,APOLLOTYRE.NS,2025-03-10,411.5,414.75,406.1499938964844,408.7999877929688,404.4717712402344,1423560.0
2025-03-10,BHARTIARTL.NS,2025-03-10,1640.0,1654.9000244140625,1626.5999755859375,1630.949951171875,1617.428466796875,3778450.0
2025-03-10,LALPATHLAB.NS,2025-03-10,2511.85009765625,2628.0,2492.199951171875,2603.949951171875,2587.75927734375,400133.0
2025-03-10,SRF.NS,2025-03-10,2945.0,2964.85009765625,2887.300048828125,2938.14990234375,2934.304931640625,863371.0
2025-03-10,TATACOMM.NS,2025-03-10,1385.0,1397.949951171875,1361.0,1373.199951171875,1353.0023193359375,239890.0
2025-03-10,CIPLA.NS,2025-03-10,1458.3499755859375,1482.199951171875,1457.0,1462.75,1447.28955078125,905854.0
2025-03-10,BHEL.NS,2025-03-10,197.25,200.3800048828125,191.3600006103516,192.1100006103516,191.7071685791016,7893304.0
2025-03-10,BSOFT.NS,2025-03-10,435.2000122070313,438.3500061035156,408.6000061035156,409.75,403.3946838378906,2792804.0
2025-03-10,ZENSARTECH.NS,2025-03-10,741.0,753.8499755859375,720.0,726.4000244140625,716.960693359375,708364.0
2025-03-10,TATAELXSI.NS,2025-03-10,5659.0,5689.0,5465.0,5503.5,5441.939453125,106381.0
2025-03-10,GRSE.NS,2025-03-10,1396.0,1423.0,1340.0999755859375,1360.5,1354.760498046875,1016946.0
2025-03-10,MAZDOCK.NS,2025-03-10,2344.699951171875,2364.550048828125,2286.89990234375,2302.699951171875,2292.999267578125,1718810.0
2025-03-10,TRIDENT.NS,2025-03-10,25.5,25.82999992370605,25.01000022888184,25.149999618530277,24.77043342590332,8026198.0
2025-03-10,MANAPPURAM.NS,2025-03-10,,,,,,
2025-03-10,IRCON.NS,2025-03-10,152.6999969482422,154.1999969482422,147.0,148.1300048828125,147.27252197265625,4233561.0
2025-03-10,RVNL.NS,2025-03-10,343.0,349.0,333.95001220703125,335.70001220703125,333.9545288085937,6498796.0
2025-03-10,NIFTYBEES.NS,2025-03-10,252.0,254.9499969482422,251.3999938964844,251.75,251.75,5408616.0
2025-03-11,TVSMOTOR.NS,2025-03-11,,,,,,
2025-03-11,HEROMOTOCO.NS,2025-03-11,3579.0,3663.5,3552.75,3650.64990234375,3596.271240234375,618870.0
2025-03-11,LAURUSLABS.NS,2025-03-11,552.2999877929688,576.3499755859375,552.0,574.1500244140625,572.8944702148438,3578158.0
2025-03-11,SIEMENS.NS,2025-03-11,2876.297607421875,2925.86962890625,2848.12158203125,2900.980712890625,2900.980712890625,889506.0
2025-03-11,HAPPSTMNDS.NS,2025-03-11,685.4500122070312,700.0,670.0,695.9000244140625,688.3500366210938,361731.0
2025-03-11,BIOCON.NS,2025-03-11,325.20001220703125,331.20001220703125,322.95001220703125,328.8999938964844,328.4608154296875,1517485.0
2025-03-11,IDFCFIRSTB.NS,2025-03-11,55.790000915527344,55.93000030517578,54.83000183105469,55.36000061035156,55.17939376831055,32260533.0
2025-03-11,ICICIBANK.NS,2025-03-11,1217.199951171875,1248.0,1217.199951171875,1245.4000244140625,1235.864013671875,10927950.0
2025-03-11,CAMS.NS,2025-03-11,3300.0,3388.5,3263.35009765625,3364.550048828125,3326.914306640625,401303.0
2025-03-11,BPCL.NS,2025-03-11,255.9900054931641,264.9700012207031,254.3500061035156,264.5799865722656,255.3420867919922,12306539.0
2025-03-11,JSWSTEEL.NS,2025-03-11,1003.8499755859376,1021.0,1001.4500122070312,1018.6500244140624,1015.914306640625,1595868.0
2025-03-11,BDL.NS,2025-03-11,,,,,,
2025-03-11,ITC.NS,2025-03-11,401.5,408.3999938964844,401.2000122070313,406.2000122070313,398.8511352539063,11099475.0
2025-03-11,CDSL.NS,2025-03-11,1088.0,1113.9000244140625,1072.199951171875,1104.449951171875,1095.5177001953125,3779264.0
2025-03-11,BRITANNIA.NS,2025-03-11,4720.0,4795.0,4711.5498046875,4762.0498046875,4700.4501953125,147357.0
2025-03-11,WIPRO.NS,2025-03-11,277.0,279.29998779296875,273.20001220703125,277.75,272.39215087890625,8602609.0
2025-03-11,TATACHEM.NS,2025-03-11,810.0,825.5,802.7000122070312,815.9000244140625,806.5545654296875,450253.0
2025-03-11,ASIANPAINT.NS,2025-03-11,2274.0,2290.89990234375,2257.89990234375,2287.39990234375,2262.95703125,601228.0
2025-03-11,EICHERMOT.NS,2025-03-11,4950.0,5010.0,4912.0498046875,4985.5498046875,4921.73193359375,228128.0
2025-03-11,COFORGE.NS,2025-03-11,1489.969970703125,1532.7900390625,1440.0,1526.4200439453125,1515.8370361328125,2961420.0
2025-03-11,IIFL.NS,2025-03-11,309.70001220703125,316.0,301.79998779296875,311.95001220703125,311.95001220703125,2992291.0
2025-03-11,TCS.NS,2025-03-11,3558.0,3588.75,3537.64990234375,3575.300048828125,3518.692138671875,1995450.0
2025-03-11,HAVELLS.NS,2025-03-11,1459.0999755859375,1477.0,1448.300048828125,1470.050048828125,1464.4190673828125,494941.0
2025-03-11,COALINDIA.NS,2025-03-11,371.0,380.0,368.0,379.0499877929688,358.8331604003906,5340552.0
2025-03-11,SHREECEM.NS,2025-03-11,27581.44921875,28190.900390625,27581.44921875,27937.0,27803.767578125,13576.0
2025-03-11,SBIN.NS,2025-03-11,724.9000244140625,734.0499877929688,722.7000122070312,729.8499755859375,715.4833984375,5538789.0
2025-03-11,AXISBANK.NS,2025-03-11,1030.4000244140625,1036.800048828125,1021.0999755859376,1025.6500244140625,1024.774169921875,4771085.0
2025-03-11,IEX.NS,2025-03-11,157.10000610351562,159.39999389648438,155.14999389648438,157.99000549316406,156.7899627685547,2734358.0
2025-03-11,SUZLON.NS,2025-03-11,52.02000045776367,54.150001525878906,51.630001068115234,53.7599983215332,53.7599983215332,58522186.0
2025-03-11,AARTIIND.NS,2025-03-11,391.5,398.4500122070313,384.0,392.6499938964844,391.6059875488281,1338571.0
2025-03-11,PERSISTENT.NS,2025-03-11,5105.0,5267.0,4989.9501953125,5239.9501953125,5225.8603515625,405424.0
2025-03-11,BATAINDIA.NS,2025-03-11,1215.0,1215.0,1196.0999755859375,1197.4000244140625,1188.35400390625,63128.0
2025-03-11,PIIND.NS,2025-03-11,3250.0,3365.0,3200.0,3353.89990234375,3345.689453125,339583.0
2025-03-11,GODREJPROP.NS,2025-03-11,1959.0,2061.0,1945.0,2046.0999755859373,2046.0999755859373,644198.0
2025-03-11,HINDALCO.NS,2025-03-11,684.0,699.0,676.7999877929688,695.5,690.4367065429688,5262297.0
2025-03-11,MARUTI.NS,2025-03-11,11579.5,11692.0,11510.0,11646.9501953125,11522.240234375,245822.0
2025-03-11,MCX.NS,2025-03-11,4452.35009765625,4707.10009765625,4408.14990234375,4686.39990234375,4668.56982421875,493778.0
2025-03-11,SAIL.NS,2025-03-11,105.5,108.81999969482422,104.5999984741211,108.12999725341795,106.7915496826172,32428743.0
2025-03-11,RELIANCE.NS,2025-03-11,1240.0,1249.5,1229.75,1247.300048828125,1242.3382568359375,10089838.0
2025-03-11,PAGEIND.NS,2025-03-11,39823.0,39846.5,38850.0,39761.3515625,39333.07421875,14828.0
2025-03-11,HDFCAMC.NS,2025-03-11,1861.0,1897.0,1839.5,1889.6500244140625,1854.8411865234373,527654.0
2025-03-11,ADANIENT.NS,2025-03-11,,,,,,
2025-03-11,ANGELONE.NS,2025-03-11,2014.0,2029.0,1986.0,1998.5999755859373,1971.45361328125,921516.0
2025-03-11,VOLTAS.NS,2025-03-11,1389.949951171875,1418.0,1372.0,1406.0999755859375,1398.29443359375,1484093.0
2025-03-11,MARICO.NS,2025-03-11,605.8499755859375,606.4000244140625,592.7000122070312,602.9000244140625,596.9542846679688,2227722.0
2025-03-11,TATASTEEL.NS,2025-03-11,148.10000610351562,151.6999969482422,148.0,150.75,147.31454467773438,35916900.0
2025-03-11,PIDILITIND.NS,2025-03-11,1348.675048828125,1369.375,1348.675048828125,1361.1500244140625,1351.87255859375,809256.0
2025-03-11,RITES.NS,2025-03-11,211.5500030517578,217.3000030517578,207.69000244140625,215.6499938964844,210.7310791015625,1501842.0
2025-03-11,HCLTECH.NS,2025-03-11,1529.949951171875,1573.949951171875,1522.5999755859375,1567.8499755859375,1525.7393798828125,1846190.0
2025-03-11,RAYMOND.NS,2025-03-11,1264.75,1275.25,1226.0,1260.949951171875,1260.949951171875,255160.0
2025-03-11,POLYCAB.NS,2025-03-11,,,,,,
2025-03-11,SUNPHARMA.NS,2025-03-11,1616.0999755859375,1663.5999755859375,1605.3499755859375,1655.300048828125,1649.868896484375,3325416.0
2025-03-11,MAXHEALTH.NS,2025-03-11,957.5499877929688,987.8499755859376,956.5999755859376,983.2999877929688,982.1666259765624,1479746.0
2025-03-11,BEML.NS,2025-03-11,1257.2249755859375,1267.0,1215.0,1218.7750244140625,1213.047607421875,926216.0
2025-03-11,HINDUNILVR.NS,2025-03-11,2240.0,2262.449951171875,2211.25,2216.949951171875,2176.76708984375,1325891.0
2025-03-11,DATAPATTNS.NS,2025-03-11,1598.0,1635.199951171875,1551.1500244140625,1582.050048828125,1577.3175048828125,2372363.0
2025-03-11,LUPIN.NS,2025-03-11,2007.800048828125,2007.9000244140625,1967.0,1976.0999755859373,1963.885498046875,805222.0
2025-03-11,POONAWALLA.NS,2025-03-11,,,,,,
2025-03-11,ASHOKLEY.NS,2025-03-11,102.0,102.41999816894533,98.80500030517578,99.9800033569336,97.58110809326172,25874734.0
2025-03-11,PRESTIGE.NS,2025-03-11,1112.0,1134.4000244140625,1099.5,1126.4000244140625,1125.10498046875,1075620.0
2025-03-11,TECHM.NS,2025-03-11,1464.5,1487.4000244140625,1453.5999755859375,1479.199951171875,1437.6053466796875,1769157.0
2025-03-11,INFY.NS,2025-03-11,1680.0,1680.0,1637.050048828125,1661.5999755859375,1613.83935546875,12671234.0
2025-03-11,MON100.NS,2025-03-11,180.6199951171875,186.5,178.25999450683594,181.3999938964844,181.3999938964844,1577775.0
2025-03-11,NAVINFLUOR.NS,2025-03-11,4080.5,4170.0,3975.0,4122.4501953125,4112.13134765625,111902.0
2025-03-11,RAILTEL.NS,2025-03-11,285.0,294.1499938964844,279.25,292.6499938964844,290.17681884765625,1841463.0
2025-03-11,INDIGO.NS,2025-03-11,4602.2998046875,4675.0,4567.7998046875,4651.4501953125,4643.60302734375,812720.0
2025-03-11,HDFCBANK.NS,2025-03-11,841.2000122070312,847.0,835.0250244140625,842.75,831.510498046875,19898430.0
2025-03-11,KOTAKBANK.NS,2025-03-11,,,,,,
2025-03-11,OBEROIRLTY.NS,2025-03-11,1497.1500244140625,1589.75,1497.1500244140625,1581.5999755859375,1575.96533203125,701768.0
2025-03-11,M&M.NS,2025-03-11,,,,,,
2025-03-11,AUROPHARMA.NS,2025-03-11,1088.0,1099.0,1083.3499755859375,1090.6500244140625,1086.5712890625,714336.0
2025-03-11,PVRINOX.NS,2025-03-11,930.0999755859376,949.0,909.2000122070312,939.5499877929688,939.5499877929688,327601.0
2025-03-11,MUTHOOTFIN.NS,2025-03-11,2174.39990234375,2196.800048828125,2154.85009765625,2184.60009765625,2158.187744140625,369344.0
2025-03-11,MPHASIS.NS,2025-03-11,2232.300048828125,2284.14990234375,2200.0,2277.85009765625,2233.226318359375,281705.0
2025-03-11,NESTLEIND.NS,2025-03-11,1120.4000244140625,1136.2249755859375,1116.875,1125.699951171875,1120.9866943359375,957110.0
2025-03-11,INDUSTOWER.NS,2025-03-11,326.29998779296875,342.5,325.20001220703125,341.3999938964844,341.3999938964844,6330559.0
2025-03-11,SBICARD.NS,2025-03-11,840.0,845.0,830.5499877929688,838.5999755859375,838.5999755859375,770319.0
2025-03-11,CESC.NS,2025-03-11,137.88999938964844,140.14999389648438,136.0,139.1300048828125,134.609130859375,2402250.0
2025-03-11,TITAN.NS,2025-03-11,3015.0,3055.89990234375,3010.0,3046.39990234375,3037.25927734375,576260.0
2025-03-11,CUMMINSIND.NS,2025-03-11,2842.0,2890.0,2808.949951171875,2875.25,2848.380859375,344048.0
2025-03-11,BAJFINANCE.NS,2025-03-11,830.5,837.5,821.125,834.0449829101562,828.9300537109375,8135670.0
2025-03-11,MRF.NS,2025-03-11,106500.0,106859.953125,105576.046875,106534.296875,106370.1328125,3772.0
2025-03-11,ONGC.NS,2025-03-11,220.8999938964844,227.25999450683597,220.1000061035156,226.72000122070312,220.1400909423828,10941588.0
2025-03-11,GOLDBEES.NS,2025-03-11,72.16999816894531,72.47000122070312,71.70999908447266,72.08000183105469,72.08000183105469,6123525.0
2025-03-11,BHARATFORG.NS,2025-03-11,,,,,,
2025-03-11,CONCOR.NS,2025-03-11,512.719970703125,519.0,504.0,515.760009765625,510.3804931640625,976270.0
2025-03-11,OIL.NS,2025-03-11,,,,,,
2025-03-11,DIXON.NS,2025-03-11,12925.099609375,13375.7001953125,12750.099609375,13298.900390625,13292.984375,434133.0
2025-03-11,DRREDDY.NS,2025-03-11,1117.0,1126.949951171875,1110.6500244140625,1116.6500244140625,1109.6126708984375,884438.0
2025-03-11,APOLLOTYRE.NS,2025-03-11,404.8999938964844,407.3500061035156,401.0499877929688,402.1000061035156,397.84271240234375,888015.0
2025-03-11,BHARTIARTL.NS,2025-03-11,1630.0,1676.4000244140625,1624.050048828125,1662.949951171875,1649.1630859375,6078564.0
2025-03-11,LALPATHLAB.NS,2025-03-11,2558.64990234375,2601.449951171875,2507.0,2528.300048828125,2512.57958984375,202748.0
2025-03-11,SRF.NS,2025-03-11,2938.14990234375,2950.0,2862.699951171875,2921.25,2917.42724609375,787457.0
2025-03-11,TATACOMM.NS,2025-03-11,1366.0,1502.449951171875,1366.0,1492.3499755859375,1470.3997802734375,4316906.0
2025-03-11,CIPLA.NS,2025-03-11,1448.0,1459.0,1438.0,1445.75,1430.46923828125,1231247.0
2025-03-11,BHEL.NS,2025-03-11,190.0,195.1999969482422,188.0,194.1199951171875,193.71295166015625,9057560.0
2025-03-11,BSOFT.NS,2025-03-11,404.0,405.9500122070313,389.1499938964844,400.6499938964844,394.4358215332031,5264245.0
2025-03-11,ZENSARTECH.NS,2025-03-11,711.0999755859375,716.5,676.0999755859375,681.5499877929688,672.6934204101562,2122786.0
2025-03-11,TATAELXSI.NS,2025-03-11,5453.0498046875,5480.0,5389.9501953125,5420.0498046875,5359.4228515625,96855.0
2025-03-11,GRSE.NS,2025-03-11,1342.449951171875,1342.449951171875,1295.6500244140625,1313.5,1307.958740234375,954381.0
2025-03-11,MAZDOCK.NS,2025-03-11,2265.0,2276.0,2222.0,2255.949951171875,2246.4462890625,1811862.0
2025-03-11,TRIDENT.NS,2025-03-11,25.0,25.07999992370605,24.40999984741211,24.82999992370605,24.455263137817383,6241913.0
2025-03-11,MANAPPURAM.NS,2025-03-11,,,,,,
2025-03-11,IRCON.NS,2025-03-11,145.8800048828125,146.35000610351562,141.52999877929688,144.92999267578125,144.09103393554688,3834676.0
2025-03-11,RVNL.NS,2025-03-11,326.04998779296875,333.45001220703125,322.04998779296875,330.6499938964844,328.9307861328125,8033534.0
2025-03-11,NIFTYBEES.NS,2025-03-11,251.9900054931641,252.3999938964844,249.91000366210935,252.0800018310547,252.0800018310547,4474243.0
2025-03-12,TVSMOTOR.NS,2025-03-12,,,,,,
2025-03-12,HEROMOTOCO.NS,2025-03-12,3650.64990234375,3669.449951171875,3597.0,3610.25,3556.47314453125,385877.0
2025-03-12,LAURUSLABS.NS,2025-03-12,577.8499755859375,585.75,563.1500244140625,584.3499755859375,583.0721435546875,1662053.0
2025-03-12,SIEMENS.NS,2025-03-12,2928.775146484375,2940.339111328125,2823.790283203125,2879.6728515625,2879.6728515625,416828.0
2025-03-12,HAPPSTMNDS.NS,2025-03-12,688.25,700.0,683.0,685.4500122070312,678.013427734375,289370.0
2025-03-12,BIOCON.NS,2025-03-12,328.1499938964844,330.8999938964844,323.3999938964844,325.1000061035156,324.6659240722656,1782978.0
2025-03-12,IDFCFIRSTB.NS,2025-03-12,55.5,55.790000915527344,54.119998931884766,54.630001068115234,54.45177459716797,36526320.0
2025-03-12,ICICIBANK.NS,2025-03-12,1246.949951171875,1251.949951171875,1235.300048828125,1243.949951171875,1234.425048828125,11548372.0
2025-03-12,CAMS.NS,2025-03-12,3374.550048828125,3408.949951171875,3289.25,3323.800048828125,3286.619873046875,486688.0
2025-03-12,BPCL.NS,2025-03-12,266.5,272.0,263.3999938964844,266.32000732421875,257.0213317871094,10648004.0
2025-03-12,JSWSTEEL.NS,2025-03-12,1024.699951171875,1024.949951171875,994.0999755859376,1010.4000244140624,1007.6864624023438,1263600.0
2025-03-12,BDL.NS,2025-03-12,,,,,,
2025-03-12,ITC.NS,2025-03-12,406.3999938964844,413.2999877929688,404.0,412.3999938964844,404.93896484375,13844306.0
2025-03-12,CDSL.NS,2025-03-12,1111.800048828125,1118.449951171875,1080.0,1089.8499755859375,1081.035888671875,3539335.0
2025-03-12,BRITANNIA.NS,2025-03-12,4769.89990234375,4801.5,4712.39990234375,4792.0498046875,4730.06201171875,223033.0
2025-03-12,WIPRO.NS,2025-03-12,277.70001220703125,277.70001220703125,262.20001220703125,268.54998779296875,263.36962890625,18584311.0
2025-03-12,TATACHEM.NS,2025-03-12,815.0999755859375,824.5999755859375,797.0999755859375,806.0,796.7679443359375,495651.0
2025-03-12,ASIANPAINT.NS,2025-03-12,2287.39990234375,2295.949951171875,2247.0,2251.300048828125,2227.242919921875,749216.0
2025-03-12,EICHERMOT.NS,2025-03-12,4985.0,5039.89990234375,4960.5,5017.4501953125,4953.22412109375,235018.0
2025-03-12,COFORGE.NS,2025-03-12,1538.0,1548.010009765625,1455.81005859375,1480.06005859375,1469.7984619140625,3819490.0
2025-03-12,IIFL.NS,2025-03-12,310.0,321.29998779296875,309.04998779296875,313.1000061035156,313.1000061035156,1814735.0
2025-03-12,TCS.NS,2025-03-12,3565.0,3569.25,3486.85009765625,3506.199951171875,3450.68603515625,3174167.0
2025-03-12,HAVELLS.NS,2025-03-12,1476.0,1486.4000244140625,1452.0999755859375,1480.050048828125,1474.380859375,722230.0
2025-03-12,COALINDIA.NS,2025-03-12,379.5499877929688,382.8500061035156,373.7999877929688,380.7000122070313,360.3951416015625,3951912.0
2025-03-12,SHREECEM.NS,2025-03-12,28100.0,28200.0,27251.05078125,27531.0,27399.703125,30641.0
2025-03-12,SBIN.NS,2025-03-12,730.5999755859375,737.0,719.0499877929688,723.0499877929688,708.8172607421875,5547762.0
2025-03-12,AXISBANK.NS,2025-03-12,1025.199951171875,1029.800048828125,999.2000122070312,1011.2000122070312,1010.3365478515624,7504702.0
2025-03-12,IEX.NS,2025-03-12,158.24000549316406,159.74000549316406,154.61000061035156,156.49000549316406,155.3013458251953,3303576.0
2025-03-12,SUZLON.NS,2025-03-12,54.060001373291016,54.45000076293945,52.77000045776367,53.84999847412109,53.84999847412109,48314005.0
2025-03-12,AARTIIND.NS,2025-03-12,394.0,397.3999938964844,384.7000122070313,391.75,390.7084045410156,835049.0
2025-03-12,PERSISTENT.NS,2025-03-12,5232.0,5273.39990234375,5033.0,5185.2001953125,5171.2578125,542214.0
2025-03-12,BATAINDIA.NS,2025-03-12,1197.800048828125,1231.4000244140625,1197.800048828125,1229.0999755859375,1219.814453125,164096.0
2025-03-12,PIIND.NS,2025-03-12,3372.800048828125,3433.89990234375,3281.14990234375,3333.64990234375,3325.489013671875,166349.0
2025-03-12,GODREJPROP.NS,2025-03-12,2046.050048828125,2070.449951171875,1987.0,2018.1500244140625,2018.1500244140625,582648.0
2025-03-12,HINDALCO.NS,2025-03-12,700.0,702.0,683.7999877929688,689.8499755859375,684.8278198242188,5219333.0
2025-03-12,MARUTI.NS,2025-03-12,11620.7998046875,11723.9501953125,11522.0,11640.099609375,11515.462890625,249361.0
2025-03-12,MCX.NS,2025-03-12,4724.89990234375,4795.0,4656.10009765625,4773.4501953125,4755.28857421875,344841.0
2025-03-12,SAIL.NS,2025-03-12,108.4499969482422,108.88999938964844,104.8499984741211,106.66000366210938,105.33975219726562,23131611.0
2025-03-12,RELIANCE.NS,2025-03-12,1258.0,1263.0,1244.0,1257.050048828125,1252.0494384765625,11977555.0
2025-03-12,PAGEIND.NS,2025-03-12,39750.0,40294.0,39550.05078125,40123.3984375,39691.22265625,7977.0
2025-03-12,HDFCAMC.NS,2025-03-12,1885.0,1907.5,1834.1500244140625,1883.824951171875,1849.1234130859373,599140.0
2025-03-12,ADANIENT.NS,2025-03-12,,,,,,
2025-03-12,ANGELONE.NS,2025-03-12,2011.0,2047.0,1956.0,1962.300048828125,1935.646728515625,1028344.0
2025-03-12,VOLTAS.NS,2025-03-12,1412.25,1452.0,1408.550048828125,1445.449951171875,1437.426025390625,2355735.0
2025-03-12,MARICO.NS,2025-03-12,603.0999755859375,607.5999755859375,597.9500122070312,600.3499755859375,594.4293823242188,3676916.0
2025-03-12,TATASTEEL.NS,2025-03-12,151.0,152.27999877929688,147.6999969482422,150.3000030517578,146.8748016357422,26377549.0
2025-03-12,PIDILITIND.NS,2025-03-12,1366.5,1380.9749755859375,1358.324951171875,1374.6500244140625,1365.280517578125,711330.0
2025-03-12,RITES.NS,2025-03-12,215.5,218.1999969482422,211.1000061035156,211.9600067138672,207.12527465820312,868055.0
2025-03-12,HCLTECH.NS,2025-03-12,1556.0,1565.0,1507.0999755859375,1540.5999755859375,1499.22119140625,3113860.0
2025-03-12,RAYMOND.NS,2025-03-12,1264.0,1326.199951171875,1241.5999755859375,1251.9000244140625,1251.9000244140625,484934.0
2025-03-12,POLYCAB.NS,2025-03-12,,,,,,
2025-03-12,SUNPHARMA.NS,2025-03-12,1662.0,1680.25,1658.050048828125,1676.8499755859375,1671.34814453125,2389362.0
2025-03-12,MAXHEALTH.NS,2025-03-12,994.7999877929688,995.0,960.0,989.75,988.6091918945312,2239455.0
2025-03-12,BEML.NS,2025-03-12,1227.0,1266.0,1226.2750244140625,1245.050048828125,1239.1990966796875,645604.0
2025-03-12,HINDUNILVR.NS,2025-03-12,2217.35009765625,2229.949951171875,2185.0,2192.89990234375,2153.153076171875,1526212.0
2025-03-12,DATAPATTNS.NS,2025-03-12,1599.949951171875,1646.0,1566.4000244140625,1586.300048828125,1581.5548095703125,1536971.0
2025-03-12,LUPIN.NS,2025-03-12,1976.0999755859373,1986.5,1937.4000244140625,1966.699951171875,1954.5435791015625,576820.0
2025-03-12,POONAWALLA.NS,2025-03-12,,,,,,
2025-03-12,ASHOKLEY.NS,2025-03-12,100.0,100.4499969482422,96.4499969482422,98.05500030517578,95.70228576660156,31387772.0
2025-03-12,PRESTIGE.NS,2025-03-12,1138.0,1150.0,1105.050048828125,1118.699951171875,1117.413818359375,824372.0
2025-03-12,TECHM.NS,2025-03-12,1481.0,1489.0,1408.800048828125,1438.300048828125,1397.85546875,2665932.0
2025-03-12,INFY.NS,2025-03-12,1636.9000244140625,1636.9000244140625,1563.800048828125,1590.8499755859375,1545.123046875,14870008.0
2025-03-12,MON100.NS,2025-03-12,186.0,186.0,178.4199981689453,179.25,179.25,963137.0
2025-03-12,NAVINFLUOR.NS,2025-03-12,4170.0,4190.0,4084.0,4107.89990234375,4097.6171875,66835.0
2025-03-12,RAILTEL.NS,2025-03-12,295.29998779296875,298.70001220703125,288.0,289.45001220703125,287.0038757324219,1346459.0
2025-03-12,INDIGO.NS,2025-03-12,4669.9501953125,4743.14990234375,4639.7001953125,4729.2001953125,4721.2216796875,1122703.0
2025-03-12,HDFCBANK.NS,2025-03-12,845.7750244140625,859.25,845.7750244140625,855.5750122070312,844.1644287109375,18784106.0
2025-03-12,KOTAKBANK.NS,2025-03-12,,,,,,
2025-03-12,OBEROIRLTY.NS,2025-03-12,1588.949951171875,1601.0,1545.050048828125,1570.800048828125,1565.203857421875,431423.0
2025-03-12,M&M.NS,2025-03-12,,,,,,
2025-03-12,AUROPHARMA.NS,2025-03-12,1090.0,1112.9000244140625,1080.25,1107.9000244140625,1103.7568359375,895448.0
2025-03-12,PVRINOX.NS,2025-03-12,940.0,944.1500244140624,910.0999755859376,916.75,916.75,233237.0
2025-03-12,MUTHOOTFIN.NS,2025-03-12,2205.0,2217.0,2182.300048828125,2209.0,2182.292724609375,400262.0
2025-03-12,MPHASIS.NS,2025-03-12,2261.0,2279.39990234375,2170.25,2225.050048828125,2181.460693359375,436694.0
2025-03-12,NESTLEIND.NS,2025-03-12,1124.5,1127.050048828125,1095.824951171875,1097.75,1093.15380859375,717178.0
2025-03-12,INDUSTOWER.NS,2025-03-12,345.0,345.0,314.70001220703125,324.6499938964844,324.6499938964844,16599619.0
2025-03-12,SBICARD.NS,2025-03-12,838.0,844.9000244140625,833.4500122070312,835.3499755859375,835.3499755859375,1006226.0
2025-03-12,CESC.NS,2025-03-12,140.00999450683594,141.27000427246094,136.88999938964844,139.5800018310547,135.0445098876953,2413313.0
2025-03-12,TITAN.NS,2025-03-12,3037.39990234375,3053.800048828125,2996.050048828125,3018.949951171875,3009.891845703125,489535.0
2025-03-12,CUMMINSIND.NS,2025-03-12,2875.25,2892.14990234375,2781.0,2818.75,2792.40869140625,301503.0
2025-03-12,BAJFINANCE.NS,2025-03-12,834.1099853515625,852.4500122070312,827.2550048828125,848.4450073242188,843.2417602539062,20882230.0
2025-03-12,MRF.NS,2025-03-12,107000.0,107475.75,106309.0,107264.25,107098.9609375,3589.0
2025-03-12,ONGC.NS,2025-03-12,227.1000061035156,228.83999633789065,222.3600006103516,224.3999938964844,217.8874053955078,6994310.0
2025-03-12,GOLDBEES.NS,2025-03-12,72.05999755859375,72.66999816894531,72.05999755859375,72.31999969482422,72.31999969482422,5416235.0
2025-03-12,BHARATFORG.NS,2025-03-12,,,,,,
2025-03-12,CONCOR.NS,2025-03-12,515.2000122070312,521.719970703125,509.2799987792969,517.239990234375,511.8450317382813,795031.0
2025-03-12,OIL.NS,2025-03-12,,,,,,
2025-03-12,DIXON.NS,2025-03-12,13240.0,13385.2001953125,12762.0,13078.9501953125,13073.1318359375,349680.0
2025-03-12,DRREDDY.NS,2025-03-12,1116.5999755859375,1116.6500244140625,1092.449951171875,1105.1500244140625,1098.1851806640625,1914579.0
2025-03-12,APOLLOTYRE.NS,2025-03-12,404.5499877929688,410.8999938964844,402.2999877929688,407.3500061035156,403.0371398925781,1005723.0
2025-03-12,BHARTIARTL.NS,2025-03-12,1690.0,1716.6500244140625,1634.0,1642.8499755859375,1629.229736328125,9907628.0
2025-03-12,LALPATHLAB.NS,2025-03-12,2511.0,2551.449951171875,2494.550048828125,2523.25,2507.56103515625,66868.0
2025-03-12,SRF.NS,2025-03-12,2955.60009765625,2969.949951171875,2911.0,2958.60009765625,2954.728515625,750676.0
2025-03-12,TATACOMM.NS,2025-03-12,1487.0,1519.9000244140625,1476.0,1508.050048828125,1485.868896484375,962745.0
2025-03-12,CIPLA.NS,2025-03-12,1442.0,1457.0,1437.75,1454.300048828125,1438.9288330078125,1254797.0
2025-03-12,BHEL.NS,2025-03-12,195.3999938964844,196.47000122070312,188.75,193.6300048828125,193.22398376464844,7855326.0
2025-03-12,BSOFT.NS,2025-03-12,400.6499938964844,403.6000061035156,387.6000061035156,391.7000122070313,385.6246643066406,1822772.0
2025-03-12,ZENSARTECH.NS,2025-03-12,688.0,698.0,646.5499877929688,666.2000122070312,657.54296875,1601338.0
2025-03-12,TATAELXSI.NS,2025-03-12,5421.0498046875,5450.0,5242.0,5303.85009765625,5244.52294921875,171254.0
2025-03-12,GRSE.NS,2025-03-12,1321.75,1338.4000244140625,1288.75,1299.449951171875,1293.968017578125,782310.0
2025-03-12,MAZDOCK.NS,2025-03-12,2274.0,2296.25,2232.39990234375,2255.89990234375,2246.396484375,1317140.0
2025-03-12,TRIDENT.NS,2025-03-12,25.0,25.239999771118164,24.649999618530277,24.71999931335449,24.346923828125,3952615.0
2025-03-12,MANAPPURAM.NS,2025-03-12,,,,,,
2025-03-12,IRCON.NS,2025-03-12,146.0,146.89999389648438,142.6999969482422,143.27999877929688,142.45059204101562,2841904.0
2025-03-12,RVNL.NS,2025-03-12,340.0,342.0,329.0,333.29998779296875,331.5669860839844,8658207.0
2025-03-12,NIFTYBEES.NS,2025-03-12,253.9900054931641,253.9900054931641,250.3500061035156,251.7400054931641,251.7400054931641,3851048.0
2025-03-13,TVSMOTOR.NS,2025-03-13,,,,,,
2025-03-13,HEROMOTOCO.NS,2025-03-13,3625.0,3625.550048828125,3524.35009765625,3529.14990234375,3476.5810546875,359751.0
2025-03-13,LAURUSLABS.NS,2025-03-13,584.3499755859375,585.5,572.25,574.0499877929688,572.794677734375,823232.0
2025-03-13,SIEMENS.NS,2025-03-13,2905.060546875,2986.242431640625,2871.36669921875,2892.6748046875,2892.6748046875,696251.0
2025-03-13,HAPPSTMNDS.NS,2025-03-13,693.75,693.75,666.0,668.9500122070312,661.6923828125,265666.0
2025-03-13,BIOCON.NS,2025-03-13,326.0,326.5,321.5,323.04998779296875,322.6186218261719,1439684.0
2025-03-13,IDFCFIRSTB.NS,2025-03-13,54.68000030517578,54.97999954223633,53.25,53.47999954223633,53.30552673339844,29067199.0
2025-03-13,ICICIBANK.NS,2025-03-13,1251.050048828125,1255.5999755859375,1245.300048828125,1250.050048828125,1240.4783935546875,8132940.0
2025-03-13,CAMS.NS,2025-03-13,3344.0,3452.75,3288.050048828125,3410.10009765625,3371.954833984375,715052.0
2025-03-13,BPCL.NS,2025-03-13,266.32000732421875,266.6700134277344,262.010009765625,264.4100036621094,255.17800903320312,4545159.0
2025-03-13,JSWSTEEL.NS,2025-03-13,1014.9000244140624,1016.4500122070312,998.7999877929688,1001.2000122070312,998.5111694335938,1218174.0
2025-03-13,BDL.NS,2025-03-13,,,,,,
2025-03-13,ITC.NS,2025-03-13,413.0,414.3999938964844,408.2000122070313,412.0499877929688,404.5952758789063,8196569.0
2025-03-13,CDSL.NS,2025-03-13,1100.0,1101.25,1070.0,1071.0,1062.33837890625,3198756.0
2025-03-13,BRITANNIA.NS,2025-03-13,4790.0,4838.0,4712.7998046875,4728.25,4667.08740234375,284758.0
2025-03-13,WIPRO.NS,2025-03-13,268.54998779296875,271.1000061035156,263.3500061035156,264.0,258.90740966796875,8683943.0
2025-03-13,TATACHEM.NS,2025-03-13,808.0,810.9000244140625,795.0,796.0999755859375,786.9813232421875,342005.0
2025-03-13,ASIANPAINT.NS,2025-03-13,2255.25,2257.199951171875,2222.5,2231.300048828125,2207.456787109375,747470.0
2025-03-13,EICHERMOT.NS,2025-03-13,5030.5,5047.5,4965.0498046875,5015.25,4951.0517578125,265867.0
2025-03-13,COFORGE.NS,2025-03-13,1485.0,1492.0,1455.0,1458.449951171875,1448.338134765625,1455270.0
2025-03-13,IIFL.NS,2025-03-13,314.0,314.79998779296875,310.1000061035156,313.25,313.25,984259.0
2025-03-13,TCS.NS,2025-03-13,3502.300048828125,3524.300048828125,3484.10009765625,3511.050048828125,3455.459228515625,1693004.0
2025-03-13,HAVELLS.NS,2025-03-13,1490.050048828125,1493.449951171875,1449.550048828125,1458.6500244140625,1453.062744140625,964862.0
2025-03-13,COALINDIA.NS,2025-03-13,381.5,383.0,377.3500061035156,378.2999877929688,358.1231384277344,3918004.0
2025-03-13,SHREECEM.NS,2025-03-13,27737.55078125,27737.55078125,27400.0,27495.150390625,27364.0234375,17124.0
2025-03-13,SBIN.NS,2025-03-13,725.9000244140625,731.4500122070312,724.5,727.8499755859375,713.5227661132812,5908337.0
2025-03-13,AXISBANK.NS,2025-03-13,1015.0,1016.0,1005.0999755859376,1010.2000122070312,1009.33740234375,4004140.0
2025-03-13,IEX.NS,2025-03-13,157.10000610351562,157.39999389648438,153.22999572753906,153.55999755859375,152.3936004638672,2171253.0
2025-03-13,SUZLON.NS,2025-03-13,54.34999847412109,55.0,53.619998931884766,54.58000183105469,54.58000183105469,43837645.0
2025-03-13,AARTIIND.NS,2025-03-13,392.0,393.7999877929688,382.1000061035156,382.75,381.7323303222656,674427.0
2025-03-13,PERSISTENT.NS,2025-03-13,5170.2001953125,5241.35009765625,5075.0,5125.75,5111.96728515625,401647.0
2025-03-13,BATAINDIA.NS,2025-03-13,1230.0,1240.0,1214.949951171875,1236.449951171875,1227.10888671875,109731.0
2025-03-13,PIIND.NS,2025-03-13,3354.14990234375,3360.39990234375,3280.10009765625,3297.300048828125,3289.228271484375,210443.0
2025-03-13,GODREJPROP.NS,2025-03-13,2020.0,2028.800048828125,1960.0,1969.0999755859373,1969.0999755859373,410231.0
2025-03-13,HINDALCO.NS,2025-03-13,690.2000122070312,692.9500122070312,673.25,677.3499755859375,672.4187622070312,4877884.0
2025-03-13,MARUTI.NS,2025-03-13,11634.7998046875,11685.0,11489.75,11513.7998046875,11390.515625,260736.0
2025-03-13,MCX.NS,2025-03-13,4775.0,4850.0,4640.0,4808.4501953125,4790.15576171875,394489.0
2025-03-13,SAIL.NS,2025-03-13,107.19000244140624,109.68000030517578,105.52999877929688,105.88999938964844,104.57927703857422,24988240.0
2025-03-13,RELIANCE.NS,2025-03-13,1260.050048828125,1264.1500244140625,1243.8499755859375,1247.9000244140625,1242.9359130859375,9505270.0
2025-03-13,PAGEIND.NS,2025-03-13,40243.5,40299.94921875,39750.0,40099.25,39667.3359375,8237.0
2025-03-13,HDFCAMC.NS,2025-03-13,1880.0999755859373,1886.25,1830.0,1862.550048828125,1828.240478515625,859344.0
2025-03-13,ADANIENT.NS,2025-03-13,,,,,,
2025-03-13,ANGELONE.NS,2025-03-13,1985.949951171875,2006.0,1941.0,1953.5,1926.9661865234373,1026345.0
2025-03-13,VOLTAS.NS,2025-03-13,1451.949951171875,1463.8499755859375,1394.5999755859375,1402.550048828125,1394.7642822265625,1236849.0
2025-03-13,MARICO.NS,2025-03-13,603.4500122070312,613.0,598.75,606.2999877929688,600.3206787109375,689569.0
2025-03-13,TATASTEEL.NS,2025-03-13,152.0,153.55999755859375,150.02000427246094,150.8800048828125,147.44158935546875,48286431.0
2025-03-13,PIDILITIND.NS,2025-03-13,1375.199951171875,1381.625,1360.449951171875,1364.949951171875,1355.6466064453125,698834.0
2025-03-13,RITES.NS,2025-03-13,212.0,213.8000030517578,209.0,209.9600067138672,205.1708831787109,819983.0
2025-03-13,HCLTECH.NS,2025-03-13,1540.5999755859375,1547.949951171875,1529.1500244140625,1534.75,1493.5284423828125,1983351.0
2025-03-13,RAYMOND.NS,2025-03-13,1260.050048828125,1263.5,1221.0,1224.0999755859375,1224.0999755859375,223786.0
2025-03-13,POLYCAB.NS,2025-03-13,,,,,,
2025-03-13,SUNPHARMA.NS,2025-03-13,1672.0,1687.1500244140625,1663.449951171875,1683.449951171875,1677.926513671875,1666929.0
2025-03-13,MAXHEALTH.NS,2025-03-13,994.6500244140624,1009.7000122070312,979.0499877929688,990.7000122070312,989.55810546875,1963406.0
2025-03-13,BEML.NS,2025-03-13,1265.0,1320.550048828125,1235.0,1276.8499755859375,1270.849609375,1539594.0
2025-03-13,HINDUNILVR.NS,2025-03-13,2185.0,2209.949951171875,2164.449951171875,2174.800048828125,2135.38134765625,1845629.0
2025-03-13,DATAPATTNS.NS,2025-03-13,1590.0,1740.0,1558.1500244140625,1663.0999755859375,1658.125,12843543.0
2025-03-13,LUPIN.NS,2025-03-13,1978.0,1983.25,1950.550048828125,1968.449951171875,1956.28271484375,374359.0
2025-03-13,POONAWALLA.NS,2025-03-13,,,,,,
2025-03-13,ASHOKLEY.NS,2025-03-13,98.3499984741211,99.0999984741211,97.76000213623048,98.31500244140624,95.95604705810548,10587842.0
2025-03-13,PRESTIGE.NS,2025-03-13,1129.0,1146.9000244140625,1119.050048828125,1129.5999755859375,1128.30126953125,672238.0
2025-03-13,TECHM.NS,2025-03-13,1442.0,1456.25,1422.0,1440.6500244140625,1400.139404296875,995812.0
2025-03-13,INFY.NS,2025-03-13,1599.25,1606.050048828125,1570.300048828125,1579.8499755859375,1534.439208984375,7822888.0
2025-03-13,MON100.NS,2025-03-13,183.8000030517578,183.8000030517578,173.99000549316406,175.97999572753906,175.97999572753906,1020431.0
2025-03-13,NAVINFLUOR.NS,2025-03-13,4124.0,4153.64990234375,4022.85009765625,4126.89990234375,4116.56982421875,71524.0
2025-03-13,RAILTEL.NS,2025-03-13,289.45001220703125,291.20001220703125,282.0,283.25,280.85626220703125,1149035.0
2025-03-13,INDIGO.NS,2025-03-13,4740.0,4744.5498046875,4670.85009765625,4700.85009765625,4692.91943359375,553796.0
2025-03-13,HDFCBANK.NS,2025-03-13,858.0250244140625,860.4000244140625,850.0250244140625,853.2999877929688,841.9197998046875,15736264.0
2025-03-13,KOTAKBANK.NS,2025-03-13,,,,,,
2025-03-13,OBEROIRLTY.NS,2025-03-13,1579.300048828125,1584.0999755859375,1529.300048828125,1533.5,1528.0367431640625,385694.0
2025-03-13,M&M.NS,2025-03-13,,,,,,
2025-03-13,AUROPHARMA.NS,2025-03-13,1109.0,1117.0999755859375,1090.0,1094.75,1090.656005859375,516686.0
2025-03-13,PVRINOX.NS,2025-03-13,917.0,928.8499755859376,898.0,899.7999877929688,899.7999877929688,368733.0
2025-03-13,MUTHOOTFIN.NS,2025-03-13,2204.949951171875,2204.949951171875,2155.550048828125,2196.35009765625,2169.795654296875,448206.0
2025-03-13,MPHASIS.NS,2025-03-13,2226.0,2292.449951171875,2199.85009765625,2205.14990234375,2161.9501953125,869498.0
2025-03-13,NESTLEIND.NS,2025-03-13,1101.050048828125,1105.875,1092.050048828125,1095.9749755859375,1091.38623046875,584340.0
2025-03-13,INDUSTOWER.NS,2025-03-13,324.95001220703125,330.20001220703125,323.3500061035156,327.0,327.0,6340342.0
2025-03-13,SBICARD.NS,2025-03-13,836.6500244140625,842.0,828.0499877929688,829.8499755859375,829.8499755859375,669471.0
2025-03-13,CESC.NS,2025-03-13,140.00999450683594,140.64999389648438,138.10000610351562,138.6699981689453,134.16407775878906,2278724.0
2025-03-13,TITAN.NS,2025-03-13,3019.39990234375,3049.5,3000.300048828125,3010.14990234375,3001.1181640625,785215.0
2025-03-13,CUMMINSIND.NS,2025-03-13,2819.75,2890.5,2808.949951171875,2835.25,2808.754638671875,382212.0
2025-03-13,BAJFINANCE.NS,2025-03-13,850.0,856.0,839.2999877929688,842.0449829101562,836.8809814453125,12173510.0
2025-03-13,MRF.NS,2025-03-13,107264.25,107264.25,104800.0,105041.6015625,104879.7421875,9096.0
2025-03-13,ONGC.NS,2025-03-13,228.1499938964844,230.3999938964844,224.8699951171875,225.42999267578125,218.88751220703125,16105085.0
2025-03-13,GOLDBEES.NS,2025-03-13,72.62000274658203,72.97000122070312,72.61000061035156,72.81999969482422,72.81999969482422,9102052.0
2025-03-13,BHARATFORG.NS,2025-03-13,,,,,,
2025-03-13,CONCOR.NS,2025-03-13,520.760009765625,521.760009765625,511.2000122070313,512.2000122070312,506.8576354980469,741345.0
2025-03-13,OIL.NS,2025-03-13,,,,,,
2025-03-13,DIXON.NS,2025-03-13,13144.9501953125,13598.0,12992.25,13324.0498046875,13318.123046875,368138.0
2025-03-13,DRREDDY.NS,2025-03-13,1105.1500244140625,1110.25,1095.050048828125,1107.949951171875,1100.9674072265625,1299174.0
2025-03-13,APOLLOTYRE.NS,2025-03-13,408.0,409.2000122070313,399.1000061035156,400.9500122070313,396.7048950195313,507073.0
2025-03-13,BHARTIARTL.NS,2025-03-13,1650.800048828125,1656.9000244140625,1629.5999755859375,1632.5,1618.965576171875,8317331.0
2025-03-13,LALPATHLAB.NS,2025-03-13,2502.0,2537.449951171875,2493.75,2525.050048828125,2509.349853515625,55463.0
2025-03-13,SRF.NS,2025-03-13,2965.0,2969.0,2913.10009765625,2951.800048828125,2947.937255859375,522503.0
2025-03-13,TATACOMM.NS,2025-03-13,1500.0,1527.0,1494.75,1503.949951171875,1481.8292236328125,445092.0
2025-03-13,CIPLA.NS,2025-03-13,1456.4000244140625,1465.699951171875,1445.6500244140625,1461.9000244140625,1446.448486328125,804032.0
2025-03-13,BHEL.NS,2025-03-13,195.0,197.3699951171875,192.8999938964844,193.3300018310547,192.9246063232422,6439500.0
2025-03-13,BSOFT.NS,2025-03-13,393.25,396.8500061035156,384.5499877929688,385.75,379.7669372558594,2500031.0
2025-03-13,ZENSARTECH.NS,2025-03-13,671.2000122070312,676.7000122070312,645.6500244140625,654.1500244140625,645.6495361328125,936057.0
2025-03-13,TATAELXSI.NS,2025-03-13,5310.89990234375,5373.9501953125,5225.0,5236.75,5178.17333984375,126288.0
2025-03-13,GRSE.NS,2025-03-13,1307.550048828125,1372.6500244140625,1282.699951171875,1303.3499755859375,1297.8515625,2045313.0
2025-03-13,MAZDOCK.NS,2025-03-13,2267.050048828125,2340.0,2235.89990234375,2316.0,2306.243408203125,2934181.0
2025-03-13,TRIDENT.NS,2025-03-13,24.57999992370605,24.809999465942383,24.299999237060547,24.38999938964844,24.02190399169922,5099447.0
2025-03-13,MANAPPURAM.NS,2025-03-13,,,,,,
2025-03-13,IRCON.NS,2025-03-13,144.0,144.60000610351562,140.0,140.4499969482422,139.63697814941406,3092718.0
2025-03-13,RVNL.NS,2025-03-13,336.0,336.3500061035156,327.54998779296875,329.3500061035156,327.6375427246094,5491120.0
2025-03-13,NIFTYBEES.NS,2025-03-13,252.8999938964844,252.8999938964844,250.8000030517578,251.05999755859372,251.05999755859372,3161426.0
2025-03-17,TVSMOTOR.NS,2025-03-17,,,,,,
2025-03-17,HEROMOTOCO.NS,2025-03-17,3486.0,3549.0,3461.60009765625,3493.10009765625,3441.068115234375,673556.0
2025-03-17,LAURUSLABS.NS,2025-03-17,578.0,586.4500122070312,572.0,581.3499755859375,580.0786743164062,853267.0
2025-03-17,SIEMENS.NS,2025-03-17,2920.322509765625,2931.76904296875,2869.576416015625,2897.693603515625,2897.693603515625,435109.0
2025-03-17,HAPPSTMNDS.NS,2025-03-17,665.5999755859375,668.7000122070312,640.0,643.9500122070312,636.9636840820312,779066.0
2025-03-17,BIOCON.NS,2025-03-17,324.79998779296875,333.8999938964844,323.54998779296875,333.25,332.8050231933594,2440747.0
2025-03-17,IDFCFIRSTB.NS,2025-03-17,53.54999923706055,53.84999847412109,52.59999847412109,52.88999938964844,52.71744918823242,32594699.0
2025-03-17,ICICIBANK.NS,2025-03-17,1257.050048828125,1273.949951171875,1254.75,1269.0,1259.2833251953125,11164812.0
2025-03-17,CAMS.NS,2025-03-17,3449.800048828125,3518.64990234375,3409.5,3425.25,3386.935302734375,675639.0
2025-03-17,BPCL.NS,2025-03-17,261.1099853515625,263.69000244140625,258.3099975585937,261.4200134277344,252.2924346923828,6482574.0
2025-03-17,JSWSTEEL.NS,2025-03-17,1007.5499877929688,1015.4500122070312,1000.1500244140624,1005.7000122070312,1002.9990844726562,1522656.0
2025-03-17,BDL.NS,2025-03-17,,,,,,
2025-03-17,ITC.NS,2025-03-17,413.0,416.25,407.0,407.9500122070313,400.5694885253906,5257805.0
2025-03-17,CDSL.NS,2025-03-17,1071.0,1074.449951171875,1047.449951171875,1058.199951171875,1049.641845703125,5464111.0
2025-03-17,BRITANNIA.NS,2025-03-17,4600.0,4743.0498046875,4600.0,4674.89990234375,4614.427734375,322411.0
2025-03-17,WIPRO.NS,2025-03-17,264.0,265.20001220703125,258.8999938964844,259.8500061035156,254.83746337890625,12697926.0
2025-03-17,TATACHEM.NS,2025-03-17,799.7999877929688,805.6500244140625,791.0,803.2999877929688,794.098876953125,712442.0
2025-03-17,ASIANPAINT.NS,2025-03-17,2205.0,2239.25,2196.050048828125,2219.550048828125,2195.832275390625,838015.0
2025-03-17,EICHERMOT.NS,2025-03-17,4935.0,5076.9501953125,4935.0,5050.25,4985.60400390625,287729.0
2025-03-17,COFORGE.NS,2025-03-17,1462.8199462890625,1479.77001953125,1446.18994140625,1473.010009765625,1462.7972412109375,2070180.0
2025-03-17,IIFL.NS,2025-03-17,310.0,318.3999938964844,306.5,307.45001220703125,307.45001220703125,1604633.0
2025-03-17,TCS.NS,2025-03-17,3489.0,3530.449951171875,3477.35009765625,3497.699951171875,3442.320556640625,2690906.0
2025-03-17,HAVELLS.NS,2025-03-17,1450.0,1466.6500244140625,1435.0,1462.1500244140625,1456.54931640625,723248.0
2025-03-17,COALINDIA.NS,2025-03-17,380.2000122070313,387.0499877929688,379.0499877929688,385.75,365.17578125,5456361.0
2025-03-17,SHREECEM.NS,2025-03-17,27495.150390625,28031.599609375,27373.349609375,27734.599609375,27602.33203125,54828.0
2025-03-17,SBIN.NS,2025-03-17,728.9000244140625,731.25,722.2999877929688,723.1500244140625,708.915283203125,5149563.0
2025-03-17,AXISBANK.NS,2025-03-17,1011.0999755859376,1039.0,1011.0999755859376,1034.1500244140625,1033.2669677734375,5938668.0
2025-03-17,IEX.NS,2025-03-17,153.6999969482422,163.22000122070312,153.36000061035156,162.6699981689453,161.4344024658203,16416328.0
2025-03-17,SUZLON.NS,2025-03-17,54.7400016784668,56.5,54.25,54.5,54.5,54133917.0
2025-03-17,AARTIIND.NS,2025-03-17,385.0,388.2000122070313,382.25,384.7000122070313,383.6771545410156,821154.0
2025-03-17,PERSISTENT.NS,2025-03-17,5125.75,5218.35009765625,5034.7998046875,5167.2998046875,5153.40576171875,840748.0
2025-03-17,BATAINDIA.NS,2025-03-17,1230.0,1239.75,1202.0,1205.9000244140625,1196.7896728515625,125011.0
2025-03-17,PIIND.NS,2025-03-17,3271.0,3381.0,3270.75,3373.25,3364.9921875,141132.0
2025-03-17,GODREJPROP.NS,2025-03-17,1984.0,2016.25,1967.0,1973.550048828125,1973.550048828125,926047.0
2025-03-17,HINDALCO.NS,2025-03-17,678.25,687.5,677.8499755859375,680.75,675.7940673828125,4033068.0
2025-03-17,MARUTI.NS,2025-03-17,11513.7998046875,11752.9501953125,11456.349609375,11553.7001953125,11429.9892578125,275569.0
2025-03-17,MCX.NS,2025-03-17,4850.0,5056.2998046875,4804.0,4960.0,4941.12890625,842165.0
2025-03-17,SAIL.NS,2025-03-17,106.6500015258789,107.33000183105467,105.0500030517578,106.13999938964844,104.82617950439452,15750246.0
2025-03-17,RELIANCE.NS,2025-03-17,1242.1500244140625,1257.4000244140625,1233.0999755859375,1238.8499755859375,1233.9217529296875,16640917.0
2025-03-17,PAGEIND.NS,2025-03-17,40200.0,40844.1015625,40020.1015625,40361.69921875,39926.95703125,14375.0
2025-03-17,HDFCAMC.NS,2025-03-17,1863.050048828125,1896.9749755859373,1859.199951171875,1873.324951171875,1838.81689453125,484400.0
2025-03-17,ADANIENT.NS,2025-03-17,,,,,,
2025-03-17,ANGELONE.NS,2025-03-17,1979.0,1999.0,1957.0,1979.8499755859373,1952.958251953125,829703.0
2025-03-17,VOLTAS.NS,2025-03-17,1404.449951171875,1460.75,1402.949951171875,1458.449951171875,1450.3538818359375,1881080.0
2025-03-17,MARICO.NS,2025-03-17,601.0,609.5999755859375,601.0,607.5499877929688,601.558349609375,820003.0
2025-03-17,TATASTEEL.NS,2025-03-17,151.99000549316406,152.63999938964844,150.89999389648438,151.80999755859375,148.3503875732422,35879780.0
2025-03-17,PIDILITIND.NS,2025-03-17,1374.675048828125,1380.949951171875,1363.425048828125,1374.449951171875,1365.081787109375,313582.0
2025-03-17,RITES.NS,2025-03-17,209.9499969482422,210.9499969482422,203.1000061035156,204.3600006103516,199.69862365722656,854234.0
2025-03-17,HCLTECH.NS,2025-03-17,1528.0,1547.550048828125,1519.050048828125,1545.1500244140625,1503.6490478515625,2029100.0
2025-03-17,RAYMOND.NS,2025-03-17,1224.0999755859375,1243.4000244140625,1216.0999755859375,1231.3499755859375,1231.3499755859375,197189.0
2025-03-17,POLYCAB.NS,2025-03-17,,,,,,
2025-03-17,SUNPHARMA.NS,2025-03-17,1694.050048828125,1720.1500244140625,1688.3499755859375,1704.300048828125,1698.7081298828125,2588408.0
2025-03-17,MAXHEALTH.NS,2025-03-17,995.2000122070312,1003.25,980.3499755859376,997.9000244140624,996.7498168945312,1751252.0
2025-03-17,BEML.NS,2025-03-17,1283.5,1290.9749755859375,1247.75,1258.824951171875,1252.9093017578125,490632.0
2025-03-17,HINDUNILVR.NS,2025-03-17,2161.0,2195.449951171875,2156.5,2171.25,2131.8955078125,1111886.0
2025-03-17,DATAPATTNS.NS,2025-03-17,1680.050048828125,1694.6500244140625,1618.0,1635.550048828125,1630.657470703125,2074821.0
2025-03-17,LUPIN.NS,2025-03-17,1965.5,2011.0,1961.0,1991.8499755859373,1979.5380859375,550930.0
2025-03-17,POONAWALLA.NS,2025-03-17,,,,,,
2025-03-17,ASHOKLEY.NS,2025-03-17,98.75,99.97000122070312,98.13999938964844,99.2300033569336,96.84909057617188,17868720.0
2025-03-17,PRESTIGE.NS,2025-03-17,1139.9000244140625,1143.949951171875,1092.0,1099.5,1098.23583984375,832959.0
2025-03-17,TECHM.NS,2025-03-17,1442.949951171875,1448.0,1425.199951171875,1440.0999755859375,1399.6048583984375,1747569.0
2025-03-17,INFY.NS,2025-03-17,1545.1500244140625,1594.0,1545.1500244140625,1590.050048828125,1544.34619140625,7526032.0
2025-03-17,MON100.NS,2025-03-17,179.4499969482422,181.6999969482422,175.72999572753906,180.7700042724609,180.7700042724609,544008.0
2025-03-17,NAVINFLUOR.NS,2025-03-17,4129.5,4200.39990234375,4060.60009765625,4138.5,4128.140625,90146.0
2025-03-17,RAILTEL.NS,2025-03-17,283.95001220703125,286.45001220703125,273.8500061035156,275.6000061035156,273.2709045410156,1400759.0
2025-03-17,INDIGO.NS,2025-03-17,4710.0,4794.9501953125,4710.0,4780.4501953125,4772.38525390625,1030205.0
2025-03-17,HDFCBANK.NS,2025-03-17,852.5,862.0,852.5,855.2000122070312,843.79443359375,18950652.0
2025-03-17,KOTAKBANK.NS,2025-03-17,,,,,,
2025-03-17,OBEROIRLTY.NS,2025-03-17,1513.5,1550.9000244140625,1511.0,1520.449951171875,1515.033203125,449201.0
2025-03-17,M&M.NS,2025-03-17,,,,,,
2025-03-17,AUROPHARMA.NS,2025-03-17,1095.0,1123.699951171875,1092.6500244140625,1111.699951171875,1107.54248046875,799921.0
2025-03-17,PVRINOX.NS,2025-03-17,892.0,913.9500122070312,883.9000244140625,901.25,901.25,432932.0
2025-03-17,MUTHOOTFIN.NS,2025-03-17,2232.0,2308.0,2232.0,2290.199951171875,2262.510986328125,1684308.0
2025-03-17,MPHASIS.NS,2025-03-17,2207.10009765625,2236.199951171875,2181.550048828125,2200.199951171875,2157.097412109375,449847.0
2025-03-17,NESTLEIND.NS,2025-03-17,1087.7750244140625,1101.675048828125,1078.0,1087.175048828125,1082.6231689453125,820010.0
2025-03-17,INDUSTOWER.NS,2025-03-17,326.0,332.0,322.25,330.6000061035156,330.6000061035156,4496735.0
2025-03-17,SBICARD.NS,2025-03-17,823.0,845.4500122070312,823.0,843.0,843.0,936170.0
2025-03-17,CESC.NS,2025-03-17,139.0,140.47999572753906,138.6999969482422,139.97999572753906,135.43150329589844,2258403.0
2025-03-17,TITAN.NS,2025-03-17,2985.050048828125,3036.39990234375,2985.050048828125,3017.35009765625,3008.296630859375,632348.0
2025-03-17,CUMMINSIND.NS,2025-03-17,2831.0,2872.449951171875,2817.10009765625,2862.10009765625,2835.353759765625,205971.0
2025-03-17,BAJFINANCE.NS,2025-03-17,839.9199829101562,862.9949951171875,838.5999755859375,858.0349731445312,852.7728881835938,11020850.0
2025-03-17,MRF.NS,2025-03-17,105200.0,106440.703125,105200.0,105410.796875,105248.3671875,3890.0
2025-03-17,ONGC.NS,2025-03-17,226.5200042724609,230.4499969482422,226.2400054931641,229.7400054931641,223.0724334716797,8788971.0
2025-03-17,GOLDBEES.NS,2025-03-17,73.87999725341797,73.87999725341797,73.23999786376953,73.52999877929688,73.52999877929688,12763210.0
2025-03-17,BHARATFORG.NS,2025-03-17,,,,,,
2025-03-17,CONCOR.NS,2025-03-17,505.6400146484375,521.1199951171875,500.0,514.8400268554688,509.47015380859375,1197117.0
2025-03-17,OIL.NS,2025-03-17,,,,,,
2025-03-17,DIXON.NS,2025-03-17,13144.849609375,13510.0,13054.599609375,13098.2001953125,13092.3740234375,281188.0
2025-03-17,DRREDDY.NS,2025-03-17,1107.9000244140625,1154.0999755859375,1101.5,1150.699951171875,1143.447998046875,2714559.0
2025-03-17,APOLLOTYRE.NS,2025-03-17,399.5,404.0,396.2000122070313,402.2999877929688,398.0405883789063,632742.0
2025-03-17,BHARTIARTL.NS,2025-03-17,1612.199951171875,1648.4000244140625,1612.199951171875,1639.1500244140625,1625.560546875,6405522.0
2025-03-17,LALPATHLAB.NS,2025-03-17,2525.050048828125,2582.0,2525.050048828125,2543.199951171875,2527.386962890625,122129.0
2025-03-17,SRF.NS,2025-03-17,2959.050048828125,3029.85009765625,2946.10009765625,3011.300048828125,3007.359375,882944.0
2025-03-17,TATACOMM.NS,2025-03-17,1510.449951171875,1520.050048828125,1487.050048828125,1502.5999755859375,1480.4990234375,328175.0
2025-03-17,CIPLA.NS,2025-03-17,1459.8499755859375,1496.949951171875,1455.699951171875,1492.5999755859375,1476.823974609375,1329884.0
2025-03-17,BHEL.NS,2025-03-17,195.0,197.1999969482422,192.97999572753903,195.42999267578125,195.02020263671875,6627117.0
2025-03-17,BSOFT.NS,2025-03-17,386.5,394.1499938964844,386.1499938964844,388.8999938964844,382.8680725097656,1182944.0
2025-03-17,ZENSARTECH.NS,2025-03-17,655.0499877929688,657.3499755859375,624.1500244140625,642.4000244140625,634.05224609375,1216622.0
2025-03-17,TATAELXSI.NS,2025-03-17,5236.75,5283.2998046875,5157.7001953125,5174.4501953125,5116.5703125,139134.0
2025-03-17,GRSE.NS,2025-03-17,1310.5999755859375,1355.0,1303.0999755859375,1336.550048828125,1330.91162109375,1345787.0
2025-03-17,MAZDOCK.NS,2025-03-17,2320.0,2348.0,2281.10009765625,2322.050048828125,2312.267822265625,2382011.0
2025-03-17,TRIDENT.NS,2025-03-17,24.38999938964844,24.649999618530277,23.899999618530277,24.020000457763672,23.65748786926269,5578655.0
2025-03-17,MANAPPURAM.NS,2025-03-17,,,,,,
2025-03-17,IRCON.NS,2025-03-17,142.0,142.64999389648438,137.5,138.1699981689453,137.37017822265625,3738672.0
2025-03-17,RVNL.NS,2025-03-17,330.5,334.20001220703125,325.3500061035156,328.45001220703125,326.74224853515625,5347960.0
2025-03-17,NIFTYBEES.NS,2025-03-17,251.05999755859372,253.0,250.1000061035156,252.17999267578125,252.17999267578125,3872869.0
2025-03-18,TVSMOTOR.NS,2025-03-18,,,,,,
2025-03-18,HEROMOTOCO.NS,2025-03-18,3493.10009765625,3493.10009765625,3493.10009765625,3493.10009765625,3441.068115234375,0.0
2025-03-18,LAURUSLABS.NS,2025-03-18,581.3499755859375,581.3499755859375,581.3499755859375,581.3499755859375,580.0786743164062,0.0
2025-03-18,SIEMENS.NS,2025-03-18,2897.693603515625,2897.693603515625,2897.693603515625,2897.693603515625,2897.693603515625,0.0
2025-03-18,HAPPSTMNDS.NS,2025-03-18,643.9500122070312,643.9500122070312,643.9500122070312,643.9500122070312,636.9636840820312,0.0
2025-03-18,BIOCON.NS,2025-03-18,333.25,333.25,333.25,333.25,332.8050231933594,0.0
2025-03-18,IDFCFIRSTB.NS,2025-03-18,52.88999938964844,52.88999938964844,52.88999938964844,52.88999938964844,52.71744918823242,0.0
2025-03-18,ICICIBANK.NS,2025-03-18,1269.0,1269.0,1269.0,1269.0,1259.2833251953125,0.0
2025-03-18,CAMS.NS,2025-03-18,3425.25,3425.25,3425.25,3425.25,3386.935302734375,0.0
2025-03-18,BPCL.NS,2025-03-18,261.4200134277344,261.4200134277344,261.4200134277344,261.4200134277344,252.2924346923828,0.0
2025-03-18,JSWSTEEL.NS,2025-03-18,1005.7000122070312,1005.7000122070312,1005.7000122070312,1005.7000122070312,1002.9990844726562,0.0
2025-03-18,BDL.NS,2025-03-18,,,,,,
2025-03-18,ITC.NS,2025-03-18,407.9500122070313,407.9500122070313,407.9500122070313,407.9500122070313,400.5694885253906,0.0
2025-03-18,CDSL.NS,2025-03-18,1058.199951171875,1058.199951171875,1058.199951171875,1058.199951171875,1049.641845703125,0.0
2025-03-18,BRITANNIA.NS,2025-03-18,4674.89990234375,4674.89990234375,4674.89990234375,4674.89990234375,4614.427734375,0.0
2025-03-18,WIPRO.NS,2025-03-18,259.8500061035156,259.8500061035156,259.8500061035156,259.8500061035156,254.83746337890625,0.0
2025-03-18,TATACHEM.NS,2025-03-18,803.2999877929688,803.2999877929688,803.2999877929688,803.2999877929688,794.098876953125,0.0
2025-03-18,ASIANPAINT.NS,2025-03-18,2219.550048828125,2219.550048828125,2219.550048828125,2219.550048828125,2195.832275390625,0.0
2025-03-18,EICHERMOT.NS,2025-03-18,5050.25,5050.25,5050.25,5050.25,4985.60400390625,0.0
2025-03-18,COFORGE.NS,2025-03-18,1473.010009765625,1473.010009765625,1473.010009765625,1473.010009765625,1462.7972412109375,0.0
2025-03-18,IIFL.NS,2025-03-18,307.45001220703125,307.45001220703125,307.45001220703125,307.45001220703125,307.45001220703125,0.0
2025-03-18,TCS.NS,2025-03-18,3497.699951171875,3497.699951171875,3497.699951171875,3497.699951171875,3442.320556640625,0.0
2025-03-18,HAVELLS.NS,2025-03-18,1462.1500244140625,1462.1500244140625,1462.1500244140625,1462.1500244140625,1456.54931640625,0.0
2025-03-18,COALINDIA.NS,2025-03-18,385.75,385.75,385.75,385.75,365.17578125,0.0
2025-03-18,SHREECEM.NS,2025-03-18,27734.599609375,27734.599609375,27734.599609375,27734.599609375,27602.33203125,0.0
2025-03-18,SBIN.NS,2025-03-18,723.1500244140625,723.1500244140625,723.1500244140625,723.1500244140625,708.915283203125,0.0
2025-03-18,AXISBANK.NS,2025-03-18,1034.1500244140625,1034.1500244140625,1034.1500244140625,1034.1500244140625,1033.2669677734375,0.0
2025-03-18,IEX.NS,2025-03-18,162.6699981689453,162.6699981689453,162.6699981689453,162.6699981689453,161.4344024658203,0.0
2025-03-18,SUZLON.NS,2025-03-18,54.5,54.5,54.5,54.5,54.5,0.0
2025-03-18,AARTIIND.NS,2025-03-18,384.7000122070313,384.7000122070313,384.7000122070313,384.7000122070313,383.6771545410156,0.0
2025-03-18,PERSISTENT.NS,2025-03-18,5167.2998046875,5167.2998046875,5167.2998046875,5167.2998046875,5153.40576171875,0.0
2025-03-18,BATAINDIA.NS,2025-03-18,1205.9000244140625,1205.9000244140625,1205.9000244140625,1205.9000244140625,1196.7896728515625,0.0
2025-03-18,PIIND.NS,2025-03-18,3373.25,3373.25,3373.25,3373.25,3364.9921875,0.0
2025-03-18,GODREJPROP.NS,2025-03-18,1973.550048828125,1973.550048828125,1973.550048828125,1973.550048828125,1973.550048828125,0.0
2025-03-18,HINDALCO.NS,2025-03-18,680.75,680.75,680.75,680.75,675.7940673828125,0.0
2025-03-18,MARUTI.NS,2025-03-18,11553.7001953125,11553.7001953125,11553.7001953125,11553.7001953125,11429.9892578125,0.0
2025-03-18,MCX.NS,2025-03-18,4960.0,4960.0,4960.0,4960.0,4941.12890625,0.0
2025-03-18,SAIL.NS,2025-03-18,106.13999938964844,106.13999938964844,106.13999938964844,106.13999938964844,104.82617950439452,0.0
2025-03-18,RELIANCE.NS,2025-03-18,1238.8499755859375,1238.8499755859375,1238.8499755859375,1238.8499755859375,1233.9217529296875,0.0
2025-03-18,PAGEIND.NS,2025-03-18,40361.69921875,40361.69921875,40361.69921875,40361.69921875,39926.95703125,0.0
2025-03-18,HDFCAMC.NS,2025-03-18,1873.324951171875,1873.324951171875,1873.324951171875,1873.324951171875,1838.81689453125,0.0
2025-03-18,ADANIENT.NS,2025-03-18,,,,,,
2025-03-18,ANGELONE.NS,2025-03-18,1979.8499755859373,1979.8499755859373,1979.8499755859373,1979.8499755859373,1952.958251953125,0.0
2025-03-18,VOLTAS.NS,2025-03-18,1458.449951171875,1458.449951171875,1458.449951171875,1458.449951171875,1450.3538818359375,0.0
2025-03-18,MARICO.NS,2025-03-18,607.5499877929688,607.5499877929688,607.5499877929688,607.5499877929688,601.558349609375,0.0
2025-03-18,TATASTEEL.NS,2025-03-18,151.80999755859375,151.80999755859375,151.80999755859375,151.80999755859375,148.3503875732422,0.0
2025-03-18,PIDILITIND.NS,2025-03-18,1374.449951171875,1374.449951171875,1374.449951171875,1374.449951171875,1365.081787109375,0.0
2025-03-18,RITES.NS,2025-03-18,204.3600006103516,204.3600006103516,204.3600006103516,204.3600006103516,199.69862365722656,0.0
2025-03-18,HCLTECH.NS,2025-03-18,1545.1500244140625,1545.1500244140625,1545.1500244140625,1545.1500244140625,1503.6490478515625,0.0
2025-03-18,RAYMOND.NS,2025-03-18,1231.3499755859375,1231.3499755859375,1231.3499755859375,1231.3499755859375,1231.3499755859375,0.0
2025-03-18,POLYCAB.NS,2025-03-18,,,,,,
2025-03-18,SUNPHARMA.NS,2025-03-18,1704.300048828125,1704.300048828125,1704.300048828125,1704.300048828125,1698.7081298828125,0.0
2025-03-18,MAXHEALTH.NS,2025-03-18,997.9000244140624,997.9000244140624,997.9000244140624,997.9000244140624,996.7498168945312,0.0
2025-03-18,BEML.NS,2025-03-18,1258.824951171875,1258.824951171875,1258.824951171875,1258.824951171875,1252.9093017578125,0.0
2025-03-18,HINDUNILVR.NS,2025-03-18,2171.25,2171.25,2171.25,2171.25,2131.8955078125,0.0
2025-03-18,DATAPATTNS.NS,2025-03-18,1635.550048828125,1635.550048828125,1635.550048828125,1635.550048828125,1630.657470703125,0.0
2025-03-18,LUPIN.NS,2025-03-18,1991.8499755859373,1991.8499755859373,1991.8499755859373,1991.8499755859373,1979.5380859375,0.0
2025-03-18,POONAWALLA.NS,2025-03-18,,,,,,
2025-03-18,ASHOKLEY.NS,2025-03-18,99.2300033569336,99.2300033569336,99.2300033569336,99.2300033569336,96.84909057617188,0.0
2025-03-18,PRESTIGE.NS,2025-03-18,1099.5,1099.5,1099.5,1099.5,1098.23583984375,0.0
2025-03-18,TECHM.NS,2025-03-18,1440.0999755859375,1440.0999755859375,1440.0999755859375,1440.0999755859375,1399.6048583984375,0.0
2025-03-18,INFY.NS,2025-03-18,1590.050048828125,1590.050048828125,1590.050048828125,1590.050048828125,1544.34619140625,0.0
2025-03-18,MON100.NS,2025-03-18,180.7700042724609,180.7700042724609,180.7700042724609,180.7700042724609,180.7700042724609,0.0
2025-03-18,NAVINFLUOR.NS,2025-03-18,4138.5,4138.5,4138.5,4138.5,4128.140625,0.0
2025-03-18,RAILTEL.NS,2025-03-18,275.6000061035156,275.6000061035156,275.6000061035156,275.6000061035156,273.2709045410156,0.0
2025-03-18,INDIGO.NS,2025-03-18,4780.4501953125,4780.4501953125,4780.4501953125,4780.4501953125,4772.38525390625,0.0
2025-03-18,HDFCBANK.NS,2025-03-18,855.2000122070312,855.2000122070312,855.2000122070312,855.2000122070312,843.79443359375,0.0
2025-03-18,KOTAKBANK.NS,2025-03-18,,,,,,
2025-03-18,OBEROIRLTY.NS,2025-03-18,1520.449951171875,1520.449951171875,1520.449951171875,1520.449951171875,1515.033203125,0.0
2025-03-18,M&M.NS,2025-03-18,,,,,,
2025-03-18,AUROPHARMA.NS,2025-03-18,1111.699951171875,1111.699951171875,1111.699951171875,1111.699951171875,1107.54248046875,0.0
2025-03-18,PVRINOX.NS,2025-03-18,920.0,965.5,910.75,961.7000122070312,961.7000122070312,1156264.0
2025-03-18,MUTHOOTFIN.NS,2025-03-18,2290.199951171875,2290.199951171875,2290.199951171875,2290.199951171875,2262.510986328125,0.0
2025-03-18,MPHASIS.NS,2025-03-18,2200.199951171875,2200.199951171875,2200.199951171875,2200.199951171875,2157.097412109375,0.0
2025-03-18,NESTLEIND.NS,2025-03-18,1087.175048828125,1087.175048828125,1087.175048828125,1087.175048828125,1082.6231689453125,0.0
2025-03-18,INDUSTOWER.NS,2025-03-18,330.6000061035156,330.6000061035156,330.6000061035156,330.6000061035156,330.6000061035156,0.0
2025-03-18,SBICARD.NS,2025-03-18,843.0,843.0,843.0,843.0,843.0,0.0
2025-03-18,CESC.NS,2025-03-18,139.97999572753906,139.97999572753906,139.97999572753906,139.97999572753906,135.43150329589844,0.0
2025-03-18,TITAN.NS,2025-03-18,3017.35009765625,3017.35009765625,3017.35009765625,3017.35009765625,3008.296630859375,0.0
2025-03-18,CUMMINSIND.NS,2025-03-18,2862.10009765625,2862.10009765625,2862.10009765625,2862.10009765625,2835.353759765625,0.0
2025-03-18,BAJFINANCE.NS,2025-03-18,858.0349731445312,858.0349731445312,858.0349731445312,858.0349731445312,852.7728881835938,0.0
2025-03-18,MRF.NS,2025-03-18,105410.796875,105410.796875,105410.796875,105410.796875,105248.3671875,0.0
2025-03-18,ONGC.NS,2025-03-18,229.7400054931641,229.7400054931641,229.7400054931641,229.7400054931641,223.0724334716797,0.0
2025-03-18,GOLDBEES.NS,2025-03-18,73.52999877929688,73.52999877929688,73.52999877929688,73.52999877929688,73.52999877929688,0.0
2025-03-18,BHARATFORG.NS,2025-03-18,,,,,,
2025-03-18,CONCOR.NS,2025-03-18,514.8400268554688,514.8400268554688,514.8400268554688,514.8400268554688,509.47015380859375,0.0
2025-03-18,OIL.NS,2025-03-18,,,,,,
2025-03-18,DIXON.NS,2025-03-18,13098.2001953125,13098.2001953125,13098.2001953125,13098.2001953125,13092.3740234375,0.0
2025-03-18,DRREDDY.NS,2025-03-18,1150.699951171875,1150.699951171875,1150.699951171875,1150.699951171875,1143.447998046875,0.0
2025-03-18,APOLLOTYRE.NS,2025-03-18,402.2999877929688,402.2999877929688,402.2999877929688,402.2999877929688,398.0405883789063,0.0
2025-03-18,BHARTIARTL.NS,2025-03-18,1639.1500244140625,1639.1500244140625,1639.1500244140625,1639.1500244140625,1625.560546875,0.0
2025-03-18,LALPATHLAB.NS,2025-03-18,2543.199951171875,2543.199951171875,2543.199951171875,2543.199951171875,2527.386962890625,0.0
2025-03-18,SRF.NS,2025-03-18,3011.300048828125,3011.300048828125,3011.300048828125,3011.300048828125,3007.359375,0.0
2025-03-18,TATACOMM.NS,2025-03-18,1502.5999755859375,1502.5999755859375,1502.5999755859375,1502.5999755859375,1480.4990234375,0.0
2025-03-18,CIPLA.NS,2025-03-18,1492.5999755859375,1492.5999755859375,1492.5999755859375,1492.5999755859375,1476.823974609375,0.0
2025-03-18,BHEL.NS,2025-03-18,195.42999267578125,195.42999267578125,195.42999267578125,195.42999267578125,195.02020263671875,0.0
2025-03-18,BSOFT.NS,2025-03-18,388.8999938964844,388.8999938964844,388.8999938964844,388.8999938964844,382.8680725097656,0.0
2025-03-18,ZENSARTECH.NS,2025-03-18,642.4000244140625,642.4000244140625,642.4000244140625,642.4000244140625,634.05224609375,0.0
2025-03-18,TATAELXSI.NS,2025-03-18,5174.4501953125,5174.4501953125,5174.4501953125,5174.4501953125,5116.5703125,0.0
2025-03-18,GRSE.NS,2025-03-18,1340.5,1379.800048828125,1339.3499755859375,1367.800048828125,1362.02978515625,1079993.0
2025-03-18,MAZDOCK.NS,2025-03-18,2322.050048828125,2322.050048828125,2322.050048828125,2322.050048828125,2312.267822265625,0.0
2025-03-18,TRIDENT.NS,2025-03-18,24.020000457763672,24.020000457763672,24.020000457763672,24.020000457763672,23.65748786926269,0.0
2025-03-18,MANAPPURAM.NS,2025-03-18,,,,,,
2025-03-18,IRCON.NS,2025-03-18,138.1699981689453,138.1699981689453,138.1699981689453,138.1699981689453,137.37017822265625,0.0
2025-03-18,RVNL.NS,2025-03-18,328.45001220703125,328.45001220703125,328.45001220703125,328.45001220703125,326.74224853515625,0.0
2025-03-18,NIFTYBEES.NS,2025-03-18,252.17999267578125,252.17999267578125,252.17999267578125,252.17999267578125,252.17999267578125,0.0
2025-03-19,TVSMOTOR.NS,2025-03-19,,,,,,
2025-03-19,HEROMOTOCO.NS,2025-03-19,3585.0,3588.85009765625,3514.14990234375,3537.0,3484.314208984375,674188.0
2025-03-19,LAURUSLABS.NS,2025-03-19,591.0,609.0,580.6500244140625,606.0999755859375,604.7745971679688,1992098.0
2025-03-19,SIEMENS.NS,2025-03-19,3010.13330078125,3083.068115234375,2989.55908203125,3066.77880859375,3066.77880859375,855208.0
2025-03-19,HAPPSTMNDS.NS,2025-03-19,645.0499877929688,648.9500122070312,640.4000244140625,641.4000244140625,634.4413452148438,382512.0
2025-03-19,BIOCON.NS,2025-03-19,338.70001220703125,343.20001220703125,334.04998779296875,341.8999938964844,341.4434814453125,1681648.0
2025-03-19,IDFCFIRSTB.NS,2025-03-19,54.70000076293945,55.84999847412109,54.31999969482422,55.41999816894531,55.23919677734375,24804248.0
2025-03-19,ICICIBANK.NS,2025-03-19,1305.5999755859375,1318.300048828125,1302.1500244140625,1313.0999755859375,1303.0455322265625,11278014.0
2025-03-19,CAMS.NS,2025-03-19,3639.949951171875,3830.0,3619.10009765625,3815.949951171875,3773.264892578125,1005899.0
2025-03-19,BPCL.NS,2025-03-19,263.510009765625,266.489990234375,263.010009765625,265.260009765625,255.99835205078125,4955027.0
2025-03-19,JSWSTEEL.NS,2025-03-19,1036.0,1047.0,1024.0,1033.3499755859375,1030.5748291015625,2652155.0
2025-03-19,BDL.NS,2025-03-19,,,,,,
2025-03-19,ITC.NS,2025-03-19,410.0,410.75,402.6000061035156,403.0499877929688,395.7581176757813,12830387.0
2025-03-19,CDSL.NS,2025-03-19,1131.0,1179.949951171875,1129.050048828125,1173.25,1163.7613525390625,7699060.0
2025-03-19,BRITANNIA.NS,2025-03-19,4797.0,4797.0,4673.2998046875,4707.10009765625,4646.21142578125,469240.0
2025-03-19,WIPRO.NS,2025-03-19,262.0,266.5,256.25,265.70001220703125,260.5746154785156,14044300.0
2025-03-19,TATACHEM.NS,2025-03-19,822.4500122070312,835.0499877929688,819.2999877929688,833.0999755859375,823.5574951171875,550187.0
2025-03-19,ASIANPAINT.NS,2025-03-19,2274.0,2287.949951171875,2267.85009765625,2280.699951171875,2256.32861328125,663292.0
2025-03-19,EICHERMOT.NS,2025-03-19,5131.0,5139.60009765625,5054.60009765625,5100.89990234375,5035.60546875,417978.0
2025-03-19,COFORGE.NS,2025-03-19,1514.0,1519.530029296875,1472.8800048828125,1510.0899658203125,1499.6202392578125,1967245.0
2025-03-19,IIFL.NS,2025-03-19,325.95001220703125,334.29998779296875,325.20001220703125,330.54998779296875,330.54998779296875,2508701.0
2025-03-19,TCS.NS,2025-03-19,3547.0,3547.0,3462.75,3497.10009765625,3441.73046875,3051244.0
2025-03-19,HAVELLS.NS,2025-03-19,1519.9000244140625,1567.050048828125,1513.550048828125,1557.949951171875,1551.9822998046875,1120632.0
2025-03-19,COALINDIA.NS,2025-03-19,390.0499877929688,398.0499877929688,388.7999877929688,395.8500061035156,374.7371215820313,5827114.0
2025-03-19,SHREECEM.NS,2025-03-19,27850.0,28691.099609375,27755.0,28527.849609375,28391.798828125,35602.0
2025-03-19,SBIN.NS,2025-03-19,739.5999755859375,749.2999877929688,739.0999755859375,745.0999755859375,730.4331665039062,7604850.0
2025-03-19,AXISBANK.NS,2025-03-19,1047.800048828125,1058.550048828125,1043.5,1052.050048828125,1051.1517333984375,4822365.0
2025-03-19,IEX.NS,2025-03-19,163.3300018310547,169.0,162.3300018310547,167.9600067138672,166.68423461914062,4509322.0
2025-03-19,SUZLON.NS,2025-03-19,55.38999938964844,58.0,55.34000015258789,57.7599983215332,57.7599983215332,79465967.0
2025-03-19,AARTIIND.NS,2025-03-19,391.5,402.5,389.2999877929688,399.3500061035156,398.2882080078125,1344897.0
2025-03-19,PERSISTENT.NS,2025-03-19,5302.0,5328.0498046875,5152.0498046875,5280.60009765625,5266.4013671875,672425.0
2025-03-19,BATAINDIA.NS,2025-03-19,1240.0,1275.0,1227.5,1269.1500244140625,1259.5618896484375,127773.0
2025-03-19,PIIND.NS,2025-03-19,3440.449951171875,3440.449951171875,3380.0,3404.949951171875,3396.614501953125,227139.0
2025-03-19,GODREJPROP.NS,2025-03-19,2040.0,2115.199951171875,2024.4000244140625,2104.60009765625,2104.60009765625,1172856.0
2025-03-19,HINDALCO.NS,2025-03-19,703.0,703.0,690.5,698.5499877929688,693.4644775390625,5462686.0
2025-03-19,MARUTI.NS,2025-03-19,11700.0,11714.4501953125,11547.0,11615.5498046875,11491.1767578125,476555.0
2025-03-19,MCX.NS,2025-03-19,5120.0,5225.89990234375,5090.7001953125,5207.85009765625,5188.03564453125,541820.0
2025-03-19,SAIL.NS,2025-03-19,113.5,114.4000015258789,110.61000061035156,113.2300033569336,111.82842254638672,47657793.0
2025-03-19,RELIANCE.NS,2025-03-19,1241.050048828125,1253.25,1238.800048828125,1247.1500244140625,1242.1888427734375,16162399.0
2025-03-19,PAGEIND.NS,2025-03-19,40600.0,41449.25,40600.0,41252.44921875,40808.11328125,27398.0
2025-03-19,HDFCAMC.NS,2025-03-19,1900.0,1992.550048828125,1900.0,1987.875,1951.2568359375,813080.0
2025-03-19,ADANIENT.NS,2025-03-19,,,,,,
2025-03-19,ANGELONE.NS,2025-03-19,2108.39990234375,2231.0,2095.550048828125,2215.35009765625,2185.259765625,1615739.0
2025-03-19,VOLTAS.NS,2025-03-19,1477.0,1531.0,1477.0,1495.199951171875,1486.89990234375,2604431.0
2025-03-19,MARICO.NS,2025-03-19,618.4500122070312,622.75,615.25,619.0999755859375,612.9944458007812,1640160.0
2025-03-19,TATASTEEL.NS,2025-03-19,156.8000030517578,159.1999969482422,156.5,158.60000610351562,154.98565673828125,66161413.0
2025-03-19,PIDILITIND.NS,2025-03-19,1375.0,1379.5,1363.375,1365.925048828125,1356.614990234375,484702.0
2025-03-19,RITES.NS,2025-03-19,213.0,232.8500061035156,212.1999969482422,228.6499938964844,223.4345703125,6324349.0
2025-03-19,HCLTECH.NS,2025-03-19,1558.5,1561.3499755859375,1525.0999755859375,1544.449951171875,1502.9677734375,4522829.0
2025-03-19,RAYMOND.NS,2025-03-19,1403.0,1428.300048828125,1382.5,1416.4000244140625,1416.4000244140625,838555.0
2025-03-19,POLYCAB.NS,2025-03-19,,,,,,
2025-03-19,SUNPHARMA.NS,2025-03-19,1747.800048828125,1748.0,1726.300048828125,1732.3499755859375,1726.666015625,2167448.0
2025-03-19,MAXHEALTH.NS,2025-03-19,1025.1500244140625,1091.449951171875,1025.0,1087.449951171875,1086.196533203125,2753959.0
2025-03-19,BEML.NS,2025-03-19,1286.625,1381.0,1285.0,1371.1500244140625,1364.7066650390625,1714638.0
2025-03-19,HINDUNILVR.NS,2025-03-19,2207.0,2212.85009765625,2193.449951171875,2200.050048828125,2160.173583984375,1341405.0
2025-03-19,DATAPATTNS.NS,2025-03-19,1669.550048828125,1785.949951171875,1653.5999755859375,1714.050048828125,1708.9227294921875,5348683.0
2025-03-19,LUPIN.NS,2025-03-19,2041.9000244140625,2067.85009765625,2024.25,2060.949951171875,2048.2109375,337699.0
2025-03-19,POONAWALLA.NS,2025-03-19,,,,,,
2025-03-19,ASHOKLEY.NS,2025-03-19,102.34500122070312,103.98999786376952,102.0,102.84500122070312,100.37735748291016,15342412.0
2025-03-19,PRESTIGE.NS,2025-03-19,1135.0,1209.0,1133.0,1200.75,1199.3695068359375,1269783.0
2025-03-19,TECHM.NS,2025-03-19,1430.6500244140625,1431.800048828125,1394.4000244140625,1396.1500244140625,1356.890625,5557840.0
2025-03-19,INFY.NS,2025-03-19,1603.0,1603.0,1572.800048828125,1586.550048828125,1540.94677734375,7387068.0
2025-03-19,MON100.NS,2025-03-19,179.99000549316406,182.88999938964844,175.2899932861328,182.07000732421875,182.07000732421875,586520.0
2025-03-19,NAVINFLUOR.NS,2025-03-19,4145.0,4145.5,4015.0,4072.39990234375,4062.2060546875,113928.0
2025-03-19,RAILTEL.NS,2025-03-19,283.20001220703125,303.5,283.20001220703125,296.29998779296875,293.7959899902344,3365639.0
2025-03-19,INDIGO.NS,2025-03-19,4811.0,5052.75,4790.0,4980.5498046875,4972.1474609375,2103310.0
2025-03-19,HDFCBANK.NS,2025-03-19,867.5,875.5,866.0999755859375,872.0499877929688,860.4197387695312,15221406.0
2025-03-19,KOTAKBANK.NS,2025-03-19,,,,,,
2025-03-19,OBEROIRLTY.NS,2025-03-19,1555.0,1622.25,1555.0,1614.25,1608.4989013671875,864900.0
2025-03-19,M&M.NS,2025-03-19,,,,,,
2025-03-19,AUROPHARMA.NS,2025-03-19,1143.0,1166.449951171875,1133.0,1163.800048828125,1159.44775390625,665692.0
2025-03-19,PVRINOX.NS,2025-03-19,966.0,983.5499877929688,950.0,977.75,977.75,505248.0
2025-03-19,MUTHOOTFIN.NS,2025-03-19,2335.0,2424.0,2312.5,2416.449951171875,2387.234619140625,1242059.0
2025-03-19,MPHASIS.NS,2025-03-19,2300.0,2305.0,2236.5,2285.85009765625,2241.069580078125,550648.0
2025-03-19,NESTLEIND.NS,2025-03-19,1103.25,1106.699951171875,1090.074951171875,1092.0,1087.4278564453125,845086.0
2025-03-19,INDUSTOWER.NS,2025-03-19,337.25,342.8500061035156,336.04998779296875,339.29998779296875,339.29998779296875,7037625.0
2025-03-19,SBICARD.NS,2025-03-19,849.0,853.1500244140625,839.7000122070312,846.5,846.5,1070986.0
2025-03-19,CESC.NS,2025-03-19,142.0,149.6999969482422,141.5500030517578,147.6199951171875,142.8232421875,6939863.0
2025-03-19,TITAN.NS,2025-03-19,3088.050048828125,3095.0,3058.199951171875,3076.300048828125,3067.06982421875,730983.0
2025-03-19,CUMMINSIND.NS,2025-03-19,2939.050048828125,3014.10009765625,2930.300048828125,3002.199951171875,2974.144287109375,256853.0
2025-03-19,BAJFINANCE.NS,2025-03-19,870.0,887.9000244140625,868.260009765625,873.1599731445312,867.80517578125,12898200.0
2025-03-19,MRF.NS,2025-03-19,107999.703125,110099.0,107999.703125,109922.796875,109753.4140625,6057.0
2025-03-19,ONGC.NS,2025-03-19,232.5,235.13999938964844,231.6000061035156,232.57000732421875,225.8203125,8626593.0
2025-03-19,GOLDBEES.NS,2025-03-19,74.77999877929688,74.77999877929688,74.0999984741211,74.25,74.25,17347591.0
2025-03-19,BHARATFORG.NS,2025-03-19,,,,,,
2025-03-19,CONCOR.NS,2025-03-19,536.719970703125,549.5599975585938,529.8400268554688,547.3599853515625,541.6508178710938,1593845.0
2025-03-19,OIL.NS,2025-03-19,,,,,,
2025-03-19,DIXON.NS,2025-03-19,13524.0,13989.650390625,13420.0,13875.599609375,13869.427734375,249370.0
2025-03-19,DRREDDY.NS,2025-03-19,1174.0,1177.699951171875,1158.0999755859375,1172.0999755859375,1164.713134765625,1507415.0
2025-03-19,APOLLOTYRE.NS,2025-03-19,412.1000061035156,428.6499938964844,410.0,425.0499877929688,420.5497131347656,1571421.0
2025-03-19,BHARTIARTL.NS,2025-03-19,1635.0,1642.050048828125,1627.5,1637.1500244140625,1623.5770263671875,6283464.0
2025-03-19,LALPATHLAB.NS,2025-03-19,2521.050048828125,2579.949951171875,2521.050048828125,2559.800048828125,2543.8837890625,137442.0
2025-03-19,SRF.NS,2025-03-19,3005.0,3032.5,2981.39990234375,3005.35009765625,3001.417236328125,650397.0
2025-03-19,TATACOMM.NS,2025-03-19,1515.0,1577.75,1515.0,1561.0999755859375,1538.1385498046875,1269986.0
2025-03-19,CIPLA.NS,2025-03-19,1515.0,1515.0,1496.5,1499.1500244140625,1483.3048095703125,1015731.0
2025-03-19,BHEL.NS,2025-03-19,206.0,207.75,204.1100006103516,205.69000244140625,205.2586975097656,8763675.0
2025-03-19,BSOFT.NS,2025-03-19,398.6000061035156,401.0,390.3500061035156,395.1000061035156,388.971923828125,1726845.0
2025-03-19,ZENSARTECH.NS,2025-03-19,667.25,680.2999877929688,655.0,671.0,662.2805786132812,1029053.0
2025-03-19,TATAELXSI.NS,2025-03-19,5269.0,5390.89990234375,5225.0,5366.2998046875,5306.27392578125,183836.0
2025-03-19,GRSE.NS,2025-03-19,1372.0,1641.3499755859375,1372.0,1641.3499755859375,1634.42578125,7963944.0
2025-03-19,MAZDOCK.NS,2025-03-19,2385.0,2648.0,2375.0,2625.25,2614.190673828125,12696711.0
2025-03-19,TRIDENT.NS,2025-03-19,24.61000061035156,26.190000534057617,24.600000381469727,25.920000076293945,25.5288143157959,18177488.0
2025-03-19,MANAPPURAM.NS,2025-03-19,,,,,,
2025-03-19,IRCON.NS,2025-03-19,146.2100067138672,157.89999389648438,146.19000244140625,155.4199981689453,154.52032470703125,16838823.0
2025-03-19,RVNL.NS,2025-03-19,334.6000061035156,361.9500122070313,334.0,353.6499938964844,351.8111877441406,22821539.0
2025-03-19,NIFTYBEES.NS,2025-03-19,256.79998779296875,256.94000244140625,255.47999572753903,256.70001220703125,256.70001220703125,3869286.0
2025-03-20,TVSMOTOR.NS,2025-03-20,,,,,,
2025-03-20,HEROMOTOCO.NS,2025-03-20,3579.0,3634.0,3561.25,3597.14990234375,3543.568115234375,771668.0
2025-03-20,LAURUSLABS.NS,2025-03-20,609.0,609.0999755859375,597.4000244140625,604.4500122070312,603.128173828125,1200782.0
2025-03-20,SIEMENS.NS,2025-03-20,3087.6171875,3092.782958984375,3000.154296875,3048.93408203125,3048.93408203125,548075.0
2025-03-20,HAPPSTMNDS.NS,2025-03-20,647.0,659.0,642.75,644.6500244140625,637.6561279296875,504710.0
2025-03-20,BIOCON.NS,2025-03-20,344.6000061035156,344.6000061035156,338.3500061035156,341.1000061035156,340.6445617675781,1006613.0
2025-03-20,IDFCFIRSTB.NS,2025-03-20,55.68000030517578,56.20000076293945,55.54999923706055,55.709999084472656,55.52825164794922,24696227.0
2025-03-20,ICICIBANK.NS,2025-03-20,1320.0,1324.25,1311.050048828125,1321.699951171875,1311.5797119140625,10886735.0
2025-03-20,CAMS.NS,2025-03-20,3848.0,3857.0,3680.800048828125,3706.199951171875,3664.74267578125,726958.0
2025-03-20,BPCL.NS,2025-03-20,266.6000061035156,272.92999267578125,264.75,272.1300048828125,262.62847900390625,10789615.0
2025-03-20,JSWSTEEL.NS,2025-03-20,1038.0,1052.800048828125,1027.199951171875,1050.25,1047.429443359375,2301795.0
2025-03-20,BDL.NS,2025-03-20,,,,,,
2025-03-20,ITC.NS,2025-03-20,405.0,406.6499938964844,401.8999938964844,403.9500122070313,396.641845703125,16994037.0
2025-03-20,CDSL.NS,2025-03-20,1196.0,1202.6500244140625,1152.0,1170.300048828125,1160.8353271484375,5818751.0
2025-03-20,BRITANNIA.NS,2025-03-20,4741.89990234375,4840.0,4715.0,4831.10009765625,4768.607421875,265168.0
2025-03-20,WIPRO.NS,2025-03-20,269.20001220703125,273.95001220703125,267.5,268.0,262.8302307128906,17038774.0
2025-03-20,TATACHEM.NS,2025-03-20,840.0,843.8499755859375,831.0,837.4500122070312,827.8577270507812,561486.0
2025-03-20,ASIANPAINT.NS,2025-03-20,2290.0,2307.0,2268.75,2287.199951171875,2262.75927734375,1166849.0
2025-03-20,EICHERMOT.NS,2025-03-20,5129.0,5258.9501953125,5113.2998046875,5229.35009765625,5162.41162109375,491655.0
2025-03-20,COFORGE.NS,2025-03-20,1530.0,1556.0,1510.4000244140625,1515.6600341796875,1505.151611328125,1799675.0
2025-03-20,IIFL.NS,2025-03-20,330.70001220703125,334.8999938964844,323.79998779296875,326.75,326.75,1574862.0
2025-03-20,TCS.NS,2025-03-20,3512.0,3578.949951171875,3512.0,3563.14990234375,3506.734375,2845192.0
2025-03-20,HAVELLS.NS,2025-03-20,1520.0,1520.0,1471.050048828125,1501.3499755859375,1495.59912109375,3969488.0
2025-03-20,COALINDIA.NS,2025-03-20,397.7000122070313,398.1000061035156,392.0499877929688,396.3999938964844,375.2577819824219,7025398.0
2025-03-20,SHREECEM.NS,2025-03-20,28744.0,28799.900390625,28177.650390625,28628.849609375,28492.318359375,25300.0
2025-03-20,SBIN.NS,2025-03-20,748.0,752.7000122070312,744.2000122070312,749.5499877929688,734.7955932617188,6963197.0
2025-03-20,AXISBANK.NS,2025-03-20,1056.25,1058.9000244140625,1046.9000244140625,1054.3499755859375,1053.44970703125,3742644.0
2025-03-20,IEX.NS,2025-03-20,168.0,169.10000610351562,165.6999969482422,167.5800018310547,166.30711364746094,3327739.0
2025-03-20,SUZLON.NS,2025-03-20,58.900001525878906,59.400001525878906,56.68000030517578,58.38999938964844,58.38999938964844,51729766.0
2025-03-20,AARTIIND.NS,2025-03-20,405.0,405.0,396.2000122070313,399.25,398.1884460449219,1067701.0
2025-03-20,PERSISTENT.NS,2025-03-20,5340.0,5385.0,5184.60009765625,5194.0498046875,5180.08349609375,621056.0
2025-03-20,BATAINDIA.NS,2025-03-20,1271.1500244140625,1294.0,1261.3499755859375,1269.300048828125,1259.7108154296875,98728.0
2025-03-20,PIIND.NS,2025-03-20,3400.10009765625,3443.800048828125,3389.25,3422.550048828125,3414.171630859375,178326.0
2025-03-20,GODREJPROP.NS,2025-03-20,2130.0,2140.449951171875,2087.14990234375,2108.85009765625,2108.85009765625,1153116.0
2025-03-20,HINDALCO.NS,2025-03-20,702.5,709.8499755859375,697.5999755859375,705.9500122070312,700.8106079101562,4670064.0
2025-03-20,MARUTI.NS,2025-03-20,11699.900390625,11765.0,11588.0,11730.2001953125,11604.5986328125,379421.0
2025-03-20,MCX.NS,2025-03-20,5249.64990234375,5448.2001953125,5160.10009765625,5384.10009765625,5363.615234375,736624.0
2025-03-20,SAIL.NS,2025-03-20,114.0500030517578,114.9499969482422,111.62999725341795,113.95999908447266,112.54938507080078,23249893.0
2025-03-20,RELIANCE.NS,2025-03-20,1251.8499755859375,1273.0,1250.050048828125,1269.1500244140625,1264.101318359375,15971477.0
2025-03-20,PAGEIND.NS,2025-03-20,41500.0,42250.0,41127.0,41936.44921875,41484.74609375,13228.0
2025-03-20,HDFCAMC.NS,2025-03-20,1997.800048828125,2021.625,1972.574951171875,1983.9000244140625,1947.3551025390625,836320.0
2025-03-20,ADANIENT.NS,2025-03-20,,,,,,
2025-03-20,ANGELONE.NS,2025-03-20,2219.949951171875,2280.0,2178.35009765625,2262.800048828125,2243.203369140625,1906315.0
2025-03-20,VOLTAS.NS,2025-03-20,1510.1500244140625,1510.1500244140625,1465.550048828125,1469.9000244140625,1461.7403564453125,1799802.0
2025-03-20,MARICO.NS,2025-03-20,623.5999755859375,633.8499755859375,615.5,632.3499755859375,626.11376953125,1000000.0
2025-03-20,TATASTEEL.NS,2025-03-20,160.0,160.10000610351562,156.64999389648438,159.0399932861328,155.41561889648438,39889517.0
2025-03-20,PIDILITIND.NS,2025-03-20,1372.0,1386.925048828125,1362.9749755859375,1379.550048828125,1370.147216796875,629482.0
2025-03-20,RITES.NS,2025-03-20,231.0,233.42999267578125,225.0500030517578,226.5500030517578,221.38247680664065,1708796.0
2025-03-20,HCLTECH.NS,2025-03-20,1547.8499755859375,1582.0999755859375,1547.050048828125,1562.0,1520.04638671875,4608677.0
2025-03-20,RAYMOND.NS,2025-03-20,1418.0,1479.1500244140625,1400.0999755859375,1409.300048828125,1409.300048828125,707693.0
2025-03-20,POLYCAB.NS,2025-03-20,,,,,,
2025-03-20,SUNPHARMA.NS,2025-03-20,1735.6500244140625,1757.1500244140625,1722.9000244140625,1750.25,1744.50732421875,1602232.0
2025-03-20,MAXHEALTH.NS,2025-03-20,1098.3499755859375,1138.8499755859375,1082.050048828125,1135.8499755859375,1134.540771484375,4225204.0
2025-03-20,BEML.NS,2025-03-20,1380.0250244140625,1415.0,1349.5,1371.925048828125,1365.4779052734375,974694.0
2025-03-20,HINDUNILVR.NS,2025-03-20,2203.89990234375,2248.89990234375,2188.449951171875,2242.39990234375,2201.755859375,1426689.0
2025-03-20,DATAPATTNS.NS,2025-03-20,1744.0,1764.0,1681.5,1688.949951171875,1683.897705078125,1487691.0
2025-03-20,LUPIN.NS,2025-03-20,2075.0,2100.0,2047.5999755859373,2085.699951171875,2072.80810546875,508883.0
2025-03-20,POONAWALLA.NS,2025-03-20,,,,,,
2025-03-20,ASHOKLEY.NS,2025-03-20,103.52999877929688,104.75,102.84500122070312,103.73999786376952,101.25088500976562,9247912.0
2025-03-20,PRESTIGE.NS,2025-03-20,1210.449951171875,1234.75,1197.75,1208.25,1206.86083984375,710546.0
2025-03-20,TECHM.NS,2025-03-20,1403.1500244140625,1421.0,1400.050048828125,1410.550048828125,1370.8857421875,2863413.0
2025-03-20,INFY.NS,2025-03-20,1592.0,1631.9000244140625,1592.0,1615.550048828125,1569.11328125,7186750.0
2025-03-20,MON100.NS,2025-03-20,182.22000122070312,188.5,181.38999938964844,187.2100067138672,187.2100067138672,754043.0
2025-03-20,NAVINFLUOR.NS,2025-03-20,4072.5,4187.5,4044.050048828125,4168.4501953125,4158.01611328125,117476.0
2025-03-20,RAILTEL.NS,2025-03-20,298.1000061035156,305.75,293.1000061035156,297.5,294.98583984375,2479811.0
2025-03-20,INDIGO.NS,2025-03-20,5040.0,5190.35009765625,5005.4501953125,5086.75,5078.16845703125,1825431.0
2025-03-20,HDFCBANK.NS,2025-03-20,877.0,887.0,874.6500244140625,884.375,872.5803833007812,17833978.0
2025-03-20,KOTAKBANK.NS,2025-03-20,,,,,,
2025-03-20,OBEROIRLTY.NS,2025-03-20,1634.5999755859375,1648.3499755859375,1599.75,1642.6500244140625,1636.7978515625,484328.0
2025-03-20,M&M.NS,2025-03-20,,,,,,
2025-03-20,AUROPHARMA.NS,2025-03-20,1170.0,1179.949951171875,1157.75,1174.1500244140625,1169.759033203125,377212.0
2025-03-20,PVRINOX.NS,2025-03-20,990.0,998.75,953.5999755859376,960.2000122070312,960.2000122070312,366285.0
2025-03-20,MUTHOOTFIN.NS,2025-03-20,2425.35009765625,2435.39990234375,2368.0,2374.75,2346.038818359375,1048487.0
2025-03-20,MPHASIS.NS,2025-03-20,2300.25,2369.60009765625,2294.5,2305.85009765625,2260.677734375,637186.0
2025-03-20,NESTLEIND.NS,2025-03-20,1102.0,1114.375,1090.574951171875,1110.7750244140625,1106.124267578125,953748.0
2025-03-20,INDUSTOWER.NS,2025-03-20,341.0,342.1000061035156,334.1000061035156,340.6000061035156,340.6000061035156,3429892.0
2025-03-20,SBICARD.NS,2025-03-20,849.0,859.8499755859375,838.9500122070312,856.8499755859375,856.8499755859375,923504.0
2025-03-20,CESC.NS,2025-03-20,149.99000549316406,150.4600067138672,144.0500030517578,146.82000732421875,142.04925537109375,4899220.0
2025-03-20,TITAN.NS,2025-03-20,3100.0,3205.0,3080.0,3193.10009765625,3183.519287109375,1542807.0
2025-03-20,CUMMINSIND.NS,2025-03-20,3025.199951171875,3028.949951171875,2948.0,2990.60009765625,2962.653076171875,249139.0
2025-03-20,BAJFINANCE.NS,2025-03-20,872.5,876.8049926757812,854.114990234375,867.9650268554688,862.64208984375,7924330.0
2025-03-20,MRF.NS,2025-03-20,110500.0,111450.0,110161.1484375,111107.8984375,110936.6875,5687.0
2025-03-20,ONGC.NS,2025-03-20,233.47999572753903,237.0399932861328,232.00999450683597,235.58999633789065,228.75265502929688,18955995.0
2025-03-20,GOLDBEES.NS,2025-03-20,73.58999633789062,75.18000030517578,72.0,74.48999786376953,74.48999786376953,8435104.0
2025-03-20,BHARATFORG.NS,2025-03-20,,,,,,
2025-03-20,CONCOR.NS,2025-03-20,550.4400024414062,551.52001953125,538.239990234375,540.719970703125,535.0801391601562,1257167.0
2025-03-20,OIL.NS,2025-03-20,,,,,,
2025-03-20,DIXON.NS,2025-03-20,13875.599609375,14085.0,13754.2998046875,13905.7001953125,13899.5146484375,211223.0
2025-03-20,DRREDDY.NS,2025-03-20,1178.949951171875,1190.75,1165.300048828125,1187.199951171875,1179.718017578125,1521677.0
2025-03-20,APOLLOTYRE.NS,2025-03-20,425.0499877929688,428.5499877929688,420.5499877929688,427.0,422.4790954589844,1396944.0
2025-03-20,BHARTIARTL.NS,2025-03-20,1660.0,1709.6500244140625,1646.0999755859375,1705.25,1691.1124267578125,12074465.0
2025-03-20,LALPATHLAB.NS,2025-03-20,2591.0,2591.0,2511.050048828125,2518.25,2502.592041015625,57838.0
2025-03-20,SRF.NS,2025-03-20,3006.800048828125,3038.0,2987.85009765625,2993.10009765625,2989.183349609375,682335.0
2025-03-20,TATACOMM.NS,2025-03-20,1576.0999755859375,1615.0,1567.0,1605.199951171875,1581.5899658203125,748197.0
2025-03-20,CIPLA.NS,2025-03-20,1499.6500244140625,1517.5999755859375,1495.449951171875,1512.050048828125,1496.0684814453125,984355.0
2025-03-20,BHEL.NS,2025-03-20,206.94000244140625,207.9499969482422,202.47999572753903,206.5399932861328,206.10690307617188,7090259.0
2025-03-20,BSOFT.NS,2025-03-20,399.9500122070313,412.0499877929688,397.4500122070313,409.0,402.65631103515625,3324944.0
2025-03-20,ZENSARTECH.NS,2025-03-20,673.5499877929688,700.2999877929688,669.0999755859375,676.2999877929688,667.5116577148438,1480424.0
2025-03-20,TATAELXSI.NS,2025-03-20,5400.0,5498.9501953125,5359.60009765625,5377.35009765625,5317.20068359375,139775.0
2025-03-20,GRSE.NS,2025-03-20,1710.0,1782.9000244140625,1648.0,1724.050048828125,1716.77685546875,11603199.0
2025-03-20,MAZDOCK.NS,2025-03-20,2670.35009765625,2762.89990234375,2551.800048828125,2633.10009765625,2622.007568359375,8617711.0
2025-03-20,TRIDENT.NS,2025-03-20,26.549999237060547,26.549999237060547,25.350000381469727,25.459999084472656,25.07575416564941,9507653.0
2025-03-20,MANAPPURAM.NS,2025-03-20,,,,,,
2025-03-20,IRCON.NS,2025-03-20,156.77000427246094,162.8000030517578,156.4499969482422,159.61000061035156,158.68606567382812,11350103.0
2025-03-20,RVNL.NS,2025-03-20,357.5,366.75,351.5,357.8999938964844,356.0390930175781,13396119.0
2025-03-20,NIFTYBEES.NS,2025-03-20,258.989990234375,259.6000061035156,256.70001220703125,259.32000732421875,259.32000732421875,8219907.0
2025-03-21,TVSMOTOR.NS,2025-03-21,,,,,,
2025-03-21,HEROMOTOCO.NS,2025-03-21,3629.0,3711.89990234375,3611.75,3629.0,3574.94384765625,1195882.0
2025-03-21,LAURUSLABS.NS,2025-03-21,603.5999755859375,616.75,602.7000122070312,611.2000122070312,609.8634643554688,1704714.0
2025-03-21,SIEMENS.NS,2025-03-21,3052.925537109375,3116.96728515625,3037.66357421875,3052.77880859375,3052.77880859375,1256241.0
2025-03-21,HAPPSTMNDS.NS,2025-03-21,647.7999877929688,662.4000244140625,645.6500244140625,656.2999877929688,649.1796264648438,596027.0
2025-03-21,BIOCON.NS,2025-03-21,341.1000061035156,346.3999938964844,340.20001220703125,344.1000061035156,343.6405334472656,1452797.0
2025-03-21,IDFCFIRSTB.NS,2025-03-21,55.75,56.650001525878906,55.709999084472656,56.290000915527344,56.10636138916016,29785349.0
2025-03-21,ICICIBANK.NS,2025-03-21,1316.0,1349.0,1311.5999755859375,1343.0999755859375,1332.81591796875,60494318.0
2025-03-21,CAMS.NS,2025-03-21,3719.0,3849.0,3691.60009765625,3815.699951171875,3773.017822265625,791326.0
2025-03-21,BPCL.NS,2025-03-21,272.20001220703125,285.8500061035156,271.0599975585937,279.6600036621094,269.89556884765625,26173451.0
2025-03-21,JSWSTEEL.NS,2025-03-21,1052.0,1062.550048828125,1047.699951171875,1058.699951171875,1055.856689453125,2630144.0
2025-03-21,BDL.NS,2025-03-21,,,,,,
2025-03-21,ITC.NS,2025-03-21,405.9500122070313,407.5,401.7000122070313,405.5499877929688,398.212890625,25302035.0
2025-03-21,CDSL.NS,2025-03-21,1177.699951171875,1220.0999755859375,1169.0,1216.300048828125,1206.4632568359375,8270787.0
2025-03-21,BRITANNIA.NS,2025-03-21,4840.0,4853.14990234375,4786.5498046875,4814.0,4751.728515625,304441.0
2025-03-21,WIPRO.NS,2025-03-21,264.0,269.54998779296875,260.20001220703125,264.29998779296875,259.2015991210937,22659168.0
2025-03-21,TATACHEM.NS,2025-03-21,839.7999877929688,854.2000122070312,834.4500122070312,847.25,837.5454711914062,933659.0
2025-03-21,ASIANPAINT.NS,2025-03-21,2291.64990234375,2314.5,2277.85009765625,2300.39990234375,2275.818115234375,1624115.0
2025-03-21,EICHERMOT.NS,2025-03-21,5249.14990234375,5327.9501953125,5230.35009765625,5305.9501953125,5238.03076171875,414691.0
2025-03-21,COFORGE.NS,2025-03-21,1492.31005859375,1562.0,1474.02001953125,1549.3599853515625,1538.617919921875,5739725.0
2025-03-21,IIFL.NS,2025-03-21,327.29998779296875,342.0,326.8500061035156,340.0,340.0,2731680.0
2025-03-21,TCS.NS,2025-03-21,3475.0,3616.25,3465.0,3578.10009765625,3521.44775390625,4161925.0
2025-03-21,HAVELLS.NS,2025-03-21,1501.3499755859375,1510.8499755859375,1476.0,1480.800048828125,1475.1279296875,2203224.0
2025-03-21,COALINDIA.NS,2025-03-21,396.3999938964844,411.1000061035156,395.1000061035156,405.3999938964844,383.7777404785156,16564019.0
2025-03-21,SHREECEM.NS,2025-03-21,28799.0,29320.0,28642.099609375,28987.400390625,28849.158203125,63982.0
2025-03-21,SBIN.NS,2025-03-21,749.9500122070312,755.5999755859375,747.0,753.2000122070312,738.373779296875,9577327.0
2025-03-21,AXISBANK.NS,2025-03-21,1054.3499755859375,1075.550048828125,1050.550048828125,1070.1500244140625,1069.2362060546875,6848565.0
2025-03-21,IEX.NS,2025-03-21,167.85000610351562,172.97000122070312,167.5500030517578,172.6699981689453,171.3584442138672,6138007.0
2025-03-21,SUZLON.NS,2025-03-21,58.380001068115234,58.650001525878906,55.93999862670898,56.5,56.5,104724888.0
2025-03-21,AARTIIND.NS,2025-03-21,400.0499877929688,409.4500122070313,398.3500061035156,407.25,406.1671752929688,1851839.0
2025-03-21,PERSISTENT.NS,2025-03-21,5104.64990234375,5323.0,5028.2001953125,5275.5498046875,5261.3642578125,789021.0
2025-03-21,BATAINDIA.NS,2025-03-21,1271.25,1280.0,1237.0,1243.4000244140625,1234.0064697265625,130336.0
2025-03-21,PIIND.NS,2025-03-21,3444.800048828125,3484.0,3411.550048828125,3456.699951171875,3448.23779296875,284840.0
2025-03-21,GODREJPROP.NS,2025-03-21,2109.25,2178.949951171875,2102.050048828125,2143.949951171875,2143.949951171875,2847321.0
2025-03-21,HINDALCO.NS,2025-03-21,715.0,715.0,694.2000122070312,695.3499755859375,690.2877807617188,7595841.0
2025-03-21,MARUTI.NS,2025-03-21,11780.0,11921.7001953125,11705.7998046875,11732.7998046875,11607.1708984375,560565.0
2025-03-21,MCX.NS,2025-03-21,5383.89990234375,5489.9501953125,5364.10009765625,5464.10009765625,5443.31103515625,370131.0
2025-03-21,SAIL.NS,2025-03-21,114.0,115.88999938964844,113.4499969482422,115.3000030517578,113.872802734375,25675545.0
2025-03-21,RELIANCE.NS,2025-03-21,1275.0,1281.0,1270.0999755859375,1276.3499755859375,1271.2725830078125,21780769.0
2025-03-21,PAGEIND.NS,2025-03-21,41686.6015625,42455.0,41686.6015625,42127.94921875,41674.1875,27509.0
2025-03-21,HDFCAMC.NS,2025-03-21,1977.699951171875,2037.0,1970.0999755859373,1997.2750244140625,1960.4837646484373,1709870.0
2025-03-21,ADANIENT.NS,2025-03-21,,,,,,
2025-03-21,ANGELONE.NS,2025-03-21,2260.0,2344.39990234375,2235.0,2336.800048828125,2316.5625,1585395.0
2025-03-21,VOLTAS.NS,2025-03-21,1460.0,1463.949951171875,1412.0,1429.5,1421.5645751953125,3477300.0
2025-03-21,MARICO.NS,2025-03-21,634.5,634.5499877929688,627.5,630.7999877929688,624.5791015625,1549109.0
2025-03-21,TATASTEEL.NS,2025-03-21,159.02999877929688,159.75,156.82000732421875,157.27999877929688,153.6957244873047,49184821.0
2025-03-21,PIDILITIND.NS,2025-03-21,1381.5999755859375,1417.550048828125,1381.25,1412.75,1403.120849609375,1400382.0
2025-03-21,RITES.NS,2025-03-21,226.6000061035156,241.0,224.3000030517578,239.5200042724609,234.0566253662109,4092832.0
2025-03-21,HCLTECH.NS,2025-03-21,1535.0999755859375,1592.050048828125,1521.5,1566.699951171875,1524.6201171875,8109210.0
2025-03-21,RAYMOND.NS,2025-03-21,1412.0,1564.199951171875,1410.0,1481.9000244140625,1481.9000244140625,3420492.0
2025-03-21,POLYCAB.NS,2025-03-21,,,,,,
2025-03-21,SUNPHARMA.NS,2025-03-21,1759.0,1792.800048828125,1750.25,1784.5,1778.6448974609375,2483162.0
2025-03-21,MAXHEALTH.NS,2025-03-21,1126.050048828125,1189.5,1119.75,1170.25,1168.901123046875,5814033.0
2025-03-21,BEML.NS,2025-03-21,1374.5,1439.0,1373.675048828125,1397.324951171875,1390.7584228515625,1045614.0
2025-03-21,HINDUNILVR.NS,2025-03-21,2245.0,2255.199951171875,2225.800048828125,2246.199951171875,2205.487060546875,2152415.0
2025-03-21,DATAPATTNS.NS,2025-03-21,1715.0,1746.0,1684.6500244140625,1713.3499755859375,1708.2247314453125,1123578.0
2025-03-21,LUPIN.NS,2025-03-21,2089.0,2124.800048828125,2080.39990234375,2114.699951171875,2101.628662109375,999055.0
2025-03-21,POONAWALLA.NS,2025-03-21,,,,,,
2025-03-21,ASHOKLEY.NS,2025-03-21,103.73999786376952,106.1500015258789,102.66000366210938,105.41999816894533,102.89057159423828,15463156.0
2025-03-21,PRESTIGE.NS,2025-03-21,1209.6500244140625,1258.9000244140625,1209.0,1226.1500244140625,1224.7403564453125,1131917.0
2025-03-21,TECHM.NS,2025-03-21,1390.050048828125,1431.0999755859375,1382.050048828125,1409.25,1369.6221923828125,4056023.0
2025-03-21,INFY.NS,2025-03-21,1577.949951171875,1603.9000244140625,1563.6500244140625,1592.550048828125,1546.7742919921875,10074677.0
2025-03-21,MON100.NS,2025-03-21,187.2100067138672,189.0,184.0,185.38999938964844,185.38999938964844,813181.0
2025-03-21,NAVINFLUOR.NS,2025-03-21,4170.0,4288.0,4164.2001953125,4246.7001953125,4236.0703125,182555.0
2025-03-21,RAILTEL.NS,2025-03-21,298.8999938964844,321.6499938964844,295.3500061035156,309.75,307.13232421875,7527427.0
2025-03-21,INDIGO.NS,2025-03-21,5072.0,5114.7998046875,5018.5498046875,5044.0498046875,5035.5400390625,897795.0
2025-03-21,HDFCBANK.NS,2025-03-21,877.7750244140625,887.0499877929688,877.7750244140625,885.1749877929688,873.3696899414062,33508264.0
2025-03-21,KOTAKBANK.NS,2025-03-21,,,,,,
2025-03-21,OBEROIRLTY.NS,2025-03-21,1650.0,1704.25,1636.1500244140625,1652.5,1646.61279296875,1247467.0
2025-03-21,M&M.NS,2025-03-21,,,,,,
2025-03-21,AUROPHARMA.NS,2025-03-21,1178.0,1204.699951171875,1178.0,1200.3499755859375,1195.8609619140625,1526252.0
2025-03-21,PVRINOX.NS,2025-03-21,962.0,978.5499877929688,958.9000244140624,974.4000244140624,974.4000244140624,328260.0
2025-03-21,MUTHOOTFIN.NS,2025-03-21,2395.0,2400.0,2341.89990234375,2356.60009765625,2328.1083984375,917706.0
2025-03-21,MPHASIS.NS,2025-03-21,2280.0,2438.0,2240.39990234375,2429.949951171875,2382.346435546875,1232731.0
2025-03-21,NESTLEIND.NS,2025-03-21,1120.449951171875,1137.5,1115.9749755859375,1134.425048828125,1129.67529296875,1585274.0
2025-03-21,INDUSTOWER.NS,2025-03-21,340.8999938964844,350.0,338.45001220703125,348.8500061035156,348.8500061035156,8201117.0
2025-03-21,SBICARD.NS,2025-03-21,860.4000244140625,866.0,851.2999877929688,857.5,857.5,1928222.0
2025-03-21,CESC.NS,2025-03-21,147.0500030517578,151.8000030517578,146.6199951171875,150.82000732421875,145.91928100585938,5498233.0
2025-03-21,TITAN.NS,2025-03-21,3186.949951171875,3190.0,3154.949951171875,3162.699951171875,3153.21044921875,1181974.0
2025-03-21,CUMMINSIND.NS,2025-03-21,2990.0,3029.89990234375,2924.0,2937.75,2910.296630859375,764045.0
2025-03-21,BAJFINANCE.NS,2025-03-21,903.9949951171876,908.9000244140624,883.0999755859375,891.6099853515625,886.1420288085938,27448010.0
2025-03-21,MRF.NS,2025-03-21,111440.0,112799.953125,111042.453125,112050.1484375,111877.484375,8367.0
2025-03-21,ONGC.NS,2025-03-21,235.8000030517578,248.0,235.8000030517578,242.4199981689453,235.38442993164065,29285333.0
2025-03-21,GOLDBEES.NS,2025-03-21,74.77999877929688,74.77999877929688,73.80000305175781,73.94999694824219,73.94999694824219,18589531.0
2025-03-21,BHARATFORG.NS,2025-03-21,,,,,,
2025-03-21,CONCOR.NS,2025-03-21,544.0,555.8800048828125,540.6799926757812,551.719970703125,545.96533203125,2646075.0
2025-03-21,OIL.NS,2025-03-21,,,,,,
2025-03-21,DIXON.NS,2025-03-21,13880.0,14122.9501953125,13834.4501953125,14056.7998046875,14050.546875,256973.0
2025-03-21,DRREDDY.NS,2025-03-21,1190.199951171875,1204.6500244140625,1177.050048828125,1200.1500244140625,1192.58642578125,2313824.0
2025-03-21,APOLLOTYRE.NS,2025-03-21,426.6000061035156,428.7000122070313,422.6000061035156,425.8500061035156,421.34124755859375,1318195.0
2025-03-21,BHARTIARTL.NS,2025-03-21,1709.6500244140625,1731.4000244140625,1692.0,1725.800048828125,1711.4921875,14715349.0
2025-03-21,LALPATHLAB.NS,2025-03-21,2506.800048828125,2557.35009765625,2498.0,2533.85009765625,2518.09521484375,157672.0
2025-03-21,SRF.NS,2025-03-21,3002.0,3051.89990234375,2978.64990234375,3024.35009765625,3020.392333984375,701613.0
2025-03-21,TATACOMM.NS,2025-03-21,1604.800048828125,1625.0,1594.5999755859375,1610.0,1586.3193359375,473951.0
2025-03-21,CIPLA.NS,2025-03-21,1513.9000244140625,1528.9000244140625,1510.0,1523.8499755859375,1507.7437744140625,2846648.0
2025-03-21,BHEL.NS,2025-03-21,206.5399932861328,213.6699981689453,206.3000030517578,211.9499969482422,211.50555419921875,14567468.0
2025-03-21,BSOFT.NS,2025-03-21,405.0,411.75,397.8500061035156,404.3500061035156,398.0784301757813,3138163.0
2025-03-21,ZENSARTECH.NS,2025-03-21,678.0,687.5499877929688,667.0,674.0499877929688,665.2908935546875,776327.0
2025-03-21,TATAELXSI.NS,2025-03-21,5395.0,5512.0,5322.0,5462.9501953125,5401.84326171875,252810.0
2025-03-21,GRSE.NS,2025-03-21,1715.449951171875,1732.25,1683.550048828125,1701.5999755859375,1694.4215087890625,2377276.0
2025-03-21,MAZDOCK.NS,2025-03-21,2642.0,2651.10009765625,2576.85009765625,2591.39990234375,2580.483154296875,3471761.0
2025-03-21,TRIDENT.NS,2025-03-21,25.5,25.899999618530277,25.350000381469727,25.61000061035156,25.22349166870117,9301298.0
2025-03-21,MANAPPURAM.NS,2025-03-21,,,,,,
2025-03-21,IRCON.NS,2025-03-21,159.39999389648438,165.6999969482422,156.75999450683594,160.10000610351562,159.17323303222656,8971714.0
2025-03-21,RVNL.NS,2025-03-21,360.20001220703125,374.0,352.54998779296875,361.3500061035156,359.4711608886719,17632927.0
2025-03-21,NIFTYBEES.NS,2025-03-21,260.0,261.5899963378906,258.5799865722656,261.0899963378906,261.0899963378906,9249804.0
2025-03-24,TVSMOTOR.NS,2025-03-24,,,,,,
2025-03-24,HEROMOTOCO.NS,2025-03-24,3658.0,3687.35009765625,3582.85009765625,3626.35009765625,3572.333251953125,663262.0
2025-03-24,LAURUSLABS.NS,2025-03-24,620.9500122070312,628.0,612.9500122070312,623.0,621.6376342773438,2003173.0
2025-03-24,SIEMENS.NS,2025-03-24,3090.55224609375,3137.306884765625,3055.332275390625,3066.015625,3066.015625,600664.0
2025-03-24,HAPPSTMNDS.NS,2025-03-24,651.0,664.9500122070312,645.0499877929688,646.7999877929688,639.78271484375,623891.0
2025-03-24,BIOCON.NS,2025-03-24,348.0,351.79998779296875,345.04998779296875,349.29998779296875,348.8335876464844,1156746.0
2025-03-24,IDFCFIRSTB.NS,2025-03-24,56.59999847412109,58.34999847412109,56.41999816894531,57.88999938964844,57.70113754272461,31577623.0
2025-03-24,ICICIBANK.NS,2025-03-24,1355.949951171875,1373.0,1345.050048828125,1358.1500244140625,1347.750732421875,9352280.0
2025-03-24,CAMS.NS,2025-03-24,3834.0,3877.85009765625,3795.0,3812.39990234375,3769.754638671875,442744.0
2025-03-24,BPCL.NS,2025-03-24,282.0,285.29998779296875,280.0,280.44000244140625,270.6483154296875,11376607.0
2025-03-24,JSWSTEEL.NS,2025-03-24,1063.0,1072.0,1056.5,1061.3499755859375,1058.4996337890625,2267252.0
2025-03-24,BDL.NS,2025-03-24,,,,,,
2025-03-24,ITC.NS,2025-03-24,407.0,412.8500061035156,405.6000061035156,410.8999938964844,403.4660949707031,14362572.0
2025-03-24,CDSL.NS,2025-03-24,1236.0,1249.5,1228.300048828125,1235.550048828125,1225.5576171875,4963411.0
2025-03-24,BRITANNIA.NS,2025-03-24,4816.39990234375,4832.7998046875,4770.25,4796.85009765625,4734.80029296875,173845.0
2025-03-24,WIPRO.NS,2025-03-24,267.04998779296875,271.6499938964844,265.3999938964844,269.3999938964844,264.2032165527344,9269617.0
2025-03-24,TATACHEM.NS,2025-03-24,849.9500122070312,860.0,845.5,852.6500244140625,842.8836059570312,477959.0
2025-03-24,ASIANPAINT.NS,2025-03-24,2302.39990234375,2330.25,2302.10009765625,2322.5,2297.68212890625,1100353.0
2025-03-24,EICHERMOT.NS,2025-03-24,5325.5,5456.0,5312.89990234375,5424.2001953125,5354.76708984375,316612.0
2025-03-24,COFORGE.NS,2025-03-24,1557.0999755859375,1573.760009765625,1525.0,1553.9100341796875,1543.1363525390625,2805970.0
2025-03-24,IIFL.NS,2025-03-24,341.5,344.5,336.1000061035156,337.0,337.0,2314078.0
2025-03-24,TCS.NS,2025-03-24,3600.0,3649.75,3566.60009765625,3628.949951171875,3571.492431640625,1834751.0
2025-03-24,HAVELLS.NS,2025-03-24,1490.0,1494.9000244140625,1474.5,1483.199951171875,1477.5186767578125,1347968.0
2025-03-24,COALINDIA.NS,2025-03-24,407.9500122070313,411.7999877929688,405.0499877929688,406.0,384.34576416015625,5260300.0
2025-03-24,SHREECEM.NS,2025-03-24,29050.0,29644.599609375,28931.0,29442.650390625,29302.236328125,20004.0
2025-03-24,SBIN.NS,2025-03-24,758.0,782.9500122070312,755.0999755859375,780.7999877929688,765.4304809570312,12095064.0
2025-03-24,AXISBANK.NS,2025-03-24,1082.0,1104.949951171875,1073.699951171875,1097.8499755859375,1096.9124755859375,8284863.0
2025-03-24,IEX.NS,2025-03-24,174.0,178.5,173.14999389648438,178.07000732421875,176.71743774414062,4988273.0
2025-03-24,SUZLON.NS,2025-03-24,57.68999862670898,58.36000061035156,57.04999923706055,57.90999984741211,57.90999984741211,58367956.0
2025-03-24,AARTIIND.NS,2025-03-24,410.3999938964844,412.2000122070313,406.2999877929688,408.3999938964844,407.3141174316406,1314862.0
2025-03-24,PERSISTENT.NS,2025-03-24,5306.0,5508.39990234375,5232.25,5421.2998046875,5406.72265625,569197.0
2025-03-24,BATAINDIA.NS,2025-03-24,1256.800048828125,1256.800048828125,1231.550048828125,1236.449951171875,1227.10888671875,114547.0
2025-03-24,PIIND.NS,2025-03-24,3456.699951171875,3519.89990234375,3454.949951171875,3492.5,3483.9501953125,107888.0
2025-03-24,GODREJPROP.NS,2025-03-24,2199.0,2201.25,2140.39990234375,2189.10009765625,2189.10009765625,1313018.0
2025-03-24,HINDALCO.NS,2025-03-24,704.8499755859375,705.75,695.0999755859375,701.5,696.3930053710938,4296847.0
2025-03-24,MARUTI.NS,2025-03-24,11779.9501953125,11990.0,11742.0498046875,11922.25,11794.5927734375,359033.0
2025-03-24,MCX.NS,2025-03-24,5490.0,5539.0,5375.2001953125,5392.89990234375,5372.3818359375,344019.0
2025-03-24,SAIL.NS,2025-03-24,116.0999984741211,118.62999725341795,116.0500030517578,117.23999786376952,115.78878021240234,27623276.0
2025-03-24,RELIANCE.NS,2025-03-24,1291.0,1306.0,1284.25,1302.0999755859375,1296.920166015625,20299319.0
2025-03-24,PAGEIND.NS,2025-03-24,42473.0,43199.0,42212.55078125,43127.0,42662.47265625,9173.0
2025-03-24,HDFCAMC.NS,2025-03-24,2005.0,2064.949951171875,1996.25,2050.22509765625,2012.4583740234373,593836.0
2025-03-24,ADANIENT.NS,2025-03-24,,,,,,
2025-03-24,ANGELONE.NS,2025-03-24,2350.0,2424.0,2341.199951171875,2374.949951171875,2354.382080078125,1572740.0
2025-03-24,VOLTAS.NS,2025-03-24,1437.8499755859375,1456.699951171875,1432.199951171875,1449.0999755859375,1441.0557861328125,1634298.0
2025-03-24,MARICO.NS,2025-03-24,635.2000122070312,636.0,629.8499755859375,632.9000244140625,626.6583862304688,697650.0
2025-03-24,TATASTEEL.NS,2025-03-24,158.0,159.0,157.11000061035156,158.4199981689453,154.8097381591797,30905773.0
2025-03-24,PIDILITIND.NS,2025-03-24,1420.0,1423.4000244140625,1399.2249755859375,1411.0,1401.3826904296875,621916.0
2025-03-24,RITES.NS,2025-03-24,243.0,259.489990234375,239.2100067138672,255.6199951171875,249.78939819335935,5205799.0
2025-03-24,HCLTECH.NS,2025-03-24,1591.0,1610.9000244140625,1560.0,1604.1500244140625,1561.0643310546875,2487843.0
2025-03-24,RAYMOND.NS,2025-03-24,1482.0,1521.5999755859375,1480.25,1499.0999755859375,1499.0999755859375,425026.0
2025-03-24,POLYCAB.NS,2025-03-24,,,,,,
2025-03-24,SUNPHARMA.NS,2025-03-24,1794.5,1820.0,1777.5999755859375,1784.800048828125,1778.9439697265625,1182084.0
2025-03-24,MAXHEALTH.NS,2025-03-24,1174.6500244140625,1180.0,1144.0,1146.25,1144.9288330078125,2773097.0
2025-03-24,BEML.NS,2025-03-24,1415.800048828125,1494.0,1415.0,1448.9749755859375,1442.165771484375,1825138.0
2025-03-24,HINDUNILVR.NS,2025-03-24,2250.25,2266.0,2241.0,2256.199951171875,2215.3056640625,1454404.0
2025-03-24,DATAPATTNS.NS,2025-03-24,1738.0,1819.949951171875,1728.0,1738.300048828125,1733.10009765625,1725642.0
2025-03-24,LUPIN.NS,2025-03-24,2129.0,2135.0,2098.449951171875,2119.949951171875,2106.84619140625,392261.0
2025-03-24,POONAWALLA.NS,2025-03-24,,,,,,
2025-03-24,ASHOKLEY.NS,2025-03-24,106.0,107.3499984741211,105.4499969482422,106.26499938964844,103.71530151367188,9897916.0
2025-03-24,PRESTIGE.NS,2025-03-24,1231.300048828125,1260.550048828125,1215.1500244140625,1220.300048828125,1218.8970947265625,727782.0
2025-03-24,TECHM.NS,2025-03-24,1415.8499755859375,1467.6500244140625,1413.5999755859375,1458.6500244140625,1417.6331787109375,3072831.0
2025-03-24,INFY.NS,2025-03-24,1597.949951171875,1607.0999755859375,1572.699951171875,1592.75,1546.968505859375,8857726.0
2025-03-24,MON100.NS,2025-03-24,187.44000244140625,192.0,185.5,188.1100006103516,188.1100006103516,1650589.0
2025-03-24,NAVINFLUOR.NS,2025-03-24,4275.0,4310.85009765625,4184.0,4196.89990234375,4186.39501953125,114781.0
2025-03-24,RAILTEL.NS,2025-03-24,318.0,339.3999938964844,316.70001220703125,327.5,324.7322998046875,20867260.0
2025-03-24,INDIGO.NS,2025-03-24,5055.2998046875,5077.4501953125,4956.2998046875,4970.35009765625,4961.96484375,766222.0
2025-03-24,HDFCBANK.NS,2025-03-24,889.5,902.2000122070312,886.8250122070312,900.0,887.9969482421875,17393736.0
2025-03-24,KOTAKBANK.NS,2025-03-24,,,,,,
2025-03-24,OBEROIRLTY.NS,2025-03-24,1674.449951171875,1699.5999755859375,1659.25,1675.050048828125,1669.0823974609375,617330.0
2025-03-24,M&M.NS,2025-03-24,,,,,,
2025-03-24,AUROPHARMA.NS,2025-03-24,1209.0,1230.699951171875,1204.3499755859375,1209.5999755859375,1205.076416015625,498642.0
2025-03-24,PVRINOX.NS,2025-03-24,984.4000244140624,1004.4500122070312,970.0499877929688,976.8499755859376,976.8499755859376,392155.0
2025-03-24,MUTHOOTFIN.NS,2025-03-24,2375.0,2386.0,2346.60009765625,2352.550048828125,2324.107177734375,503852.0
2025-03-24,MPHASIS.NS,2025-03-24,2436.25,2508.0,2405.39990234375,2482.949951171875,2434.30810546875,433340.0
2025-03-24,NESTLEIND.NS,2025-03-24,1136.550048828125,1144.300048828125,1130.0250244140625,1131.7750244140625,1127.036376953125,861902.0
2025-03-24,INDUSTOWER.NS,2025-03-24,355.0,358.8999938964844,348.25,349.04998779296875,349.04998779296875,5023515.0
2025-03-24,SBICARD.NS,2025-03-24,857.5,863.0999755859375,848.7000122070312,854.5,854.5,989594.0
2025-03-24,CESC.NS,2025-03-24,152.5,155.0,151.88999938964844,153.86000061035156,148.86048889160156,4110955.0
2025-03-24,TITAN.NS,2025-03-24,3168.199951171875,3175.949951171875,3075.0,3079.10009765625,3069.861328125,1481216.0
2025-03-24,CUMMINSIND.NS,2025-03-24,2945.0,3078.949951171875,2945.0,3056.25,3027.689453125,630555.0
2025-03-24,BAJFINANCE.NS,2025-03-24,909.594970703125,911.5,892.7000122070312,909.0050048828124,903.430419921875,14332170.0
2025-03-24,MRF.NS,2025-03-24,112990.0,114300.0,112651.296875,114020.796875,113845.1015625,5731.0
2025-03-24,ONGC.NS,2025-03-24,244.19000244140625,246.3999938964844,242.75,243.8300018310547,236.7535095214844,10566066.0
2025-03-24,GOLDBEES.NS,2025-03-24,74.18000030517578,74.18000030517578,72.55999755859375,73.0,73.0,63876147.0
2025-03-24,BHARATFORG.NS,2025-03-24,,,,,,
2025-03-24,CONCOR.NS,2025-03-24,558.4000244140625,575.2000122070312,555.9600219726562,572.760009765625,566.7860107421875,2607210.0
2025-03-24,OIL.NS,2025-03-24,,,,,,
2025-03-24,DIXON.NS,2025-03-24,14122.0,14720.0,14121.0,14608.349609375,14601.8515625,284541.0
2025-03-24,DRREDDY.NS,2025-03-24,1205.0,1216.3499755859375,1190.25,1210.300048828125,1202.6724853515625,1660669.0
2025-03-24,APOLLOTYRE.NS,2025-03-24,428.7000122070313,435.2999877929688,422.8500061035156,432.9500122070313,428.3660888671875,1315906.0
2025-03-24,BHARTIARTL.NS,2025-03-24,1740.0,1740.0,1714.8499755859375,1718.800048828125,1704.5501708984375,4120999.0
2025-03-24,LALPATHLAB.NS,2025-03-24,2518.300048828125,2544.89990234375,2478.300048828125,2490.449951171875,2474.96484375,398127.0
2025-03-24,SRF.NS,2025-03-24,3047.0,3054.89990234375,2987.050048828125,2991.35009765625,2987.435546875,473659.0
2025-03-24,TATACOMM.NS,2025-03-24,1619.800048828125,1631.550048828125,1597.050048828125,1611.949951171875,1588.2406005859375,501821.0
2025-03-24,CIPLA.NS,2025-03-24,1525.050048828125,1535.0,1515.199951171875,1524.050048828125,1507.941650390625,826040.0
2025-03-24,BHEL.NS,2025-03-24,214.0,220.5,212.7899932861328,217.5399932861328,217.08383178710935,17162186.0
2025-03-24,BSOFT.NS,2025-03-24,409.0,415.3999938964844,404.0499877929688,410.8500061035156,404.4776306152344,2374939.0
2025-03-24,ZENSARTECH.NS,2025-03-24,677.3499755859375,710.0,670.0,697.2999877929688,688.23876953125,1688849.0
2025-03-24,TATAELXSI.NS,2025-03-24,5470.0,5664.7998046875,5403.64990234375,5629.9501953125,5566.97509765625,291530.0
2025-03-24,GRSE.NS,2025-03-24,1701.5999755859375,1754.0,1681.050048828125,1704.550048828125,1697.359130859375,2206937.0
2025-03-24,MAZDOCK.NS,2025-03-24,2614.75,2711.64990234375,2605.5,2654.800048828125,2643.615966796875,5284512.0
2025-03-24,TRIDENT.NS,2025-03-24,26.0,26.299999237060547,25.59000015258789,25.649999618530277,25.262887954711918,9134956.0
2025-03-24,MANAPPURAM.NS,2025-03-24,,,,,,
2025-03-24,IRCON.NS,2025-03-24,161.80999755859375,168.39999389648438,161.5399932861328,166.88999938964844,165.92391967773438,10883607.0
2025-03-24,RVNL.NS,2025-03-24,365.0,379.75,364.6499938964844,371.5499877929688,369.61810302734375,15714495.0
2025-03-24,NIFTYBEES.NS,2025-03-24,261.6199951171875,265.3099975585937,261.010009765625,264.8999938964844,264.8999938964844,9310805.0
2025-03-25,TVSMOTOR.NS,2025-03-25,,,,,,
2025-03-25,HEROMOTOCO.NS,2025-03-25,3652.5,3675.699951171875,3615.0,3627.949951171875,3573.909423828125,544164.0
2025-03-25,LAURUSLABS.NS,2025-03-25,626.7000122070312,626.75,610.1500244140625,615.1500244140625,613.8048706054688,1273131.0
2025-03-25,SIEMENS.NS,2025-03-25,3081.747314453125,3102.1162109375,2998.393310546875,3004.9091796875,3004.9091796875,399335.0
2025-03-25,HAPPSTMNDS.NS,2025-03-25,651.0999755859375,657.8499755859375,635.0499877929688,637.8499755859375,630.9298095703125,611670.0
2025-03-25,BIOCON.NS,2025-03-25,350.0,354.75,345.1000061035156,348.1499938964844,347.68511962890625,1585833.0
2025-03-25,IDFCFIRSTB.NS,2025-03-25,58.09000015258789,58.119998931884766,56.720001220703125,57.34999847412109,57.162899017333984,32231248.0
2025-03-25,ICICIBANK.NS,2025-03-25,1359.0,1363.800048828125,1330.050048828125,1343.699951171875,1333.4112548828125,16419207.0
2025-03-25,CAMS.NS,2025-03-25,3810.0,3810.0,3650.0,3657.75,3616.83447265625,614606.0
2025-03-25,BPCL.NS,2025-03-25,280.57000732421875,283.9599914550781,277.17999267578125,279.1099853515625,269.36474609375,12143699.0
2025-03-25,JSWSTEEL.NS,2025-03-25,1061.3499755859375,1074.9000244140625,1052.0,1061.699951171875,1058.8486328125,1571677.0
2025-03-25,BDL.NS,2025-03-25,,,,,,
2025-03-25,ITC.NS,2025-03-25,412.0,415.25,408.7000122070313,409.7999877929688,402.385986328125,20338110.0
2025-03-25,CDSL.NS,2025-03-25,1248.0,1253.5999755859375,1204.0,1210.4000244140625,1200.6109619140625,4719219.0
2025-03-25,BRITANNIA.NS,2025-03-25,4792.0,4865.0,4738.60009765625,4845.2001953125,4782.52490234375,422209.0
2025-03-25,WIPRO.NS,2025-03-25,272.0,274.70001220703125,269.3500061035156,271.0,265.7723693847656,12563930.0
2025-03-25,TATACHEM.NS,2025-03-25,852.7000122070312,862.5499877929688,846.7000122070312,855.9500122070312,846.1458129882812,841053.0
2025-03-25,ASIANPAINT.NS,2025-03-25,2325.0,2344.5,2308.0,2330.75,2305.843994140625,1828005.0
2025-03-25,EICHERMOT.NS,2025-03-25,5460.0,5499.85009765625,5401.2001953125,5431.25,5361.72705078125,324007.0
2025-03-25,COFORGE.NS,2025-03-25,1574.0,1616.5,1562.0,1591.6400146484375,1580.604736328125,4540895.0
2025-03-25,IIFL.NS,2025-03-25,341.45001220703125,341.45001220703125,327.0,328.25,328.25,1836395.0
2025-03-25,TCS.NS,2025-03-25,3645.0,3710.0,3638.0,3657.75,3599.836669921875,3135390.0
2025-03-25,HAVELLS.NS,2025-03-25,1485.9000244140625,1495.300048828125,1470.300048828125,1477.25,1471.591552734375,1302829.0
2025-03-25,COALINDIA.NS,2025-03-25,408.0,408.25,397.1000061035156,398.2999877929688,377.0564270019531,5636291.0
2025-03-25,SHREECEM.NS,2025-03-25,29700.0,30175.0,29447.900390625,29544.05078125,29403.154296875,79264.0
2025-03-25,SBIN.NS,2025-03-25,783.9000244140625,786.0,769.2000122070312,772.8499755859375,757.636962890625,15190143.0
2025-03-25,AXISBANK.NS,2025-03-25,1109.949951171875,1123.5,1096.3499755859375,1118.550048828125,1117.594970703125,11720528.0
2025-03-25,IEX.NS,2025-03-25,178.75,180.0,175.27000427246094,175.99000549316406,174.65322875976562,5209870.0
2025-03-25,SUZLON.NS,2025-03-25,58.459999084472656,59.47999954223633,57.04999923706055,57.650001525878906,57.650001525878906,66615843.0
2025-03-25,AARTIIND.NS,2025-03-25,411.2999877929688,412.1000061035156,396.5499877929688,397.8999938964844,396.842041015625,1933568.0
2025-03-25,PERSISTENT.NS,2025-03-25,5499.0,5633.0,5435.14990234375,5558.2998046875,5543.35400390625,827076.0
2025-03-25,BATAINDIA.NS,2025-03-25,1246.9000244140625,1248.949951171875,1224.800048828125,1229.9000244140625,1220.6083984375,104508.0
2025-03-25,PIIND.NS,2025-03-25,3515.64990234375,3520.0,3413.800048828125,3441.60009765625,3433.175048828125,169163.0
2025-03-25,GODREJPROP.NS,2025-03-25,2210.0,2218.39990234375,2127.14990234375,2138.39990234375,2138.39990234375,778170.0
2025-03-25,HINDALCO.NS,2025-03-25,700.4500122070312,704.3499755859375,683.25,693.4500122070312,688.401611328125,4552278.0
2025-03-25,MARUTI.NS,2025-03-25,11951.400390625,12075.25,11800.0,11868.900390625,11741.814453125,514283.0
2025-03-25,MCX.NS,2025-03-25,5420.0,5436.60009765625,5141.0,5156.14990234375,5136.5322265625,400541.0
2025-03-25,SAIL.NS,2025-03-25,117.8499984741211,117.8499984741211,114.0999984741211,114.6999969482422,113.28022003173828,19985177.0
2025-03-25,RELIANCE.NS,2025-03-25,1307.699951171875,1307.699951171875,1282.5999755859375,1285.449951171875,1280.33642578125,13713899.0
2025-03-25,PAGEIND.NS,2025-03-25,43126.94921875,44300.0,42600.05078125,42925.6015625,42463.24609375,24216.0
2025-03-25,HDFCAMC.NS,2025-03-25,2065.0,2070.0,2026.125,2056.14990234375,2018.2740478515625,1233648.0
2025-03-25,ADANIENT.NS,2025-03-25,,,,,,
2025-03-25,ANGELONE.NS,2025-03-25,2386.199951171875,2399.300048828125,2290.0,2301.449951171875,2281.5185546875,998781.0
2025-03-25,VOLTAS.NS,2025-03-25,1453.0,1454.5,1418.0,1422.050048828125,1414.156005859375,1306047.0
2025-03-25,MARICO.NS,2025-03-25,634.5999755859375,638.9500122070312,622.2000122070312,624.7999877929688,618.6382446289062,1419249.0
2025-03-25,TATASTEEL.NS,2025-03-25,159.0,159.0,156.0500030517578,156.72999572753906,153.15826416015625,28467187.0
2025-03-25,PIDILITIND.NS,2025-03-25,1412.4000244140625,1431.675048828125,1403.0,1411.5250244140625,1401.9041748046875,656850.0
2025-03-25,RITES.NS,2025-03-25,255.5800018310547,255.8999938964844,242.69000244140625,246.8500061035156,241.2194366455078,2788585.0
2025-03-25,HCLTECH.NS,2025-03-25,1622.0,1658.949951171875,1618.949951171875,1624.9000244140625,1581.257080078125,4906013.0
2025-03-25,RAYMOND.NS,2025-03-25,1515.0,1520.0,1441.0,1449.4000244140625,1449.4000244140625,416016.0
2025-03-25,POLYCAB.NS,2025-03-25,,,,,,
2025-03-25,SUNPHARMA.NS,2025-03-25,1784.800048828125,1795.949951171875,1758.5,1764.75,1758.959716796875,1471028.0
2025-03-25,MAXHEALTH.NS,2025-03-25,1157.5999755859375,1177.5999755859375,1149.449951171875,1172.75,1171.398193359375,2312993.0
2025-03-25,BEML.NS,2025-03-25,1462.5,1479.0,1382.0999755859375,1390.824951171875,1384.2889404296875,874398.0
2025-03-25,HINDUNILVR.NS,2025-03-25,2250.75,2292.0,2243.35009765625,2271.300048828125,2230.13232421875,2229340.0
2025-03-25,DATAPATTNS.NS,2025-03-25,1764.550048828125,1776.0,1695.0,1729.449951171875,1724.2764892578125,894547.0
2025-03-25,LUPIN.NS,2025-03-25,2120.14990234375,2125.0,2053.85009765625,2068.75,2055.962890625,702121.0
2025-03-25,POONAWALLA.NS,2025-03-25,,,,,,
2025-03-25,ASHOKLEY.NS,2025-03-25,107.1999969482422,107.5999984741211,104.26000213623048,105.0199966430664,102.50016784667967,16380024.0
2025-03-25,PRESTIGE.NS,2025-03-25,1225.1500244140625,1272.0,1212.0,1222.9000244140625,1221.4940185546875,1163563.0
2025-03-25,TECHM.NS,2025-03-25,1474.0,1483.9000244140625,1449.449951171875,1455.5,1414.57177734375,2056315.0
2025-03-25,INFY.NS,2025-03-25,1605.0,1636.1500244140625,1605.0,1628.449951171875,1581.6422119140625,9890140.0
2025-03-25,MON100.NS,2025-03-25,188.25999450683597,192.0,185.6999969482422,187.6199951171875,187.6199951171875,1146170.0
2025-03-25,NAVINFLUOR.NS,2025-03-25,4198.0,4240.0,4120.0,4206.4501953125,4195.9208984375,115109.0
2025-03-25,RAILTEL.NS,2025-03-25,329.8500061035156,336.8999938964844,319.45001220703125,323.3500061035156,320.6174011230469,3622244.0
2025-03-25,INDIGO.NS,2025-03-25,5011.0,5032.14990234375,4958.0498046875,5006.7001953125,4998.25341796875,818364.0
2025-03-25,HDFCBANK.NS,2025-03-25,902.4500122070312,921.8499755859376,900.75,910.7249755859376,898.5789184570312,39101416.0
2025-03-25,KOTAKBANK.NS,2025-03-25,,,,,,
2025-03-25,OBEROIRLTY.NS,2025-03-25,1676.050048828125,1697.5,1621.050048828125,1631.199951171875,1625.3885498046875,721488.0
2025-03-25,M&M.NS,2025-03-25,,,,,,
2025-03-25,AUROPHARMA.NS,2025-03-25,1223.949951171875,1223.949951171875,1171.1500244140625,1194.949951171875,1190.481201171875,894235.0
2025-03-25,PVRINOX.NS,2025-03-25,986.0,989.25,944.9500122070312,947.7000122070312,947.7000122070312,367268.0
2025-03-25,MUTHOOTFIN.NS,2025-03-25,2388.10009765625,2388.10009765625,2313.0,2345.449951171875,2317.093017578125,463040.0
2025-03-25,MPHASIS.NS,2025-03-25,2513.300048828125,2559.800048828125,2475.050048828125,2534.39990234375,2484.750244140625,966857.0
2025-03-25,NESTLEIND.NS,2025-03-25,1130.0,1140.0,1115.0999755859375,1127.425048828125,1122.70458984375,1484284.0
2025-03-25,INDUSTOWER.NS,2025-03-25,350.8999938964844,350.8999938964844,337.25,339.75,339.75,4042558.0
2025-03-25,SBICARD.NS,2025-03-25,857.9500122070312,875.5,852.0499877929688,859.2000122070312,859.2000122070312,2843733.0
2025-03-25,CESC.NS,2025-03-25,154.5,154.5,150.0,150.99000549316406,146.08375549316406,3060064.0
2025-03-25,TITAN.NS,2025-03-25,3085.0,3099.949951171875,3046.0,3053.699951171875,3044.53759765625,1174346.0
2025-03-25,CUMMINSIND.NS,2025-03-25,3080.0,3085.0,2946.550048828125,2962.5,2934.8154296875,349961.0
2025-03-25,BAJFINANCE.NS,2025-03-25,912.5,926.0050048828124,897.7050170898438,906.7249755859376,901.1643676757812,17482600.0
2025-03-25,MRF.NS,2025-03-25,115925.0,116000.0,113509.8515625,114264.5,114088.421875,8037.0
2025-03-25,ONGC.NS,2025-03-25,244.00999450683597,245.3699951171875,240.5500030517578,242.25,235.2193756103516,8915800.0
2025-03-25,GOLDBEES.NS,2025-03-25,73.3499984741211,73.3499984741211,72.69000244140625,73.2300033569336,73.2300033569336,16524365.0
2025-03-25,BHARATFORG.NS,2025-03-25,,,,,,
2025-03-25,CONCOR.NS,2025-03-25,576.0,584.9199829101562,566.4000244140625,569.3200073242188,563.3818359375,2384057.0
2025-03-25,OIL.NS,2025-03-25,,,,,,
2025-03-25,DIXON.NS,2025-03-25,14676.650390625,14740.0,13495.0,13624.5,13618.439453125,835339.0
2025-03-25,DRREDDY.NS,2025-03-25,1210.300048828125,1215.949951171875,1167.949951171875,1177.9000244140625,1170.4766845703125,2860907.0
2025-03-25,APOLLOTYRE.NS,2025-03-25,440.5,440.6499938964844,424.6000061035156,432.2000122070313,427.6240234375,2006204.0
2025-03-25,BHARTIARTL.NS,2025-03-25,1725.0,1740.5,1706.0999755859375,1730.5,1716.153076171875,4857399.0
2025-03-25,LALPATHLAB.NS,2025-03-25,2514.0,2529.0,2480.0,2502.89990234375,2487.33740234375,175806.0
2025-03-25,SRF.NS,2025-03-25,3014.0,3014.0,2930.550048828125,2945.64990234375,2941.795166015625,556612.0
2025-03-25,TATACOMM.NS,2025-03-25,1625.0,1625.0,1575.300048828125,1578.25,1555.036376953125,268096.0
2025-03-25,CIPLA.NS,2025-03-25,1530.0,1534.0,1505.050048828125,1511.199951171875,1495.2274169921875,1092805.0
2025-03-25,BHEL.NS,2025-03-25,219.6999969482422,221.8999938964844,212.8500061035156,213.6000061035156,213.1521148681641,13641191.0
2025-03-25,BSOFT.NS,2025-03-25,416.0,419.0,400.3999938964844,402.6499938964844,396.40478515625,2788324.0
2025-03-25,ZENSARTECH.NS,2025-03-25,709.7999877929688,743.0,703.0,715.75,706.4490356445312,5194062.0
2025-03-25,TATAELXSI.NS,2025-03-25,5700.0,5742.9501953125,5479.0,5496.9501953125,5435.462890625,331857.0
2025-03-25,GRSE.NS,2025-03-25,1754.550048828125,1790.0,1692.0,1719.800048828125,1712.5447998046875,2495203.0
2025-03-25,MAZDOCK.NS,2025-03-25,2681.14990234375,2689.0,2588.39990234375,2614.5,2603.48583984375,2354469.0
2025-03-25,TRIDENT.NS,2025-03-25,26.0,26.239999771118164,24.799999237060547,25.11000061035156,24.73103904724121,9297886.0
2025-03-25,MANAPPURAM.NS,2025-03-25,,,,,,
2025-03-25,IRCON.NS,2025-03-25,168.75999450683594,170.6999969482422,162.33999633789062,163.94000244140625,162.9910125732422,8429998.0
2025-03-25,RVNL.NS,2025-03-25,379.0,383.9500122070313,365.4500122070313,370.3500061035156,368.4243774414063,12419010.0
2025-03-25,NIFTYBEES.NS,2025-03-25,266.5,266.82000732421875,256.95001220703125,264.7300109863281,264.7300109863281,12909271.0
2025-03-26,TVSMOTOR.NS,2025-03-26,,,,,,
2025-03-26,HEROMOTOCO.NS,2025-03-26,3650.0,3669.300048828125,3605.39990234375,3645.949951171875,3591.641357421875,755658.0
2025-03-26,LAURUSLABS.NS,2025-03-26,614.0,619.4000244140625,610.5,614.7999877929688,613.4555053710938,1044819.0
2025-03-26,SIEMENS.NS,2025-03-26,3111.09716796875,3240.237060546875,3052.984375,3180.510009765625,3180.510009765625,4736380.0
2025-03-26,HAPPSTMNDS.NS,2025-03-26,641.9500122070312,641.9500122070312,620.0,623.2999877929688,616.5377197265625,658060.0
2025-03-26,BIOCON.NS,2025-03-26,348.0,352.6000061035156,345.79998779296875,348.29998779296875,347.8349304199219,1426825.0
2025-03-26,IDFCFIRSTB.NS,2025-03-26,57.34000015258789,57.79999923706055,56.900001525878906,57.0,56.81404495239258,24634617.0
2025-03-26,ICICIBANK.NS,2025-03-26,1344.050048828125,1358.0,1331.5,1335.9000244140625,1325.6710205078125,10859639.0
2025-03-26,CAMS.NS,2025-03-26,3657.75,3733.0,3619.050048828125,3684.550048828125,3643.334716796875,547890.0
2025-03-26,BPCL.NS,2025-03-26,278.0,283.3299865722656,272.1300048828125,273.010009765625,263.4777526855469,9475308.0
2025-03-26,JSWSTEEL.NS,2025-03-26,1068.050048828125,1068.050048828125,1052.199951171875,1056.449951171875,1053.61279296875,1254060.0
2025-03-26,BDL.NS,2025-03-26,,,,,,
2025-03-26,ITC.NS,2025-03-26,410.2999877929688,411.2000122070313,406.25,407.3500061035156,399.9803466796875,13891436.0
2025-03-26,CDSL.NS,2025-03-26,1215.0,1222.0,1175.0,1181.199951171875,1171.6470947265625,3253652.0
2025-03-26,BRITANNIA.NS,2025-03-26,4846.89990234375,4876.60009765625,4794.0498046875,4849.7001953125,4786.966796875,453242.0
2025-03-26,WIPRO.NS,2025-03-26,272.0,272.25,266.75,267.3999938964844,262.2418212890625,7308412.0
2025-03-26,TATACHEM.NS,2025-03-26,857.0,861.0,847.75,850.9000244140625,841.1536865234375,647911.0
2025-03-26,ASIANPAINT.NS,2025-03-26,2340.0,2340.949951171875,2304.0,2323.14990234375,2298.324951171875,1934287.0
2025-03-26,EICHERMOT.NS,2025-03-26,5433.89990234375,5495.0,5390.0,5403.2998046875,5334.13427734375,384678.0
2025-03-26,COFORGE.NS,2025-03-26,1598.469970703125,1625.0999755859375,1591.6400146484375,1605.43994140625,1594.3089599609375,3309815.0
2025-03-26,IIFL.NS,2025-03-26,328.25,335.0,325.6000061035156,328.3999938964844,328.3999938964844,2228902.0
2025-03-26,TCS.NS,2025-03-26,3647.75,3680.5,3625.85009765625,3635.800048828125,3578.234130859375,1734499.0
2025-03-26,HAVELLS.NS,2025-03-26,1472.5,1504.550048828125,1470.5,1493.0,1487.2811279296875,1027318.0
2025-03-26,COALINDIA.NS,2025-03-26,398.5,402.4500122070313,393.1499938964844,394.7999877929688,373.74310302734375,5025274.0
2025-03-26,SHREECEM.NS,2025-03-26,29555.099609375,30032.900390625,29451.0,29931.099609375,29788.357421875,24799.0
2025-03-26,SBIN.NS,2025-03-26,772.0,776.0499877929688,761.4500122070312,764.0,748.961181640625,7711852.0
2025-03-26,AXISBANK.NS,2025-03-26,1115.0,1118.8499755859375,1089.050048828125,1096.25,1095.31396484375,7127060.0
2025-03-26,IEX.NS,2025-03-26,175.0,179.0,173.88999938964844,177.16000366210938,175.81434631347656,5398342.0
2025-03-26,SUZLON.NS,2025-03-26,57.900001525878906,58.630001068115234,56.29999923706055,57.43000030517578,57.43000030517578,52250161.0
2025-03-26,AARTIIND.NS,2025-03-26,398.0499877929688,398.8999938964844,388.1499938964844,389.4500122070313,388.4145202636719,1191290.0
2025-03-26,PERSISTENT.NS,2025-03-26,5574.0,5623.60009765625,5477.7998046875,5517.0,5502.16552734375,416614.0
2025-03-26,BATAINDIA.NS,2025-03-26,1233.949951171875,1241.300048828125,1210.0999755859375,1213.0999755859375,1203.935302734375,111424.0
2025-03-26,PIIND.NS,2025-03-26,3463.949951171875,3464.10009765625,3420.050048828125,3428.050048828125,3419.658203125,109293.0
2025-03-26,GODREJPROP.NS,2025-03-26,2139.0,2169.85009765625,2116.199951171875,2130.699951171875,2130.699951171875,632311.0
2025-03-26,HINDALCO.NS,2025-03-26,695.0,702.4000244140625,690.5,691.2999877929688,686.2672729492188,3646226.0
2025-03-26,MARUTI.NS,2025-03-26,11807.0,11868.900390625,11710.0,11734.2998046875,11608.6552734375,478517.0
2025-03-26,MCX.NS,2025-03-26,5166.14990234375,5204.85009765625,5077.0,5141.89990234375,5122.33642578125,424481.0
2025-03-26,SAIL.NS,2025-03-26,114.6999969482422,116.0,113.0,113.29000091552734,111.88768005371094,15470453.0
2025-03-26,RELIANCE.NS,2025-03-26,1291.0,1293.800048828125,1268.75,1273.050048828125,1267.98583984375,12074747.0
2025-03-26,PAGEIND.NS,2025-03-26,42930.0,43307.80078125,42123.3984375,42261.1484375,41805.953125,16995.0
2025-03-26,HDFCAMC.NS,2025-03-26,2057.5,2094.199951171875,2030.0,2035.675048828125,1998.1763916015625,1112578.0
2025-03-26,ADANIENT.NS,2025-03-26,,,,,,
2025-03-26,ANGELONE.NS,2025-03-26,2301.449951171875,2337.199951171875,2267.5,2324.64990234375,2304.517578125,1134580.0
2025-03-26,VOLTAS.NS,2025-03-26,1430.0,1436.0,1416.550048828125,1428.6500244140625,1420.7193603515625,1305728.0
2025-03-26,MARICO.NS,2025-03-26,629.0,642.9000244140625,627.0999755859375,639.75,633.4407958984375,1901786.0
2025-03-26,TATASTEEL.NS,2025-03-26,156.1999969482422,157.5399932861328,155.00999450683594,155.80999755859375,152.2592315673828,23182869.0
2025-03-26,PIDILITIND.NS,2025-03-26,1414.875,1462.0,1405.0250244140625,1422.699951171875,1413.0029296875,1257594.0
2025-03-26,RITES.NS,2025-03-26,245.0200042724609,247.0,232.8500061035156,234.6300048828125,229.27818298339844,1659634.0
2025-03-26,HCLTECH.NS,2025-03-26,1624.9000244140625,1644.949951171875,1622.0,1633.4000244140625,1589.5286865234375,3096513.0
2025-03-26,RAYMOND.NS,2025-03-26,1446.050048828125,1476.0,1425.050048828125,1428.5,1428.5,271500.0
2025-03-26,POLYCAB.NS,2025-03-26,,,,,,
2025-03-26,SUNPHARMA.NS,2025-03-26,1767.949951171875,1770.800048828125,1746.0999755859375,1758.949951171875,1753.1787109375,1762361.0
2025-03-26,MAXHEALTH.NS,2025-03-26,1148.699951171875,1174.949951171875,1118.699951171875,1122.550048828125,1121.256103515625,1809235.0
2025-03-26,BEML.NS,2025-03-26,1382.5250244140625,1409.9749755859375,1367.550048828125,1380.199951171875,1373.7139892578125,751072.0
2025-03-26,HINDUNILVR.NS,2025-03-26,2272.0,2279.89990234375,2237.800048828125,2245.949951171875,2205.241455078125,1416907.0
2025-03-26,DATAPATTNS.NS,2025-03-26,1729.449951171875,1740.0,1676.0,1692.6500244140625,1687.586669921875,573195.0
2025-03-26,LUPIN.NS,2025-03-26,2079.0,2098.0,2053.050048828125,2058.800048828125,2046.0743408203125,681836.0
2025-03-26,POONAWALLA.NS,2025-03-26,,,,,,
2025-03-26,ASHOKLEY.NS,2025-03-26,105.7249984741211,109.8000030517578,104.2750015258789,107.48999786376952,104.91090393066406,58831436.0
2025-03-26,PRESTIGE.NS,2025-03-26,1230.0,1257.5,1191.0,1196.5999755859375,1195.2242431640625,1119059.0
2025-03-26,TECHM.NS,2025-03-26,1464.0,1464.0,1409.5,1416.300048828125,1376.47412109375,2231144.0
2025-03-26,INFY.NS,2025-03-26,1626.0,1637.75,1595.0,1599.449951171875,1553.4759521484375,6651302.0
2025-03-26,MON100.NS,2025-03-26,187.22000122070312,189.8800048828125,184.25,184.7400054931641,184.7400054931641,730412.0
2025-03-26,NAVINFLUOR.NS,2025-03-26,4224.0,4260.35009765625,4180.85009765625,4196.2001953125,4185.69677734375,218241.0
2025-03-26,RAILTEL.NS,2025-03-26,322.95001220703125,325.29998779296875,306.0,308.0,305.3970947265625,2175910.0
2025-03-26,INDIGO.NS,2025-03-26,5020.0,5075.0,4975.0,5025.14990234375,5016.67236328125,736014.0
2025-03-26,HDFCBANK.NS,2025-03-26,912.5,913.75,901.0,903.2750244140624,891.2283325195312,24478442.0
2025-03-26,KOTAKBANK.NS,2025-03-26,,,,,,
2025-03-26,OBEROIRLTY.NS,2025-03-26,1623.25,1659.8499755859375,1612.050048828125,1619.699951171875,1613.9295654296875,451054.0
2025-03-26,M&M.NS,2025-03-26,,,,,,
2025-03-26,AUROPHARMA.NS,2025-03-26,1191.0,1208.9000244140625,1155.0,1157.449951171875,1153.1214599609375,811910.0
2025-03-26,PVRINOX.NS,2025-03-26,947.7000122070312,950.2999877929688,920.0,926.25,926.25,367539.0
2025-03-26,MUTHOOTFIN.NS,2025-03-26,2355.39990234375,2367.199951171875,2299.949951171875,2313.550048828125,2285.578857421875,329877.0
2025-03-26,MPHASIS.NS,2025-03-26,2530.0,2572.300048828125,2505.10009765625,2515.14990234375,2465.877197265625,781651.0
2025-03-26,NESTLEIND.NS,2025-03-26,1127.449951171875,1134.925048828125,1120.050048828125,1121.7249755859375,1117.0284423828125,1066938.0
2025-03-26,INDUSTOWER.NS,2025-03-26,339.70001220703125,344.0,334.8999938964844,339.25,339.25,3678722.0
2025-03-26,SBICARD.NS,2025-03-26,865.0,878.7999877929688,863.0999755859375,868.5999755859375,868.5999755859375,1945536.0
2025-03-26,CESC.NS,2025-03-26,150.89999389648438,153.10000610351562,149.55999755859375,150.38999938964844,145.5032501220703,3196022.0
2025-03-26,TITAN.NS,2025-03-26,3068.949951171875,3077.75,3034.550048828125,3057.5,3048.326171875,1010449.0
2025-03-26,CUMMINSIND.NS,2025-03-26,2974.0,3070.0,2950.550048828125,3004.949951171875,2976.86865234375,620642.0
2025-03-26,BAJFINANCE.NS,2025-03-26,910.2050170898438,912.6900024414062,884.9949951171875,886.60498046875,881.167724609375,8862110.0
2025-03-26,MRF.NS,2025-03-26,114126.5,115500.0,113900.1015625,114321.203125,114145.0390625,5979.0
2025-03-26,ONGC.NS,2025-03-26,243.3500061035156,244.5,239.3699951171875,239.72000122070312,232.76280212402344,7543985.0
2025-03-26,GOLDBEES.NS,2025-03-26,73.4800033569336,73.63999938964844,72.81999969482422,73.25,73.25,11975993.0
2025-03-26,BHARATFORG.NS,2025-03-26,,,,,,
2025-03-26,CONCOR.NS,2025-03-26,569.5999755859375,571.1599731445312,547.2000122070312,549.47998046875,543.748779296875,2131180.0
2025-03-26,OIL.NS,2025-03-26,,,,,,
2025-03-26,DIXON.NS,2025-03-26,13651.0498046875,13691.0498046875,13216.0,13260.400390625,13254.501953125,452537.0
2025-03-26,DRREDDY.NS,2025-03-26,1177.9000244140625,1179.800048828125,1152.6500244140625,1164.5999755859375,1157.260498046875,2864505.0
2025-03-26,APOLLOTYRE.NS,2025-03-26,431.4500122070313,435.2999877929688,426.1499938964844,429.6000061035156,425.0515441894531,1499465.0
2025-03-26,BHARTIARTL.NS,2025-03-26,1739.1500244140625,1765.0,1726.1500244140625,1738.550048828125,1724.136474609375,7142394.0
2025-03-26,LALPATHLAB.NS,2025-03-26,2503.0,2517.449951171875,2440.64990234375,2447.800048828125,2432.580322265625,223425.0
2025-03-26,SRF.NS,2025-03-26,2937.10009765625,2968.5,2808.300048828125,2893.89990234375,2890.11279296875,779036.0
2025-03-26,TATACOMM.NS,2025-03-26,1586.5,1608.8499755859375,1577.300048828125,1604.949951171875,1581.3436279296875,278624.0
2025-03-26,CIPLA.NS,2025-03-26,1507.0,1512.3499755859375,1472.300048828125,1476.199951171875,1460.5972900390625,1375794.0
2025-03-26,BHEL.NS,2025-03-26,214.6499938964844,216.0399932861328,210.0,210.5200042724609,210.0785675048828,11768733.0
2025-03-26,BSOFT.NS,2025-03-26,403.7000122070313,404.9500122070313,392.8500061035156,393.8999938964844,387.79052734375,1957548.0
2025-03-26,ZENSARTECH.NS,2025-03-26,711.9500122070312,712.75,688.2999877929688,702.25,693.1244506835938,1373666.0
2025-03-26,TATAELXSI.NS,2025-03-26,5520.0,5625.0,5474.89990234375,5567.0,5504.72900390625,218301.0
2025-03-26,GRSE.NS,2025-03-26,1717.0,1749.9000244140625,1685.0,1701.25,1694.072998046875,1679494.0
2025-03-26,MAZDOCK.NS,2025-03-26,2620.050048828125,2722.0,2601.0,2643.14990234375,2632.01513671875,6876106.0
2025-03-26,TRIDENT.NS,2025-03-26,25.549999237060547,25.799999237060547,24.5,24.6200008392334,24.24843406677246,8838660.0
2025-03-26,MANAPPURAM.NS,2025-03-26,,,,,,
2025-03-26,IRCON.NS,2025-03-26,163.66000366210938,165.4199981689453,156.89999389648438,158.2100067138672,157.29417419433594,5972964.0
2025-03-26,RVNL.NS,2025-03-26,371.7000122070313,371.7999877929688,360.25,362.2000122070313,360.3167419433594,6826431.0
2025-03-26,NIFTYBEES.NS,2025-03-26,264.1000061035156,265.5,262.5199890136719,262.8999938964844,262.8999938964844,5258667.0
2025-03-27,TVSMOTOR.NS,2025-03-27,,,,,,
2025-03-27,HEROMOTOCO.NS,2025-03-27,3634.0,3789.0,3610.35009765625,3772.050048828125,3715.863037109375,1525094.0
2025-03-27,LAURUSLABS.NS,2025-03-27,614.5,621.0,606.0,617.7000122070312,616.3492431640625,1293605.0
2025-03-27,SIEMENS.NS,2025-03-27,3181.537109375,3193.277099609375,3111.09716796875,3119.4033203125,3119.4033203125,1078586.0
2025-03-27,HAPPSTMNDS.NS,2025-03-27,623.25,629.5,609.0,610.5999755859375,603.9754638671875,697999.0
2025-03-27,BIOCON.NS,2025-03-27,348.5,350.25,342.5,345.54998779296875,345.0885925292969,1367034.0
2025-03-27,IDFCFIRSTB.NS,2025-03-27,56.84000015258789,57.38999938964844,56.11000061035156,56.93999862670898,56.75423812866211,129936760.0
2025-03-27,ICICIBANK.NS,2025-03-27,1333.1500244140625,1351.5,1333.1500244140625,1336.6500244140625,1326.415283203125,15109614.0
2025-03-27,CAMS.NS,2025-03-27,3659.0,3741.89990234375,3652.60009765625,3687.89990234375,3646.647216796875,537592.0
2025-03-27,BPCL.NS,2025-03-27,273.3900146484375,279.8500061035156,272.17999267578125,276.0599975585937,266.4212341308594,107524873.0
2025-03-27,JSWSTEEL.NS,2025-03-27,1051.949951171875,1069.0,1050.0,1059.75,1056.9039306640625,2514499.0
2025-03-27,BDL.NS,2025-03-27,,,,,,
2025-03-27,ITC.NS,2025-03-27,408.0,410.7000122070313,405.6499938964844,409.4500122070313,402.0423583984375,18642328.0
2025-03-27,CDSL.NS,2025-03-27,1175.0,1198.5,1170.0,1187.699951171875,1178.094482421875,3913181.0
2025-03-27,BRITANNIA.NS,2025-03-27,4830.0,4925.39990234375,4780.0498046875,4841.2001953125,4778.57666015625,6750074.0
2025-03-27,WIPRO.NS,2025-03-27,270.0,273.54998779296875,269.6000061035156,272.20001220703125,266.94921875,14783522.0
2025-03-27,TATACHEM.NS,2025-03-27,849.9000244140625,858.8499755859375,844.2000122070312,847.7999877929688,838.0891723632812,2839769.0
2025-03-27,ASIANPAINT.NS,2025-03-27,2315.0,2350.10009765625,2290.5,2338.10009765625,2313.115478515625,1497861.0
2025-03-27,EICHERMOT.NS,2025-03-27,5329.4501953125,5405.0,5300.0,5345.75,5277.3212890625,603145.0
2025-03-27,COFORGE.NS,2025-03-27,1587.0,1633.0,1587.0,1621.52001953125,1610.277587890625,2713415.0
2025-03-27,IIFL.NS,2025-03-27,328.3999938964844,339.45001220703125,322.95001220703125,336.8999938964844,336.8999938964844,3028573.0
2025-03-27,TCS.NS,2025-03-27,3614.85009765625,3663.0,3610.5,3651.199951171875,3593.390380859375,2528474.0
2025-03-27,HAVELLS.NS,2025-03-27,1484.75,1528.5,1479.5,1515.3499755859375,1509.5455322265625,1077299.0
2025-03-27,COALINDIA.NS,2025-03-27,393.25,399.6499938964844,392.0499877929688,396.8500061035156,375.6838073730469,7697174.0
2025-03-27,SHREECEM.NS,2025-03-27,29931.099609375,30498.0,29731.099609375,30146.44921875,30002.6796875,71437.0
2025-03-27,SBIN.NS,2025-03-27,763.7999877929688,775.7999877929688,760.5,772.2999877929688,757.0977783203125,15648616.0
2025-03-27,AXISBANK.NS,2025-03-27,1092.0,1108.0,1088.0999755859375,1098.3499755859375,1097.412109375,8508917.0
2025-03-27,IEX.NS,2025-03-27,177.0,180.5,175.2100067138672,178.44000244140625,177.08462524414062,5754346.0
2025-03-27,SUZLON.NS,2025-03-27,57.11000061035156,57.93999862670898,56.43999862670898,57.0099983215332,57.0099983215332,49678644.0
2025-03-27,AARTIIND.NS,2025-03-27,386.0,397.5,385.2000122070313,395.5,394.4484252929688,1907764.0
2025-03-27,PERSISTENT.NS,2025-03-27,5440.60009765625,5669.0,5440.60009765625,5641.4501953125,5626.28076171875,593246.0
2025-03-27,BATAINDIA.NS,2025-03-27,1215.9000244140625,1220.949951171875,1200.0,1202.050048828125,1192.9688720703125,149782.0
2025-03-27,PIIND.NS,2025-03-27,3399.89990234375,3514.0,3390.0,3482.64990234375,3474.124267578125,427342.0
2025-03-27,GODREJPROP.NS,2025-03-27,2101.050048828125,2142.0,2101.050048828125,2126.199951171875,2126.199951171875,652883.0
2025-03-27,HINDALCO.NS,2025-03-27,690.9500122070312,697.9000244140625,689.2000122070312,693.3499755859375,688.3023071289062,5002247.0
2025-03-27,MARUTI.NS,2025-03-27,11773.150390625,11898.0,11638.0,11721.9501953125,11596.4375,645787.0
2025-03-27,MCX.NS,2025-03-27,5147.9501953125,5283.0498046875,5105.10009765625,5245.85009765625,5225.89111328125,421964.0
2025-03-27,SAIL.NS,2025-03-27,112.8000030517578,115.0999984741211,112.6999969482422,113.87999725341795,112.47037506103516,14168313.0
2025-03-27,RELIANCE.NS,2025-03-27,1278.1500244140625,1285.0,1271.300048828125,1278.199951171875,1273.115234375,15028056.0
2025-03-27,PAGEIND.NS,2025-03-27,42215.05078125,44282.0,41000.0,43891.44921875,43418.6875,31068.0
2025-03-27,HDFCAMC.NS,2025-03-27,2035.675048828125,2069.425048828125,2027.8499755859373,2036.6500244140625,1999.1334228515625,1924882.0
2025-03-27,ADANIENT.NS,2025-03-27,,,,,,
2025-03-27,ANGELONE.NS,2025-03-27,2315.0,2348.800048828125,2295.39990234375,2318.25,2298.17333984375,891101.0
2025-03-27,VOLTAS.NS,2025-03-27,1420.0,1435.0,1413.6500244140625,1423.4000244140625,1415.49853515625,1682189.0
2025-03-27,MARICO.NS,2025-03-27,642.0,651.5,635.7000122070312,649.0499877929688,642.6491088867188,1497543.0
2025-03-27,TATASTEEL.NS,2025-03-27,154.8000030517578,156.10000610351562,154.1999969482422,155.4199981689453,151.87811279296875,25909068.0
2025-03-27,PIDILITIND.NS,2025-03-27,1410.324951171875,1437.5,1396.4749755859375,1433.25,1423.4810791015625,863174.0
2025-03-27,RITES.NS,2025-03-27,234.8300018310547,235.8000030517578,230.0,230.63999938964844,225.3791961669922,1651364.0
2025-03-27,HCLTECH.NS,2025-03-27,1625.6500244140625,1645.0,1613.550048828125,1630.1500244140625,1586.3660888671875,3383080.0
2025-03-27,RAYMOND.NS,2025-03-27,1425.0,1448.199951171875,1407.8499755859375,1437.5,1437.5,285374.0
2025-03-27,POLYCAB.NS,2025-03-27,,,,,,
2025-03-27,SUNPHARMA.NS,2025-03-27,1751.0,1752.300048828125,1720.0,1731.449951171875,1725.7689208984375,3279881.0
2025-03-27,MAXHEALTH.NS,2025-03-27,1113.0,1139.300048828125,1110.699951171875,1129.4000244140625,1128.0982666015625,2435413.0
2025-03-27,BEML.NS,2025-03-27,1374.8499755859375,1632.5,1360.5999755859375,1570.199951171875,1562.821044921875,3372530.0
2025-03-27,HINDUNILVR.NS,2025-03-27,2244.199951171875,2260.89990234375,2200.0,2244.64990234375,2203.965087890625,3752627.0
2025-03-27,DATAPATTNS.NS,2025-03-27,1688.5,1716.8499755859375,1659.1500244140625,1688.25,1683.1998291015625,592876.0
2025-03-27,LUPIN.NS,2025-03-27,2038.75,2054.0,1993.5999755859373,2018.800048828125,2006.3216552734373,1546632.0
2025-03-27,POONAWALLA.NS,2025-03-27,,,,,,
2025-03-27,ASHOKLEY.NS,2025-03-27,103.98999786376952,107.4000015258789,102.58499908447266,104.26000213623048,101.75840759277344,42418880.0
2025-03-27,PRESTIGE.NS,2025-03-27,1196.5,1218.0999755859375,1186.9000244140625,1206.050048828125,1204.6634521484375,794090.0
2025-03-27,TECHM.NS,2025-03-27,1407.1500244140625,1430.0,1406.0,1423.9000244140625,1383.8603515625,2541022.0
2025-03-27,INFY.NS,2025-03-27,1595.550048828125,1619.949951171875,1586.0,1603.550048828125,1557.4581298828125,9426573.0
2025-03-27,MON100.NS,2025-03-27,184.7899932861328,184.7899932861328,181.47999572753903,183.42999267578125,183.42999267578125,616160.0
2025-03-27,NAVINFLUOR.NS,2025-03-27,4166.2001953125,4267.0,4164.9501953125,4215.2001953125,4204.6494140625,63404.0
2025-03-27,RAILTEL.NS,2025-03-27,306.29998779296875,313.8999938964844,303.0,308.1000061035156,305.4962463378906,2831491.0
2025-03-27,INDIGO.NS,2025-03-27,4975.0,5149.0,4975.0,5127.7998046875,5119.14892578125,940051.0
2025-03-27,HDFCBANK.NS,2025-03-27,900.0,920.5,899.0499877929688,912.6749877929688,900.5029296875,41658100.0
2025-03-27,KOTAKBANK.NS,2025-03-27,,,,,,
2025-03-27,OBEROIRLTY.NS,2025-03-27,1624.0,1678.0,1608.050048828125,1643.050048828125,1637.1964111328125,687604.0
2025-03-27,M&M.NS,2025-03-27,,,,,,
2025-03-27,AUROPHARMA.NS,2025-03-27,1150.0,1170.5999755859375,1131.8499755859375,1164.25,1159.89599609375,1209073.0
2025-03-27,PVRINOX.NS,2025-03-27,929.5999755859376,950.0,916.5,932.9500122070312,932.9500122070312,664174.0
2025-03-27,MUTHOOTFIN.NS,2025-03-27,2313.5,2357.89990234375,2299.0,2337.89990234375,2309.63427734375,1195890.0
2025-03-27,MPHASIS.NS,2025-03-27,2497.0,2539.5,2488.0,2528.199951171875,2478.671630859375,458236.0
2025-03-27,NESTLEIND.NS,2025-03-27,1120.0999755859375,1134.0,1112.625,1121.0250244140625,1116.3314208984375,1731172.0
2025-03-27,INDUSTOWER.NS,2025-03-27,338.1000061035156,341.6000061035156,335.0,338.3999938964844,338.3999938964844,4513735.0
2025-03-27,SBICARD.NS,2025-03-27,868.6500244140625,875.0,863.7000122070312,870.5,870.5,774116.0
2025-03-27,CESC.NS,2025-03-27,149.0,153.99000549316406,147.8000030517578,152.8800048828125,147.91233825683594,3317344.0
2025-03-27,TITAN.NS,2025-03-27,3047.550048828125,3097.699951171875,3047.550048828125,3087.64990234375,3078.385498046875,1635143.0
2025-03-27,CUMMINSIND.NS,2025-03-27,3004.949951171875,3056.0,2976.800048828125,3004.35009765625,2976.2744140625,731950.0
2025-03-27,BAJFINANCE.NS,2025-03-27,886.0999755859375,905.5399780273438,882.2249755859375,900.385009765625,894.86328125,20920440.0
2025-03-27,MRF.NS,2025-03-27,114003.0,114200.0,112445.0,113264.046875,113089.515625,10576.0
2025-03-27,ONGC.NS,2025-03-27,238.8699951171875,243.3999938964844,238.6499938964844,242.1699981689453,235.1416931152344,9935664.0
2025-03-27,GOLDBEES.NS,2025-03-27,73.97000122070312,73.9800033569336,73.2300033569336,73.80000305175781,73.80000305175781,10626756.0
2025-03-27,BHARATFORG.NS,2025-03-27,,,,,,
2025-03-27,CONCOR.NS,2025-03-27,548.4400024414062,564.7999877929688,546.239990234375,560.3599853515625,554.5152587890625,1836841.0
2025-03-27,OIL.NS,2025-03-27,,,,,,
2025-03-27,DIXON.NS,2025-03-27,13300.0,13673.9501953125,13100.0,13510.7998046875,13504.7900390625,538219.0
2025-03-27,DRREDDY.NS,2025-03-27,1160.0,1172.4000244140625,1144.0,1162.199951171875,1154.8756103515625,4460409.0
2025-03-27,APOLLOTYRE.NS,2025-03-27,429.6000061035156,432.0,420.0499877929688,428.0,423.468505859375,1946020.0
2025-03-27,BHARTIARTL.NS,2025-03-27,1739.949951171875,1746.4000244140625,1713.25,1724.699951171875,1710.401123046875,6222339.0
2025-03-27,LALPATHLAB.NS,2025-03-27,2410.0,2555.25,2410.0,2488.0,2472.530029296875,338333.0
2025-03-27,SRF.NS,2025-03-27,2878.5,2959.0,2878.050048828125,2946.449951171875,2942.59423828125,847677.0
2025-03-27,TATACOMM.NS,2025-03-27,1603.550048828125,1612.300048828125,1580.300048828125,1594.550048828125,1571.0966796875,489224.0
2025-03-27,CIPLA.NS,2025-03-27,1464.699951171875,1489.0,1462.4000244140625,1482.9000244140625,1467.2265625,1848444.0
2025-03-27,BHEL.NS,2025-03-27,210.5200042724609,216.8999938964844,208.75999450683597,213.97999572753903,213.5312957763672,37280559.0
2025-03-27,BSOFT.NS,2025-03-27,390.0,397.5,388.0499877929688,395.8999938964844,389.7594909667969,2923856.0
2025-03-27,ZENSARTECH.NS,2025-03-27,698.1500244140625,703.3499755859375,684.0999755859375,688.25,679.306396484375,1207066.0
2025-03-27,TATAELXSI.NS,2025-03-27,5500.0,5582.14990234375,5400.0,5417.7998046875,5357.19775390625,356071.0
2025-03-27,GRSE.NS,2025-03-27,1695.0,1729.25,1678.0,1695.9000244140625,1688.74560546875,986191.0
2025-03-27,MAZDOCK.NS,2025-03-27,2642.0,2719.0,2625.300048828125,2695.35009765625,2683.995361328125,4414954.0
2025-03-27,TRIDENT.NS,2025-03-27,24.6200008392334,25.200000762939453,24.38999938964844,24.93000030517578,24.553754806518555,11558576.0
2025-03-27,MANAPPURAM.NS,2025-03-27,,,,,,
2025-03-27,IRCON.NS,2025-03-27,157.0,161.75,155.5,159.7899932861328,158.86502075195312,8061064.0
2025-03-27,RVNL.NS,2025-03-27,354.0,362.5,353.29998779296875,354.6499938964844,352.8059997558594,7997212.0
2025-03-27,NIFTYBEES.NS,2025-03-27,263.2799987792969,264.2699890136719,262.1000061035156,263.7300109863281,263.7300109863281,3874025.0
2025-03-28,TVSMOTOR.NS,2025-03-28,,,,,,
2025-03-28,HEROMOTOCO.NS,2025-03-28,3779.0,3808.75,3707.35009765625,3722.949951171875,3667.494384765625,509889.0
2025-03-28,LAURUSLABS.NS,2025-03-28,619.9000244140625,626.6500244140625,606.7000122070312,613.4000244140625,612.0586547851562,1528487.0
2025-03-28,SIEMENS.NS,2025-03-28,3135.751220703125,3138.686279296875,3041.94873046875,3096.627685546875,3096.627685546875,1201834.0
2025-03-28,HAPPSTMNDS.NS,2025-03-28,612.9000244140625,620.7000122070312,590.0,596.7000122070312,590.2262573242188,971680.0
2025-03-28,BIOCON.NS,2025-03-28,344.95001220703125,349.29998779296875,339.3500061035156,341.70001220703125,341.2437438964844,2340187.0
2025-03-28,IDFCFIRSTB.NS,2025-03-28,56.5,57.84999847412109,54.630001068115234,54.959999084472656,54.78069686889648,48926649.0
2025-03-28,ICICIBANK.NS,2025-03-28,1336.0,1357.949951171875,1327.199951171875,1348.3499755859375,1338.025634765625,8266544.0
2025-03-28,CAMS.NS,2025-03-28,3706.0,3814.10009765625,3700.050048828125,3723.35009765625,3681.700927734375,694228.0
2025-03-28,BPCL.NS,2025-03-28,276.989990234375,284.3299865722656,276.29998779296875,278.4700012207031,268.74713134765625,12687883.0
2025-03-28,JSWSTEEL.NS,2025-03-28,1059.75,1068.199951171875,1053.949951171875,1063.199951171875,1060.3446044921875,1674204.0
2025-03-28,BDL.NS,2025-03-28,,,,,,
2025-03-28,ITC.NS,2025-03-28,410.8999938964844,415.6000061035156,408.1499938964844,409.75,402.3369140625,12981873.0
2025-03-28,CDSL.NS,2025-03-28,1206.4000244140625,1259.800048828125,1206.4000244140625,1220.050048828125,1210.1829833984375,11646090.0
2025-03-28,BRITANNIA.NS,2025-03-28,4861.9501953125,5028.64990234375,4861.9501953125,4936.89990234375,4873.03857421875,415586.0
2025-03-28,WIPRO.NS,2025-03-28,271.0,271.8500061035156,261.6000061035156,262.25,257.191162109375,14283389.0
2025-03-28,TATACHEM.NS,2025-03-28,850.0,872.1500244140625,849.5,864.9000244140625,854.9933471679688,1643302.0
2025-03-28,ASIANPAINT.NS,2025-03-28,2343.949951171875,2364.0,2325.0,2340.64990234375,2315.637939453125,1281871.0
2025-03-28,EICHERMOT.NS,2025-03-28,5363.0,5408.35009765625,5322.4501953125,5347.7001953125,5279.24658203125,286609.0
2025-03-28,COFORGE.NS,2025-03-28,1634.489990234375,1650.0,1604.9000244140625,1621.8399658203125,1610.5953369140625,2518165.0
2025-03-28,IIFL.NS,2025-03-28,338.70001220703125,341.1000061035156,322.20001220703125,327.6499938964844,327.6499938964844,1604971.0
2025-03-28,TCS.NS,2025-03-28,3651.0,3660.949951171875,3591.89990234375,3606.14990234375,3549.053466796875,2051919.0
2025-03-28,HAVELLS.NS,2025-03-28,1520.9000244140625,1543.5999755859375,1513.550048828125,1528.9000244140625,1523.043701171875,751781.0
2025-03-28,COALINDIA.NS,2025-03-28,397.0,401.8999938964844,393.5,398.2000122070313,376.9617614746094,6923988.0
2025-03-28,SHREECEM.NS,2025-03-28,30700.0,31237.94921875,30438.55078125,30502.94921875,30357.478515625,58593.0
2025-03-28,SBIN.NS,2025-03-28,772.0999755859375,778.5999755859375,767.0,771.5,756.3135375976562,7628185.0
2025-03-28,AXISBANK.NS,2025-03-28,1098.4000244140625,1107.0,1086.5,1102.0,1101.0589599609375,4921190.0
2025-03-28,IEX.NS,2025-03-28,179.3000030517578,180.5,174.5,175.77000427246094,174.43490600585938,4414614.0
2025-03-28,SUZLON.NS,2025-03-28,57.36000061035156,58.400001525878906,56.400001525878906,56.65999984741211,56.65999984741211,43376048.0
2025-03-28,AARTIIND.NS,2025-03-28,395.0,407.7000122070313,388.5,390.75,389.7110595703125,1488982.0
2025-03-28,PERSISTENT.NS,2025-03-28,5665.0,5700.4501953125,5466.5,5513.75,5498.92431640625,317428.0
2025-03-28,BATAINDIA.NS,2025-03-28,1204.199951171875,1224.4000244140625,1204.199951171875,1219.9000244140625,1210.6839599609375,405048.0
2025-03-28,PIIND.NS,2025-03-28,3507.35009765625,3523.949951171875,3408.199951171875,3428.199951171875,3419.8076171875,338808.0
2025-03-28,GODREJPROP.NS,2025-03-28,2130.0,2166.0,2112.300048828125,2129.60009765625,2129.60009765625,440627.0
2025-03-28,HINDALCO.NS,2025-03-28,690.5,697.4500122070312,679.2999877929688,682.4500122070312,677.481689453125,4362212.0
2025-03-28,MARUTI.NS,2025-03-28,11699.0498046875,11745.9501953125,11400.099609375,11522.150390625,11398.77734375,541795.0
2025-03-28,MCX.NS,2025-03-28,5300.0,5491.0,5267.75,5311.75,5291.54052734375,811402.0
2025-03-28,SAIL.NS,2025-03-28,113.9000015258789,116.1500015258789,113.5999984741211,115.18000030517578,113.75428771972656,23556805.0
2025-03-28,RELIANCE.NS,2025-03-28,1280.0,1295.75,1269.0,1275.0999755859375,1270.027587890625,18147129.0
2025-03-28,PAGEIND.NS,2025-03-28,43500.0,43500.0,42450.0,42693.75,42233.890625,23254.0
2025-03-28,HDFCAMC.NS,2025-03-28,2047.4749755859373,2063.0,1997.199951171875,2006.949951171875,1969.98046875,524930.0
2025-03-28,ADANIENT.NS,2025-03-28,,,,,,
2025-03-28,ANGELONE.NS,2025-03-28,2335.0,2398.0,2300.0,2313.199951171875,2293.1669921875,1120190.0
2025-03-28,VOLTAS.NS,2025-03-28,1430.0,1469.800048828125,1428.0,1458.699951171875,1450.6024169921875,2104275.0
2025-03-28,MARICO.NS,2025-03-28,649.0499877929688,661.0,649.0,651.6500244140625,645.2235107421875,1075086.0
2025-03-28,TATASTEEL.NS,2025-03-28,155.3800048828125,156.91000366210938,153.3699951171875,154.24000549316406,150.72500610351562,24589315.0
2025-03-28,PIDILITIND.NS,2025-03-28,1435.2249755859375,1442.0,1419.199951171875,1424.6500244140625,1414.939697265625,480582.0
2025-03-28,RITES.NS,2025-03-28,230.9900054931641,236.5399932861328,222.25,223.3699951171875,218.27500915527344,2108675.0
2025-03-28,HCLTECH.NS,2025-03-28,1616.0999755859375,1625.550048828125,1581.5999755859375,1592.5,1549.727294921875,2211077.0
2025-03-28,RAYMOND.NS,2025-03-28,1449.949951171875,1467.8499755859375,1390.0,1402.949951171875,1402.949951171875,349116.0
2025-03-28,POLYCAB.NS,2025-03-28,,,,,,
2025-03-28,SUNPHARMA.NS,2025-03-28,1731.449951171875,1741.3499755859375,1705.199951171875,1734.699951171875,1729.00830078125,1956781.0
2025-03-28,MAXHEALTH.NS,2025-03-28,1131.4000244140625,1164.6500244140625,1090.550048828125,1096.949951171875,1095.685546875,1990409.0
2025-03-28,BEML.NS,2025-03-28,1599.9000244140625,1683.949951171875,1582.9000244140625,1609.7750244140625,1602.210205078125,4597072.0
2025-03-28,HINDUNILVR.NS,2025-03-28,2247.0,2296.0,2240.300048828125,2258.85009765625,2217.90771484375,2280152.0
2025-03-28,DATAPATTNS.NS,2025-03-28,1695.199951171875,1757.800048828125,1678.25,1689.949951171875,1684.8946533203125,617604.0
2025-03-28,LUPIN.NS,2025-03-28,2044.8499755859373,2044.8499755859373,1993.75,2027.949951171875,2015.4149169921875,828442.0
2025-03-28,POONAWALLA.NS,2025-03-28,,,,,,
2025-03-28,ASHOKLEY.NS,2025-03-28,104.9749984741211,105.0,101.77999877929688,102.11000061035156,99.65999603271484,20824092.0
2025-03-28,PRESTIGE.NS,2025-03-28,1217.9000244140625,1222.0,1169.199951171875,1184.4000244140625,1183.038330078125,736620.0
2025-03-28,TECHM.NS,2025-03-28,1415.0999755859375,1430.0,1408.550048828125,1418.25,1378.369140625,1642693.0
2025-03-28,INFY.NS,2025-03-28,1590.0,1598.449951171875,1560.0,1570.6500244140625,1525.5037841796875,6799047.0
2025-03-28,MON100.NS,2025-03-28,182.97000122070312,183.38999938964844,180.58999633789065,181.4499969482422,181.4499969482422,802957.0
2025-03-28,NAVINFLUOR.NS,2025-03-28,4253.10009765625,4381.0,4180.14990234375,4210.85009765625,4200.31005859375,187128.0
2025-03-28,RAILTEL.NS,2025-03-28,307.0,318.75,301.5,302.54998779296875,299.9931335449219,2651784.0
2025-03-28,INDIGO.NS,2025-03-28,5149.89990234375,5176.7998046875,5051.7998046875,5115.35009765625,5106.72021484375,951945.0
2025-03-28,HDFCBANK.NS,2025-03-28,914.5,918.0,902.9249877929688,914.0999755859376,901.908935546875,28773648.0
2025-03-28,KOTAKBANK.NS,2025-03-28,,,,,,
2025-03-28,OBEROIRLTY.NS,2025-03-28,1660.5999755859375,1665.0,1622.050048828125,1637.4000244140625,1631.566650390625,554131.0
2025-03-28,M&M.NS,2025-03-28,,,,,,
2025-03-28,AUROPHARMA.NS,2025-03-28,1165.0999755859375,1176.0,1148.449951171875,1160.5,1156.1600341796875,691447.0
2025-03-28,PVRINOX.NS,2025-03-28,939.0,949.0,907.0,912.5499877929688,912.5499877929688,511952.0
2025-03-28,MUTHOOTFIN.NS,2025-03-28,2360.0,2400.949951171875,2332.050048828125,2382.89990234375,2354.090087890625,972236.0
2025-03-28,MPHASIS.NS,2025-03-28,2518.0,2559.0,2477.10009765625,2500.199951171875,2451.22021484375,390216.0
2025-03-28,NESTLEIND.NS,2025-03-28,1121.5250244140625,1143.9749755859375,1121.5250244140625,1125.375,1120.6630859375,1432302.0
2025-03-28,INDUSTOWER.NS,2025-03-28,339.95001220703125,343.20001220703125,332.0,334.29998779296875,334.29998779296875,5874129.0
2025-03-28,SBICARD.NS,2025-03-28,830.0,884.5,830.0,881.0999755859375,881.0999755859375,2095957.0
2025-03-28,CESC.NS,2025-03-28,153.6999969482422,156.97000122070312,152.85000610351562,153.86000061035156,148.86048889160156,5447572.0
2025-03-28,TITAN.NS,2025-03-28,3094.0,3111.800048828125,3051.050048828125,3063.35009765625,3054.15869140625,778417.0
2025-03-28,CUMMINSIND.NS,2025-03-28,3019.0,3079.0,3001.14990234375,3051.85009765625,3023.33056640625,444898.0
2025-03-28,BAJFINANCE.NS,2025-03-28,899.760009765625,902.8900146484376,886.0999755859375,894.5599975585938,889.0739135742188,9770990.0
2025-03-28,MRF.NS,2025-03-28,113800.0,114397.0,112084.3515625,112677.75,112504.1171875,7320.0
2025-03-28,ONGC.NS,2025-03-28,243.44000244140625,254.8999938964844,243.25999450683597,246.3800048828125,239.22950744628903,32905564.0
2025-03-28,GOLDBEES.NS,2025-03-28,73.63999938964844,74.80000305175781,73.62999725341797,74.16000366210938,74.16000366210938,28472465.0
2025-03-28,BHARATFORG.NS,2025-03-28,,,,,,
2025-03-28,CONCOR.NS,2025-03-28,561.5999755859375,565.5999755859375,548.9600219726562,553.280029296875,547.5091552734375,2239613.0
2025-03-28,OIL.NS,2025-03-28,,,,,,
2025-03-28,DIXON.NS,2025-03-28,13516.0,13680.7998046875,13009.400390625,13179.5,13173.6376953125,430635.0
2025-03-28,DRREDDY.NS,2025-03-28,1159.25,1159.25,1140.75,1144.199951171875,1136.989013671875,2762934.0
2025-03-28,APOLLOTYRE.NS,2025-03-28,430.0499877929688,433.0499877929688,422.75,426.0499877929688,421.53912353515625,1445919.0
2025-03-28,BHARTIARTL.NS,2025-03-28,1733.300048828125,1745.75,1660.0,1733.4000244140625,1719.0291748046875,4133264.0
2025-03-28,LALPATHLAB.NS,2025-03-28,2487.75,2505.0,2460.0,2478.800048828125,2463.387451171875,87652.0
2025-03-28,SRF.NS,2025-03-28,2949.699951171875,2990.10009765625,2931.5,2939.14990234375,2935.3037109375,299741.0
2025-03-28,TATACOMM.NS,2025-03-28,1605.0,1620.0,1574.949951171875,1578.199951171875,1554.987060546875,444943.0
2025-03-28,CIPLA.NS,2025-03-28,1475.0,1478.6500244140625,1434.449951171875,1442.199951171875,1426.9566650390625,1495932.0
2025-03-28,BHEL.NS,2025-03-28,215.5399932861328,221.3000030517578,214.2100067138672,216.42999267578125,215.9761657714844,20677777.0
2025-03-28,BSOFT.NS,2025-03-28,395.0,402.25,385.4500122070313,387.7000122070313,381.6867065429688,2464995.0
2025-03-28,ZENSARTECH.NS,2025-03-28,691.0499877929688,721.8499755859375,690.5499877929688,700.8499755859375,691.7426147460938,2321370.0
2025-03-28,TATAELXSI.NS,2025-03-28,5398.0498046875,5437.0498046875,5200.0,5214.60009765625,5156.27099609375,529718.0
2025-03-28,GRSE.NS,2025-03-28,1708.0,1745.0,1674.0999755859375,1685.699951171875,1678.5885009765625,807872.0
2025-03-28,MAZDOCK.NS,2025-03-28,2724.0,2752.0,2633.699951171875,2643.800048828125,2632.662353515625,3032671.0
2025-03-28,TRIDENT.NS,2025-03-28,25.149999618530277,25.3799991607666,24.149999618530277,24.270000457763672,23.903715133666992,9012633.0
2025-03-28,MANAPPURAM.NS,2025-03-28,,,,,,
2025-03-28,IRCON.NS,2025-03-28,160.0,163.8000030517578,155.2100067138672,156.47999572753906,155.57418823242188,7525794.0
2025-03-28,RVNL.NS,2025-03-28,356.95001220703125,367.2000122070313,350.5,351.8500061035156,350.02056884765625,7134693.0
2025-03-28,NIFTYBEES.NS,2025-03-28,263.5299987792969,264.4800109863281,262.510009765625,263.2099914550781,263.2099914550781,8641606.0
